exceedance_probability,aggregate_loss,return_period
0.999,7623732.0,1.001001001001001
0.998,8276820.0,1.002004008016032
0.997,8555520.0,1.0030090270812437
0.996,8861652.0,1.0040160642570282
0.995,9104952.0,1.0050251256281406
0.994,9326040.0,1.0060362173038229
0.993,9494196.0,1.0070493454179255
0.992,9714948.0,1.0080645161290323
0.991,9793908.0,1.0090817356205852
0.99,9841284.0,1.0101010101010102
0.989,9974376.0,1.0111223458038423
0.988,10131960.0,1.0121457489878543
0.987,10225572.0,1.0131712259371835
0.986,10259496.0,1.0141987829614605
0.985,10259496.0,1.015228426395939
0.984,10259496.0,1.016260162601626
0.983,10306872.0,1.017293997965412
0.982,10475028.0,1.0183299389002036
0.981,10522404.0,1.019367991845056
0.98,10522404.0,1.0204081632653061
0.979,10694976.0,1.0214504596527068
0.978,10813080.0,1.0224948875255624
0.977,10813080.0,1.0235414534288638
0.976,10860456.0,1.0245901639344261
0.975,10860456.0,1.0256410256410258
0.974,10923288.0,1.026694045174538
0.973,11036172.0,1.027749229188078
0.972,11091444.0,1.02880658436214
0.971,11091444.0,1.0298661174047374
0.97,11091444.0,1.0309278350515465
0.969,11091444.0,1.0319917440660475
0.968,11137680.0,1.0330578512396695
0.967,11137680.0,1.0341261633919339
0.966,11240328.0,1.0351966873706004
0.965,11342640.0,1.0362694300518136
0.964,11342640.0,1.037344398340249
0.963,11382120.0,1.0384215991692627
0.962,11382120.0,1.0395010395010396
0.961,11618040.0,1.040582726326743
0.96,11665416.0,1.0416666666666667
0.959,11665416.0,1.0427528675703859
0.958,11665416.0,1.0438413361169103
0.957,11665416.0,1.044932079414838
0.956,11704896.0,1.0460251046025104
0.955,11778300.0,1.0471204188481675
0.954,11833572.0,1.0482180293501049
0.953,11833572.0,1.0493179433368311
0.952,11927184.0,1.050420168067227
0.951,11927184.0,1.0515247108307046
0.95,11927184.0,1.0526315789473684
0.949,11927184.0,1.053740779768177
0.948,11927184.0,1.0548523206751055
0.947,11966664.0,1.0559662090813096
0.946,12014040.0,1.0570824524312896
0.945,12014040.0,1.0582010582010584
0.944,12053520.0,1.0593220338983051
0.943,12053520.0,1.0604453870625663
0.942,12053520.0,1.0615711252653928
0.9410000000000001,12053520.0,1.0626992561105206
0.94,12171624.0,1.0638297872340425
0.9390000000000001,12171624.0,1.0649627263045793
0.938,12205548.0,1.0660980810234542
0.937,12245028.0,1.0672358591248665
0.9359999999999999,12245028.0,1.0683760683760684
0.935,12245028.0,1.06951871657754
0.9339999999999999,12245028.0,1.0706638115631693
0.933,12245028.0,1.0718113612004287
0.9319999999999999,12291264.0,1.072961373390558
0.931,12291264.0,1.0741138560687433
0.9299999999999999,12378120.0,1.0752688172043012
0.929,12440952.0,1.0764262648008611
0.928,12440952.0,1.0775862068965516
0.927,12440952.0,1.0787486515641855
0.926,12440952.0,1.079913606911447
0.925,12440952.0,1.081081081081081
0.924,12440952.0,1.0822510822510822
0.923,12480432.0,1.0834236186348862
0.922,12480432.0,1.0845986984815619
0.921,12480432.0,1.0857763300760044
0.92,12535704.0,1.0869565217391304
0.919,12535704.0,1.088139281828074
0.918,12535704.0,1.0893246187363834
0.917,12629316.0,1.0905125408942202
0.916,12663240.0,1.0917030567685588
0.915,12663240.0,1.0928961748633879
0.914,12663240.0,1.0940919037199124
0.913,12702720.0,1.095290251916758
0.912,12702720.0,1.0964912280701753
0.911,12742200.0,1.097694840834248
0.91,12742200.0,1.0989010989010988
0.909,12742200.0,1.1001100110011002
0.908,12805032.0,1.1013215859030836
0.907,12978120.0,1.1025358324145533
0.906,12978120.0,1.1037527593818983
0.905,12978120.0,1.1049723756906078
0.904,12978120.0,1.1061946902654867
0.903,12978120.0,1.1074197120708749
0.902,13025496.0,1.1086474501108647
0.901,13064976.0,1.1098779134295227
0.9,13064976.0,1.1111111111111112
0.899,13064976.0,1.1123470522803114
0.898,13064976.0,1.1135857461024499
0.897,13064976.0,1.1148272017837235
0.896,13064976.0,1.1160714285714286
0.895,13112352.0,1.1173184357541899
0.894,13151832.0,1.1185682326621924
0.893,13151832.0,1.1198208286674132
0.892,13151832.0,1.1210762331838564
0.891,13214664.0,1.122334455667789
0.89,13214664.0,1.1235955056179776
0.889,13269936.0,1.124859392575928
0.888,13269936.0,1.1261261261261262
0.887,13316172.0,1.1273957158962795
0.886,13316172.0,1.1286681715575622
0.885,13316172.0,1.1299435028248588
0.884,13397472.0,1.1312217194570136
0.883,13397472.0,1.1325028312570782
0.882,13397472.0,1.1337868480725624
0.881,13436952.0,1.1350737797956867
0.88,13436952.0,1.1363636363636365
0.879,13436952.0,1.1376564277588168
0.878,13436952.0,1.1389521640091116
0.877,13436952.0,1.1402508551881414
0.876,13436952.0,1.1415525114155252
0.875,13436952.0,1.1428571428571428
0.874,13436952.0,1.1441647597254005
0.873,13436952.0,1.145475372279496
0.872,13484328.0,1.146788990825688
0.871,13547160.0,1.148105625717566
0.87,13547160.0,1.1494252873563218
0.869,13547160.0,1.1507479861910241
0.868,13547160.0,1.1520737327188941
0.867,13547160.0,1.1534025374855825
0.866,13547160.0,1.1547344110854503
0.865,13547160.0,1.1560693641618498
0.864,13602432.0,1.1574074074074074
0.863,13641912.0,1.1587485515643106
0.862,13641912.0,1.160092807424594
0.861,13641912.0,1.1614401858304297
0.86,13641912.0,1.1627906976744187
0.859,13641912.0,1.1641443538998837
0.858,13641912.0,1.1655011655011656
0.857,13641912.0,1.1668611435239207
0.856,13681392.0,1.1682242990654206
0.855,13728768.0,1.1695906432748537
0.854,13728768.0,1.17096018735363
0.853,13728768.0,1.1723329425556859
0.852,13728768.0,1.1737089201877935
0.851,13728768.0,1.1750881316098707
0.85,13762692.0,1.1764705882352942
0.849,13762692.0,1.1778563015312131
0.848,13762692.0,1.179245283018868
0.847,13802172.0,1.1806375442739079
0.846,13802172.0,1.1820330969267139
0.845,13802172.0,1.183431952662722
0.844,13802172.0,1.1848341232227488
0.843,13802172.0,1.1862396204033214
0.842,13802172.0,1.187648456057007
0.841,13802172.0,1.1890606420927468
0.84,13865004.0,1.1904761904761905
0.839,13865004.0,1.1918951132300357
0.838,13911240.0,1.1933174224343677
0.837,14005992.0,1.1947431302270013
0.836,14005992.0,1.1961722488038278
0.835,14053368.0,1.1976047904191618
0.834,14053368.0,1.1990407673860912
0.833,14053368.0,1.2004801920768309
0.832,14053368.0,1.2019230769230769
0.831,14053368.0,1.203369434416366
0.83,14053368.0,1.2048192771084338
0.829,14226456.0,1.2062726176115803
0.8280000000000001,14226456.0,1.2077294685990336
0.827,14226456.0,1.2091898428053205
0.8260000000000001,14226456.0,1.2106537530266344
0.825,14226456.0,1.2121212121212122
0.8240000000000001,14226456.0,1.2135922330097086
0.823,14226456.0,1.2150668286755772
0.8220000000000001,14226456.0,1.21654501216545
0.821,14226456.0,1.218026796589525
0.8200000000000001,14226456.0,1.2195121951219512
0.819,14226456.0,1.221001221001221
0.8180000000000001,14226456.0,1.2224938875305622
0.817,14226456.0,1.2239902080783354
0.8160000000000001,14265936.0,1.2254901960784312
0.815,14265936.0,1.2269938650306749
0.8140000000000001,14299860.0,1.2285012285012284
0.813,14299860.0,1.2300123001230012
0.812,14299860.0,1.231527093596059
0.8109999999999999,14299860.0,1.2330456226880395
0.81,14299860.0,1.2345679012345678
0.8089999999999999,14299860.0,1.2360939431396787
0.808,14339340.0,1.2376237623762376
0.8069999999999999,14339340.0,1.2391573729863694
0.806,14386716.0,1.2406947890818858
0.8049999999999999,14386716.0,1.2422360248447206
0.804,14386716.0,1.243781094527363
0.8029999999999999,14386716.0,1.2453300124533002
0.802,14386716.0,1.2468827930174562
0.8009999999999999,14386716.0,1.2484394506866419
0.8,14386716.0,1.25
0.7989999999999999,14386716.0,1.2515644555694618
0.798,14386716.0,1.2531328320802004
0.7969999999999999,14449548.0,1.2547051442910917
0.796,14449548.0,1.2562814070351758
0.795,14449548.0,1.2578616352201257
0.794,14449548.0,1.2594458438287153
0.793,14504820.0,1.2610340479192939
0.792,14551056.0,1.2626262626262625
0.791,14551056.0,1.2642225031605563
0.79,14551056.0,1.2658227848101264
0.789,14551056.0,1.2674271229404308
0.788,14630016.0,1.2690355329949239
0.787,14630016.0,1.2706480304955527
0.786,14630016.0,1.272264631043257
0.785,14630016.0,1.2738853503184713
0.784,14630016.0,1.2755102040816326
0.783,14630016.0,1.277139208173691
0.782,14630016.0,1.278772378516624
0.781,14630016.0,1.2804097311139564
0.78,14630016.0,1.282051282051282
0.779,14630016.0,1.2836970474967908
0.778,14630016.0,1.2853470437017995
0.777,14630016.0,1.287001287001287
0.776,14630016.0,1.2886597938144329
0.775,14630016.0,1.2903225806451613
0.774,14630016.0,1.2919896640826873
0.773,14630016.0,1.2936610608020698
0.772,14677392.0,1.2953367875647668
0.771,14740224.0,1.297016861219196
0.77,14774148.0,1.2987012987012987
0.769,14774148.0,1.3003901170351104
0.768,14829420.0,1.3020833333333333
0.767,14829420.0,1.303780964797914
0.766,14829420.0,1.3054830287206267
0.765,14829420.0,1.3071895424836601
0.764,14829420.0,1.3089005235602094
0.763,14829420.0,1.310615989515072
0.762,14829420.0,1.3123359580052494
0.761,14829420.0,1.314060446780552
0.76,14829420.0,1.3157894736842106
0.759,14829420.0,1.3175230566534915
0.758,14829420.0,1.3192612137203166
0.757,14868900.0,1.321003963011889
0.756,14868900.0,1.3227513227513228
0.755,14908380.0,1.3245033112582782
0.754,14954616.0,1.3262599469496021
0.753,14954616.0,1.3280212483399734
0.752,14954616.0,1.3297872340425532
0.751,14954616.0,1.3315579227696406
0.75,14954616.0,1.3333333333333333
0.749,14954616.0,1.335113484646195
0.748,14954616.0,1.3368983957219251
0.747,14954616.0,1.3386880856760375
0.746,14954616.0,1.3404825737265416
0.745,15001992.0,1.342281879194631
0.744,15001992.0,1.3440860215053763
0.743,15064824.0,1.3458950201884252
0.742,15112200.0,1.3477088948787062
0.741,15112200.0,1.349527665317139
0.74,15112200.0,1.3513513513513513
0.739,15112200.0,1.3531799729364005
0.738,15112200.0,1.3550135501355014
0.737,15112200.0,1.3568521031207599
0.736,15112200.0,1.358695652173913
0.735,15112200.0,1.3605442176870748
0.734,15151680.0,1.3623978201634879
0.733,15206952.0,1.364256480218281
0.732,15206952.0,1.366120218579235
0.731,15246432.0,1.3679890560875514
0.73,15246432.0,1.36986301369863
0.729,15246432.0,1.3717421124828533
0.728,15246432.0,1.3736263736263736
0.727,15246432.0,1.375515818431912
0.726,15246432.0,1.3774104683195594
0.725,15246432.0,1.3793103448275863
0.724,15246432.0,1.3812154696132597
0.723,15419520.0,1.3831258644536653
0.722,15419520.0,1.3850415512465375
0.721,15419520.0,1.3869625520110958
0.72,15419520.0,1.3888888888888888
0.719,15453444.0,1.3908205841446455
0.718,15453444.0,1.392757660167131
0.7170000000000001,15516276.0,1.3947001394700138
0.716,15516276.0,1.3966480446927374
0.7150000000000001,15516276.0,1.3986013986013985
0.714,15516276.0,1.400560224089636
0.7130000000000001,15516276.0,1.4025245441795229
0.712,15555756.0,1.404494382022472
0.7110000000000001,15601992.0,1.4064697609001404
0.71,15601992.0,1.4084507042253522
0.7090000000000001,15601992.0,1.4104372355430181
0.708,15601992.0,1.4124293785310735
0.7070000000000001,15601992.0,1.4144271570014142
0.706,15649368.0,1.41643059490085
0.7050000000000001,15649368.0,1.4184397163120566
0.704,15649368.0,1.4204545454545456
0.7030000000000001,15649368.0,1.422475106685633
0.702,15649368.0,1.4245014245014247
0.7010000000000001,15649368.0,1.426533523537803
0.7,15649368.0,1.4285714285714286
0.6990000000000001,15688848.0,1.4306151645207439
0.698,15688848.0,1.4326647564469914
0.6970000000000001,15688848.0,1.4347202295552366
0.696,15688848.0,1.4367816091954024
0.6950000000000001,15688848.0,1.4388489208633093
0.694,15688848.0,1.4409221902017293
0.6930000000000001,15688848.0,1.4430014430014428
0.692,15688848.0,1.4450867052023122
0.6910000000000001,15688848.0,1.447178002894356
0.69,15688848.0,1.4492753623188408
0.6890000000000001,15688848.0,1.4513788098693758
0.688,15688848.0,1.4534883720930234
0.687,15688848.0,1.455604075691412
0.6859999999999999,15688848.0,1.457725947521866
0.685,15744120.0,1.4598540145985401
0.6839999999999999,15783600.0,1.4619883040935673
0.683,15783600.0,1.4641288433382136
0.6819999999999999,15783600.0,1.466275659824047
0.681,15783600.0,1.4684287812041115
0.6799999999999999,15783600.0,1.4705882352941178
0.679,15783600.0,1.4727540500736376
0.6779999999999999,15783600.0,1.4749262536873158
0.677,15783600.0,1.4771048744460855
0.6759999999999999,15783600.0,1.4792899408284026
0.675,15783600.0,1.4814814814814814
0.6739999999999999,15830976.0,1.483679525222552
0.673,15893808.0,1.4858841010401187
0.6719999999999999,15893808.0,1.4880952380952384
0.671,15893808.0,1.4903129657228018
0.6699999999999999,15893808.0,1.492537313432836
0.669,15893808.0,1.4947683109118086
0.6679999999999999,15933288.0,1.4970059880239523
0.667,15933288.0,1.4992503748125936
0.6659999999999999,15933288.0,1.5015015015015016
0.665,15933288.0,1.5037593984962405
0.6639999999999999,15933288.0,1.5060240963855422
0.663,15933288.0,1.5082956259426847
0.6619999999999999,15967212.0,1.5105740181268883
0.661,15967212.0,1.51285930408472
0.6599999999999999,15967212.0,1.5151515151515154
0.659,15967212.0,1.5174506828528072
0.6579999999999999,15967212.0,1.5197568389057752
0.657,15967212.0,1.5220700152207
0.656,15967212.0,1.524390243902439
0.655,15967212.0,1.5267175572519083
0.654,16022484.0,1.529051987767584
0.653,16022484.0,1.5313935681470137
0.652,16068720.0,1.5337423312883436
0.651,16068720.0,1.5360983102918586
0.65,16108200.0,1.5384615384615383
0.649,16108200.0,1.5408320493066254
0.648,16108200.0,1.5432098765432098
0.647,16108200.0,1.5455950540958268
0.646,16108200.0,1.547987616099071
0.645,16108200.0,1.5503875968992247
0.644,16108200.0,1.5527950310559007
0.643,16108200.0,1.5552099533437014
0.642,16108200.0,1.557632398753894
0.641,16108200.0,1.5600624024960998
0.64,16108200.0,1.5625
0.639,16108200.0,1.5649452269170578
0.638,16155576.0,1.567398119122257
0.637,16155576.0,1.5698587127158556
0.636,16155576.0,1.572327044025157
0.635,16155576.0,1.574803149606299
0.634,16155576.0,1.5772870662460567
0.633,16195056.0,1.5797788309636651
0.632,16195056.0,1.5822784810126582
0.631,16195056.0,1.5847860538827259
0.63,16257888.0,1.5873015873015872
0.629,16257888.0,1.589825119236884
0.628,16257888.0,1.5923566878980893
0.627,16257888.0,1.594896331738437
0.626,16257888.0,1.597444089456869
0.625,16257888.0,1.6
0.624,16257888.0,1.6025641025641026
0.623,16257888.0,1.6051364365971108
0.622,16297368.0,1.607717041800643
0.621,16315312.016032066,1.6103059581320451
0.62,16315312.016032066,1.6129032258064517
0.619,16344744.0,1.6155088852988693
0.618,16344744.0,1.6181229773462784
0.617,16344744.0,1.6207455429497568
0.616,16344744.0,1.6233766233766234
0.615,16344744.0,1.6260162601626016
0.614,16344744.0,1.6286644951140066
0.613,16344744.0,1.6313213703099512
0.612,16344744.0,1.6339869281045751
0.611,16344744.0,1.6366612111292962
0.61,16344744.0,1.639344262295082
0.609,16344744.0,1.6420361247947455
0.608,16400016.0,1.6447368421052633
0.607,16400016.0,1.6474464579901154
0.606,16433940.0,1.6501650165016502
0.605,16433940.0,1.6528925619834711
0.604,16481316.0,1.6556291390728477
0.603,16527552.0,1.658374792703151
0.602,16527552.0,1.6611295681063123
0.601,16567032.0,1.663893510815308
0.6,16629864.0,1.6666666666666667
0.599,16802952.0,1.669449081803005
0.598,16802952.0,1.6722408026755853
0.597,16802952.0,1.6750418760469012
0.596,16802952.0,1.6778523489932886
0.595,16802952.0,1.680672268907563
0.594,16802952.0,1.6835016835016836
0.593,16802952.0,1.6863406408094437
0.5920000000000001,16802952.0,1.689189189189189
0.591,16802952.0,1.6920473773265652
0.5900000000000001,16802952.0,1.6949152542372878
0.589,16802952.0,1.697792869269949
0.5880000000000001,16802952.0,1.7006802721088432
0.587,16802952.0,1.7035775127768313
0.5860000000000001,16802952.0,1.706484641638225
0.585,16802952.0,1.7094017094017095
0.5840000000000001,16802952.0,1.7123287671232874
0.583,16802952.0,1.7152658662092626
0.5820000000000001,16802952.0,1.7182130584192439
0.581,16802952.0,1.721170395869191
0.5800000000000001,16802952.0,1.7241379310344827
0.579,16842432.0,1.7271157167530227
0.5780000000000001,16842432.0,1.7301038062283736
0.577,16842432.0,1.733102253032929
0.5760000000000001,16842432.0,1.736111111111111
0.575,16842432.0,1.7391304347826089
0.5740000000000001,16905264.0,1.7421602787456445
0.573,16905264.0,1.7452006980802794
0.5720000000000001,16905264.0,1.7482517482517481
0.571,16905264.0,1.7513134851138354
0.5700000000000001,16905264.0,1.7543859649122806
0.569,16905264.0,1.7574692442882252
0.5680000000000001,16952640.0,1.76056338028169
0.567,16952640.0,1.7636684303350971
0.5660000000000001,16952640.0,1.7667844522968197
0.565,16952640.0,1.7699115044247788
0.5640000000000001,16952640.0,1.7730496453900708
0.563,16992120.0,1.7761989342806397
0.562,16992120.0,1.779359430604982
0.5609999999999999,16992120.0,1.7825311942959003
0.56,16992120.0,1.7857142857142856
0.5589999999999999,16992120.0,1.7889087656529519
0.558,16992120.0,1.7921146953405016
0.5569999999999999,17047392.0,1.7953321364452426
0.556,17081316.0,1.7985611510791366
0.5549999999999999,17081316.0,1.801801801801802
0.554,17081316.0,1.8050541516245486
0.5529999999999999,17081316.0,1.8083182640144668
0.552,17081316.0,1.8115942028985506
0.5509999999999999,17081316.0,1.8148820326678767
0.55,17081316.0,1.8181818181818181
0.5489999999999999,17081316.0,1.8214936247723135
0.548,17081316.0,1.824817518248175
0.5469999999999999,17127552.0,1.8281535648994518
0.546,17167032.0,1.8315018315018314
0.5449999999999999,17167032.0,1.8348623853211012
0.544,17167032.0,1.838235294117647
0.5429999999999999,17167032.0,1.841620626151013
0.542,17167032.0,1.8450184501845017
0.5409999999999999,17167032.0,1.848428835489834
0.54,17167032.0,1.8518518518518516
0.5389999999999999,17214408.0,1.8552875695732842
0.538,17214408.0,1.858736059479554
0.5369999999999999,17214408.0,1.8621973929236502
0.536,17214408.0,1.8656716417910446
0.5349999999999999,17214408.0,1.869158878504673
0.534,17214408.0,1.8726591760299625
0.5329999999999999,17214408.0,1.8761726078799252
0.532,17214408.0,1.8796992481203008
0.531,17277240.0,1.8832391713747645
0.53,17316720.0,1.8867924528301885
0.529,17316720.0,1.8903591682419658
0.528,17316720.0,1.8939393939393938
0.527,17316720.0,1.8975332068311195
0.526,17316720.0,1.9011406844106462
0.525,17316720.0,1.9047619047619047
0.524,17316720.0,1.9083969465648853
0.523,17316720.0,1.9120458891013383
0.522,17316720.0,1.9157088122605364
0.521,17316720.0,1.9193857965451055
0.52,17316720.0,1.923076923076923
0.519,17316720.0,1.9267822736030829
0.518,17316720.0,1.9305019305019304
0.517,17316720.0,1.9342359767891681
0.516,17316720.0,1.937984496124031
0.515,17316720.0,1.941747572815534
0.514,17316720.0,1.9455252918287937
0.513,17316720.0,1.949317738791423
0.512,17316720.0,1.953125
0.511,17316720.0,1.9569471624266144
0.51,17316720.0,1.9607843137254901
0.509,17316720.0,1.9646365422396856
0.508,17371992.0,1.968503937007874
0.507,17411472.0,1.9723865877712032
0.506,17411472.0,1.976284584980237
0.505,17484876.0,1.9801980198019802
0.504,17484876.0,1.9841269841269842
0.503,17484876.0,1.9880715705765408
0.502,17484876.0,1.9920318725099602
0.501,17532252.0,1.996007984031936
0.5,17532252.0,2.0
0.499,17532252.0,2.004008016032064
0.498,17578488.0,2.0080321285140563
0.497,17578488.0,2.0120724346076457
0.496,17578488.0,2.0161290322580645
0.495,17578488.0,2.0202020202020203
0.494,17578488.0,2.0242914979757085
0.493,17578488.0,2.028397565922921
0.492,17578488.0,2.032520325203252
0.491,17578488.0,2.0366598778004072
0.49,17578488.0,2.0408163265306123
0.489,17578488.0,2.044989775051125
0.488,17578488.0,2.0491803278688523
0.487,17641320.0,2.053388090349076
0.486,17641320.0,2.05761316872428
0.485,17641320.0,2.061855670103093
0.484,17641320.0,2.066115702479339
0.483,17641320.0,2.070393374741201
0.482,17641320.0,2.074688796680498
0.481,17641320.0,2.079002079002079
0.48,17641320.0,2.0833333333333335
0.479,17641320.0,2.0876826722338206
0.478,17641320.0,2.092050209205021
0.477,17696592.0,2.0964360587002098
0.476,17696592.0,2.100840336134454
0.475,17696592.0,2.1052631578947367
0.474,17696592.0,2.109704641350211
0.473,17869680.0,2.1141649048625792
0.472,17869680.0,2.1186440677966103
0.471,17909160.0,2.1231422505307855
0.47,17909160.0,2.127659574468085
0.469,17909160.0,2.1321961620469083
0.46799999999999997,17909160.0,2.1367521367521367
0.46699999999999997,17909160.0,2.1413276231263385
0.46599999999999997,17909160.0,2.145922746781116
0.46499999999999997,17909160.0,2.1505376344086025
0.46399999999999997,17909160.0,2.1551724137931036
0.46299999999999997,17909160.0,2.1598272138228944
0.46199999999999997,17909160.0,2.1645021645021645
0.46099999999999997,17909160.0,2.1691973969631237
0.45999999999999996,17956536.0,2.173913043478261
0.45899999999999996,18003912.0,2.178649237472767
0.45799999999999996,18043392.0,2.183406113537118
0.45699999999999996,18043392.0,2.188183807439825
0.45599999999999996,18043392.0,2.192982456140351
0.45499999999999996,18043392.0,2.197802197802198
0.45399999999999996,18043392.0,2.2026431718061676
0.45299999999999996,18043392.0,2.207505518763797
0.45199999999999996,18043392.0,2.212389380530974
0.45099999999999996,18043392.0,2.21729490022173
0.44999999999999996,18043392.0,2.2222222222222223
0.44899999999999995,18043392.0,2.2271714922049
0.44799999999999995,18043392.0,2.232142857142857
0.44699999999999995,18043392.0,2.237136465324385
0.44599999999999995,18043392.0,2.2421524663677133
0.44499999999999995,18077316.0,2.247191011235955
0.44399999999999995,18077316.0,2.2522522522522523
0.44299999999999995,18077316.0,2.2573363431151243
0.44199999999999995,18077316.0,2.2624434389140275
0.44099999999999995,18077316.0,2.267573696145125
0.43999999999999995,18123552.0,2.272727272727273
0.43899999999999995,18123552.0,2.2779043280182236
0.43799999999999994,18178824.0,2.2831050228310503
0.43700000000000006,18241656.0,2.2883295194508007
0.43600000000000005,18281136.0,2.2935779816513757
0.43500000000000005,18281136.0,2.2988505747126435
0.43400000000000005,18281136.0,2.304147465437788
0.43300000000000005,18281136.0,2.3094688221709005
0.43200000000000005,18281136.0,2.3148148148148144
0.43100000000000005,18281136.0,2.3201856148491875
0.43000000000000005,18281136.0,2.325581395348837
0.42900000000000005,18281136.0,2.3310023310023307
0.42800000000000005,18328512.0,2.3364485981308407
0.42700000000000005,18328512.0,2.34192037470726
0.42600000000000005,18328512.0,2.3474178403755865
0.42500000000000004,18328512.0,2.352941176470588
0.42400000000000004,18367992.0,2.3584905660377355
0.42300000000000004,18367992.0,2.3640661938534278
0.42200000000000004,18367992.0,2.3696682464454972
0.42100000000000004,18367992.0,2.375296912114014
0.42000000000000004,18367992.0,2.380952380952381
0.41900000000000004,18367992.0,2.386634844868735
0.41800000000000004,18367992.0,2.392344497607655
0.41700000000000004,18367992.0,2.398081534772182
0.41600000000000004,18367992.0,2.4038461538461537
0.41500000000000004,18367992.0,2.4096385542168672
0.41400000000000003,18367992.0,2.4154589371980673
0.41300000000000003,18367992.0,2.4213075060532687
0.41200000000000003,18367992.0,2.4271844660194173
0.41100000000000003,18367992.0,2.4330900243309
0.41000000000000003,18407472.0,2.4390243902439024
0.40900000000000003,18407472.0,2.4449877750611244
0.40800000000000003,18470304.0,2.4509803921568625
0.40700000000000003,18470304.0,2.457002457002457
0.406,18470304.0,2.463054187192118
0.405,18470304.0,2.4691358024691357
0.404,18470304.0,2.4752475247524752
0.403,18470304.0,2.4813895781637716
0.402,18470304.0,2.487562189054726
0.401,18470304.0,2.4937655860349124
0.4,18470304.0,2.5
0.399,18470304.0,2.506265664160401
0.398,18470304.0,2.5125628140703515
0.397,18470304.0,2.5188916876574305
0.396,18470304.0,2.525252525252525
0.395,18517680.0,2.531645569620253
0.394,18557160.0,2.5380710659898478
0.393,18557160.0,2.544529262086514
0.392,18557160.0,2.5510204081632653
0.391,18591084.0,2.557544757033248
0.39,18637320.0,2.564102564102564
0.389,18637320.0,2.570694087403599
0.388,18637320.0,2.5773195876288657
0.387,18692592.0,2.5839793281653747
0.386,18692592.0,2.5906735751295336
0.385,18692592.0,2.5974025974025974
0.384,18732072.0,2.6041666666666665
0.383,18732072.0,2.6109660574412534
0.382,18732072.0,2.6178010471204187
0.381,18732072.0,2.6246719160104988
0.38,18732072.0,2.6315789473684212
0.379,18794904.0,2.638522427440633
0.378,18794904.0,2.6455026455026456
0.377,18794904.0,2.6525198938992043
0.376,18794904.0,2.6595744680851063
0.375,18794904.0,2.6666666666666665
0.374,18794904.0,2.6737967914438503
0.373,18794904.0,2.680965147453083
0.372,18794904.0,2.6881720430107525
0.371,18794904.0,2.6954177897574123
0.37,18794904.0,2.7027027027027026
0.369,18794904.0,2.710027100271003
0.368,18794904.0,2.717391304347826
0.367,18794904.0,2.7247956403269757
0.366,18794904.0,2.73224043715847
0.365,18794904.0,2.73972602739726
0.364,18794904.0,2.7472527472527473
0.363,18834384.0,2.7548209366391188
0.362,19007472.0,2.7624309392265194
0.361,19007472.0,2.770083102493075
0.36,19007472.0,2.7777777777777777
0.359,19007472.0,2.785515320334262
0.358,19007472.0,2.793296089385475
0.357,19007472.0,2.801120448179272
0.356,19007472.0,2.808988764044944
0.355,19007472.0,2.8169014084507045
0.354,19054848.0,2.824858757062147
0.353,19054848.0,2.8328611898017
0.352,19054848.0,2.8409090909090913
0.351,19054848.0,2.8490028490028494
0.35,19054848.0,2.857142857142857
0.349,19140564.0,2.865329512893983
0.348,19203396.0,2.873563218390805
0.347,19258668.0,2.8818443804034586
0.346,19258668.0,2.8901734104046244
0.345,19258668.0,2.8985507246376816
0.344,19258668.0,2.906976744186047
0.34299999999999997,19258668.0,2.915451895043732
0.34199999999999997,19292592.0,2.9239766081871346
0.34099999999999997,19292592.0,2.932551319648094
0.33999999999999997,19292592.0,2.9411764705882355
0.33899999999999997,19292592.0,2.9498525073746316
0.33799999999999997,19292592.0,2.958579881656805
0.33699999999999997,19292592.0,2.967359050445104
0.33599999999999997,19292592.0,2.9761904761904767
0.33499999999999996,19292592.0,2.985074626865672
0.33399999999999996,19292592.0,2.9940119760479047
0.33299999999999996,19292592.0,3.0030030030030033
0.33199999999999996,19339968.0,3.0120481927710845
0.33099999999999996,19339968.0,3.0211480362537766
0.32999999999999996,19339968.0,3.0303030303030307
0.32899999999999996,19339968.0,3.0395136778115504
0.32799999999999996,19339968.0,3.0487804878048785
0.32699999999999996,19339968.0,3.0581039755351687
0.32599999999999996,19379448.0,3.0674846625766876
0.32499999999999996,19379448.0,3.0769230769230775
0.32399999999999995,19379448.0,3.08641975308642
0.32299999999999995,19379448.0,3.095975232198143
0.32199999999999995,19379448.0,3.1055900621118018
0.32099999999999995,19379448.0,3.1152647975077885
0.31999999999999995,19379448.0,3.1250000000000004
0.31899999999999995,19379448.0,3.1347962382445145
0.31799999999999995,19379448.0,3.144654088050315
0.31699999999999995,19379448.0,3.154574132492114
0.31599999999999995,19489656.0,3.164556962025317
0.31499999999999995,19489656.0,3.1746031746031753
0.31399999999999995,19489656.0,3.184713375796179
0.31299999999999994,19489656.0,3.1948881789137387
0.31200000000000006,19529136.0,3.2051282051282044
0.31100000000000005,19529136.0,3.2154340836012856
0.31000000000000005,19529136.0,3.2258064516129026
0.30900000000000005,19529136.0,3.236245954692556
0.30800000000000005,19529136.0,3.2467532467532463
0.30700000000000005,19529136.0,3.2573289902280127
0.30600000000000005,19529136.0,3.26797385620915
0.30500000000000005,19529136.0,3.2786885245901636
0.30400000000000005,19529136.0,3.2894736842105257
0.30300000000000005,19529136.0,3.3003300330033
0.30200000000000005,19563060.0,3.311258278145695
0.30100000000000005,19563060.0,3.322259136212624
0.30000000000000004,19618332.0,3.333333333333333
0.29900000000000004,19618332.0,3.34448160535117
0.29800000000000004,19664568.0,3.355704697986577
0.29700000000000004,19704048.0,3.3670033670033663
0.29600000000000004,19704048.0,3.378378378378378
0.29500000000000004,19704048.0,3.3898305084745757
0.29400000000000004,19766880.0,3.4013605442176864
0.29300000000000004,19766880.0,3.41296928327645
0.29200000000000004,19766880.0,3.424657534246575
0.29100000000000004,19766880.0,3.4364261168384878
0.29000000000000004,19766880.0,3.4482758620689653
0.28900000000000003,19766880.0,3.460207612456747
0.28800000000000003,19766880.0,3.472222222222222
0.28700000000000003,19766880.0,3.484320557491289
0.28600000000000003,19814256.0,3.4965034965034962
0.28500000000000003,19814256.0,3.508771929824561
0.28400000000000003,19814256.0,3.52112676056338
0.28300000000000003,19814256.0,3.5335689045936394
0.28200000000000003,19814256.0,3.5460992907801416
0.281,19814256.0,3.558718861209964
0.28,19814256.0,3.571428571428571
0.279,19853736.0,3.584229390681003
0.278,19853736.0,3.597122302158273
0.277,20026824.0,3.6101083032490973
0.276,20026824.0,3.623188405797101
0.275,20026824.0,3.6363636363636362
0.274,20026824.0,3.64963503649635
0.273,20026824.0,3.663003663003663
0.272,20026824.0,3.676470588235294
0.271,20026824.0,3.6900369003690034
0.27,20026824.0,3.7037037037037033
0.269,20066304.0,3.717472118959108
0.268,20066304.0,3.731343283582089
0.267,20066304.0,3.745318352059925
0.266,20066304.0,3.7593984962406015
0.265,20121576.0,3.773584905660377
0.264,20121576.0,3.7878787878787876
0.263,20168952.0,3.8022813688212924
0.262,20215188.0,3.8167938931297707
0.261,20215188.0,3.8314176245210727
0.26,20249112.0,3.846153846153846
0.259,20249112.0,3.861003861003861
0.258,20249112.0,3.875968992248062
0.257,20249112.0,3.8910505836575875
0.256,20249112.0,3.90625
0.255,20249112.0,3.9215686274509802
0.254,20249112.0,3.937007874015748
0.253,20249112.0,3.952569169960474
0.252,20249112.0,3.9682539682539684
0.251,20311944.0,3.9840637450199203
0.25,20311944.0,4.0
0.249,20311944.0,4.016064257028113
0.248,20311944.0,4.032258064516129
0.247,20311944.0,4.048582995951417
0.246,20311944.0,4.065040650406504
0.245,20351424.0,4.081632653061225
0.244,20351424.0,4.098360655737705
0.243,20351424.0,4.11522633744856
0.242,20351424.0,4.132231404958678
0.241,20351424.0,4.149377593360996
0.24,20390904.0,4.166666666666667
0.239,20390904.0,4.184100418410042
0.238,20390904.0,4.201680672268908
0.237,20390904.0,4.219409282700422
0.236,20438280.0,4.237288135593221
0.235,20438280.0,4.25531914893617
0.23399999999999999,20485656.0,4.273504273504273
0.23299999999999998,20485656.0,4.291845493562232
0.23199999999999998,20485656.0,4.310344827586207
0.23099999999999998,20485656.0,4.329004329004329
0.22999999999999998,20485656.0,4.347826086956522
0.22899999999999998,20485656.0,4.366812227074236
0.22799999999999998,20525136.0,4.385964912280702
0.22699999999999998,20525136.0,4.405286343612335
0.22599999999999998,20525136.0,4.424778761061948
0.22499999999999998,20525136.0,4.444444444444445
0.22399999999999998,20525136.0,4.464285714285714
0.22299999999999998,20525136.0,4.4843049327354265
0.22199999999999998,20525136.0,4.504504504504505
0.22099999999999997,20587968.0,4.524886877828055
0.21999999999999997,20643240.0,4.545454545454546
0.21899999999999997,20643240.0,4.566210045662101
0.21799999999999997,20682720.0,4.587155963302753
0.21699999999999997,20728956.0,4.6082949308755765
0.21599999999999997,20728956.0,4.629629629629631
0.21499999999999997,20762880.0,4.651162790697675
0.21399999999999997,20762880.0,4.672897196261683
0.21299999999999997,20762880.0,4.694835680751175
0.21199999999999997,20762880.0,4.716981132075473
0.21099999999999997,20762880.0,4.739336492890996
0.20999999999999996,20762880.0,4.761904761904763
0.20899999999999996,20762880.0,4.784688995215312
0.20799999999999996,20802360.0,4.807692307692308
0.20699999999999996,20802360.0,4.830917874396136
0.20599999999999996,20802360.0,4.8543689320388355
0.20499999999999996,20802360.0,4.878048780487806
0.20399999999999996,20802360.0,4.901960784313727
0.20299999999999996,20802360.0,4.9261083743842375
0.20199999999999996,20849736.0,4.950495049504951
0.20099999999999996,20849736.0,4.975124378109454
0.19999999999999996,20849736.0,5.000000000000001
0.19899999999999995,20849736.0,5.025125628140705
0.19799999999999995,21022824.0,5.050505050505052
0.19699999999999995,21022824.0,5.076142131979696
0.19599999999999995,21022824.0,5.102040816326532
0.19499999999999995,21085656.0,5.1282051282051295
0.19399999999999995,21085656.0,5.154639175257733
0.19299999999999995,21085656.0,5.181347150259069
0.19199999999999995,21125136.0,5.208333333333335
0.19099999999999995,21125136.0,5.235602094240839
0.18999999999999995,21125136.0,5.263157894736843
0.18899999999999995,21125136.0,5.291005291005293
0.18799999999999994,21125136.0,5.3191489361702144
0.18700000000000006,21125136.0,5.347593582887699
0.18600000000000005,21125136.0,5.376344086021504
0.18500000000000005,21125136.0,5.4054054054054035
0.18400000000000005,21164616.0,5.4347826086956506
0.18300000000000005,21219888.0,5.464480874316938
0.18200000000000005,21267264.0,5.494505494505493
0.18100000000000005,21267264.0,5.524861878453037
0.18000000000000005,21267264.0,5.5555555555555545
0.17900000000000005,21267264.0,5.586592178770948
0.17800000000000005,21313500.0,5.617977528089886
0.17700000000000005,21313500.0,5.649717514124292
0.17600000000000005,21313500.0,5.681818181818181
0.17500000000000004,21313500.0,5.714285714285713
0.17400000000000004,21376332.0,5.747126436781608
0.17300000000000004,21376332.0,5.780346820809247
0.17200000000000004,21376332.0,5.813953488372092
0.17100000000000004,21376332.0,5.847953216374267
0.17000000000000004,21376332.0,5.882352941176469
0.16900000000000004,21376332.0,5.917159763313608
0.16800000000000004,21415812.0,5.952380952380951
0.16700000000000004,21415812.0,5.988023952095807
0.16600000000000004,21449736.0,6.024096385542167
0.16500000000000004,21497112.0,6.06060606060606
0.16400000000000003,21497112.0,6.097560975609754
0.16300000000000003,21497112.0,6.134969325153373
0.16200000000000003,21536592.0,6.1728395061728385
0.16100000000000003,21536592.0,6.211180124223601
0.16000000000000003,21536592.0,6.249999999999999
0.15900000000000003,21536592.0,6.2893081761006275
0.15800000000000003,21536592.0,6.329113924050632
0.15700000000000003,21536592.0,6.369426751592355
0.15600000000000003,21536592.0,6.410256410256409
0.15500000000000003,21536592.0,6.451612903225805
0.15400000000000003,21591864.0,6.493506493506493
0.15300000000000002,21591864.0,6.5359477124183
0.15200000000000002,21654696.0,6.578947368421051
0.15100000000000002,21654696.0,6.62251655629139
0.15000000000000002,21654696.0,6.666666666666666
0.14900000000000002,21654696.0,6.711409395973154
0.14800000000000002,21702072.0,6.756756756756756
0.14700000000000002,21782232.0,6.802721088435373
0.14600000000000002,21782232.0,6.84931506849315
0.14500000000000002,21782232.0,6.896551724137931
0.14400000000000002,21829608.0,6.944444444444444
0.14300000000000002,21829608.0,6.9930069930069925
0.14200000000000002,21829608.0,7.04225352112676
0.14100000000000001,21869088.0,7.092198581560283
0.14,21869088.0,7.142857142857142
0.139,21869088.0,7.194244604316546
0.138,21869088.0,7.246376811594202
0.137,21908568.0,7.2992700729927
0.136,21908568.0,7.352941176470588
0.135,22081656.0,7.4074074074074066
0.134,22081656.0,7.462686567164178
0.133,22081656.0,7.518796992481203
0.132,22144488.0,7.575757575757575
0.131,22144488.0,7.633587786259541
0.13,22199760.0,7.692307692307692
0.129,22199760.0,7.751937984496124
0.128,22199760.0,7.8125
0.127,22199760.0,7.874015748031496
0.126,22199760.0,7.936507936507937
0.125,22247136.0,8.0
0.124,22247136.0,8.064516129032258
0.123,22281060.0,8.130081300813009
0.122,22320540.0,8.19672131147541
0.121,22366776.0,8.264462809917356
0.12,22366776.0,8.333333333333334
0.119,22406256.0,8.403361344537815
0.118,22406256.0,8.474576271186441
0.11699999999999999,22406256.0,8.547008547008547
0.11599999999999999,22406256.0,8.620689655172415
0.11499999999999999,22406256.0,8.695652173913045
0.11399999999999999,22406256.0,8.771929824561404
0.11299999999999999,22445736.0,8.849557522123895
0.11199999999999999,22508568.0,8.928571428571429
0.11099999999999999,22508568.0,9.00900900900901
0.10999999999999999,22563840.0,9.090909090909092
0.10899999999999999,22563840.0,9.174311926605506
0.10799999999999998,22563840.0,9.259259259259261
0.10699999999999998,22563840.0,9.345794392523366
0.10599999999999998,22563840.0,9.433962264150946
0.10499999999999998,22610076.0,9.523809523809526
0.10399999999999998,22610076.0,9.615384615384617
0.10299999999999998,22610076.0,9.708737864077671
0.10199999999999998,22696932.0,9.803921568627453
0.10099999999999998,22696932.0,9.900990099009903
0.09999999999999998,22730856.0,10.000000000000002
0.09899999999999998,22730856.0,10.101010101010104
0.09799999999999998,22730856.0,10.204081632653065
0.09699999999999998,22770336.0,10.309278350515466
0.09599999999999997,22770336.0,10.41666666666667
0.09499999999999997,22770336.0,10.526315789473687
0.09399999999999997,22770336.0,10.638297872340429
0.09299999999999997,23006256.0,10.752688172043014
0.09199999999999997,23006256.0,10.869565217391308
0.09099999999999997,23045736.0,10.989010989010993
0.08999999999999997,23045736.0,11.111111111111114
0.08899999999999997,23091972.0,11.23595505617978
0.08799999999999997,23139348.0,11.363636363636369
0.08699999999999997,23226204.0,11.494252873563223
0.08599999999999997,23289036.0,11.62790697674419
0.08499999999999996,23289036.0,11.764705882352946
0.08399999999999996,23289036.0,11.90476190476191
0.08299999999999996,23344308.0,12.048192771084343
0.08199999999999996,23344308.0,12.195121951219518
0.08099999999999996,23344308.0,12.345679012345684
0.07999999999999996,23344308.0,12.500000000000007
0.07899999999999996,23344308.0,12.658227848101273
0.07799999999999996,23344308.0,12.820512820512828
0.07699999999999996,23425608.0,12.987012987012994
0.07599999999999996,23527920.0,13.157894736842113
0.07499999999999996,23527920.0,13.333333333333341
0.07399999999999995,23567400.0,13.513513513513521
0.07299999999999995,23567400.0,13.69863013698631
0.07199999999999995,23567400.0,13.888888888888898
0.07099999999999995,23661012.0,14.08450704225353
0.06999999999999995,23700492.0,14.285714285714295
0.06899999999999995,23755764.0,14.492753623188417
0.06799999999999995,23755764.0,14.705882352941188
0.06699999999999995,23755764.0,14.92537313432837
0.06599999999999995,23795244.0,15.151515151515163
0.06499999999999995,23795244.0,15.384615384615397
0.06399999999999995,23795244.0,15.625000000000012
0.06299999999999994,23968332.0,15.873015873015888
0.062000000000000055,23968332.0,16.129032258064502
0.061000000000000054,24104904.0,16.393442622950804
0.06000000000000005,24104904.0,16.666666666666654
0.05900000000000005,24104904.0,16.949152542372865
0.05800000000000005,24144384.0,17.24137931034481
0.05700000000000005,24144384.0,17.54385964912279
0.05600000000000005,24183864.0,17.85714285714284
0.05500000000000005,24183864.0,18.181818181818166
0.05400000000000005,24246696.0,18.5185185185185
0.05300000000000005,24246696.0,18.86792452830187
0.052000000000000046,24335892.0,19.230769230769212
0.051000000000000045,24335892.0,19.607843137254886
0.050000000000000044,24462228.0,19.999999999999982
0.049000000000000044,24462228.0,20.408163265306104
0.04800000000000004,24462228.0,20.833333333333314
0.04700000000000004,24462228.0,21.276595744680833
0.04600000000000004,24508464.0,21.739130434782588
0.04500000000000004,24508464.0,22.222222222222204
0.04400000000000004,24587424.0,22.72727272727271
0.04300000000000004,24653136.863882788,23.255813953488353
0.04200000000000004,24691206.93907881,23.80952380952379
0.041000000000000036,24778932.0,24.390243902439003
0.040000000000000036,24778932.0,24.99999999999998
0.039000000000000035,25007292.0,25.641025641025617
0.038000000000000034,25053528.0,26.315789473684188
0.03700000000000003,25093008.0,27.027027027027003
0.03600000000000003,25093008.0,27.777777777777754
0.03500000000000003,25203216.0,28.571428571428545
0.03400000000000003,25242696.0,29.411764705882327
0.03300000000000003,25331892.0,30.303030303030276
0.03200000000000003,25331892.0,31.24999999999997
0.031000000000000028,25331892.0,32.258064516129004
0.030000000000000027,25434204.0,33.33333333333331
0.029000000000000026,25480440.0,34.48275862068962
0.028000000000000025,25535712.0,35.71428571428568
0.027000000000000024,25656492.0,37.037037037037
0.026000000000000023,25656492.0,38.461538461538424
0.025000000000000022,25656492.0,39.999999999999964
0.02400000000000002,25766700.0,41.66666666666663
0.02300000000000002,25814076.0,43.478260869565176
0.02200000000000002,25955064.0,45.45454545454542
0.02100000000000002,25955064.0,47.61904761904758
0.020000000000000018,26002440.0,49.99999999999996
0.019000000000000017,26288412.0,52.631578947368375
0.018000000000000016,26288412.0,55.55555555555551
0.017000000000000015,26327892.0,58.82352941176465
0.016000000000000014,26484336.0,62.49999999999994
0.015000000000000013,26539608.0,66.66666666666661
0.014000000000000012,26634360.0,71.42857142857136
0.013000000000000012,26634360.0,76.92307692307685
0.01200000000000001,26714731.843020756,83.33333333333326
0.01100000000000001,26984988.0,90.90909090909084
0.010000000000000009,27103092.0,99.99999999999991
0.009000000000000008,27504828.0,111.11111111111101
0.008000000000000007,27669972.0,124.99999999999989
0.007000000000000006,27975012.0,142.85714285714272
0.006000000000000005,28206336.0,166.66666666666652
0.0050000000000000044,28487976.0,199.99999999999983
0.0040000000000000036,28555824.0,249.99999999999977
0.0030000000000000027,28837464.0,333.33333333333303
0.0020000000000000018,29392428.0,499.99999999999955
0.0010000000000000009,30324240.0,999.9999999999991
0.0,31231930.752000008,inf
