exceedance_probability,aggregate_tp_loss,return_period
0.001,31231930.752000008,1000.0
0.0010092715146305,568512.0,990.8136566859371
0.0010186289902446,568512.0,981.7117022753037
0.0010280732238308,568512.0,972.6933615426791
0.0010376050197669,568512.0,963.7578663841199
0.0010472251898884,568512.0,954.90445575184
0.0010569345535579,568512.0,946.1323755891559
0.0010667339377348,568512.0,937.4408787663501
0.0010766241770454,568512.0,928.8292250173304
0.0010866061138545,568512.0,920.296680876124
0.0010966805983368,568512.0,911.8425196147141
0.0011068484885494,568512.0,903.4660211810632
0.0011171106505048,568512.0,895.1664721378496
0.0011274679582449,568512.0,886.9431656015076
0.0011379212939153,568512.0,878.7954011821437
0.0011484715478402,568512.0,870.7224849240597
0.0011591196185988,568512.0,862.7237292462089
0.0011698664131013,568512.0,854.7984528840465
0.0011807128466661,568512.0,846.9459808315232
0.0011916598430985,568512.0,839.1656442830575
0.0012027083347685,568512.0,831.4567805772147
0.0012138592626906,568512.0,823.8187331399797
0.0012251135766041,568512.0,816.2508514287355
0.0012364722350537,568512.0,808.7524908770556
0.0012479362054713,568512.0,801.323012839696
0.0012595064642583,568512.0,793.9617845382646
0.001271183996869,568512.0,786.668179007176
0.0012829697978941,568512.0,779.441575040524
0.0012948648711459,568512.0,772.2813571388672
0.0013068702297433,568512.0,765.1869154571096
0.0013189868961986,568512.0,758.1576457522516
0.0013312159025043,568512.0,751.1929493321012
0.0013435582902208,568512.0,744.2922330043904
0.0013560151105656,568512.0,737.4549090259735
0.0013685874245025,568512.0,730.6803950529601
0.001381276302832,568512.0,723.9681140910926
0.0013940828262825,568512.0,717.3174944466017
0.0014070080856026,568512.0,710.7279696773849
0.0014200531816536,568512.0,704.19897854497
0.0014332192255035,568512.0,697.7299649665897
0.0014465073385216,568512.0,691.3203779678353
0.0014599186524739,568512.0,684.9696716357817
0.0014734543096198,568512.0,678.677305072346
0.0014871154628089,568512.0,672.4427423484493
0.0015009032755797,568512.0,666.2654524581312
0.0015148189222583,568512.0,660.1449092735089
0.0015288635880587,568512.0,654.0805914998385
0.0015430384691835,568512.0,648.0719826312242
0.0015573447729261,568512.0,642.1185709064903
0.0015717837177731,568512.0,636.2198492657743
0.0015863565335085,568512.0,630.3753153071638
0.0016010644613183,568512.0,624.5844712439687
0.0016159087538959,568512.0,618.8468238624456
0.0016308906755493,568512.0,613.1618844795897
0.0016460115023085,568512.0,607.529168901626
0.0016612725220342,568512.0,601.9481973827611
0.0016766750345277,568512.0,596.4184945842463
0.001692220351641,568512.0,590.93958953411
0.0017079097973894,568512.0,585.5110155867336
0.0017237447080636,568512.0,580.1323103833445
0.0017397264323438,568512.0,574.8030158125359
0.0017558563314144,568512.0,569.5226779713048
0.0017721357790803,568512.0,564.2908471262729
0.0017885661618834,568512.0,559.1070776755486
0.0018051488792211,568512.0,553.9709281106432
0.0018218853434651,568512.0,548.8819609789874
0.0018387769800823,568512.0,543.8397428464881
0.0018558252277555,568512.0,538.8438442608278
0.0018730315385064,568512.0,533.8938397147459
0.0018903973778192,568512.0,528.9893076098211
0.0019079242247652,568512.0,524.1298302206241
0.0019256135721291,568512.0,519.3149936590478
0.001943466926536,568512.0,514.5443878390982
0.0019614858085794,568512.0,509.81760644205065
0.0019796717529513,568512.0,505.134246881685
0.0019980263085725,568512.0,500.493910270108
0.002,29755728.0,500.0
0.0020165510387247,568512.0,495.89620138373306
0.0020352475211835,568512.0,491.34072862965496
0.002054117348353,568512.0,486.82710401224364
0.0020731621274012,568512.0,482.35494310015395
0.0020923834803969,568512.0,477.9238649935776
0.0021117830444482,568512.0,473.5334922917216
0.0021313624718414,568512.0,469.1834510607882
0.0021511234301821,568512.0,464.8733708020402
0.0021710676025372,568512.0,460.6028844202541
0.0021911966875781,568512.0,456.3716281924862
0.0022115123997254,568512.0,452.1792417370883
0.0022320164692952,568512.0,448.02536798295597
0.0022527106426459,568512.0,443.909653139233
0.0022735966823277,568512.0,439.8317466650257
0.0022946763672319,568512.0,435.7913012397098
0.0023159514927431,568512.0,431.7879727332123
0.0023374238708918,568512.0,427.82142017676443
0.0023590953305086,568512.0,423.8913057338844
0.0023809677173803,568512.0,419.9972946715409
0.0024030428944069,568512.0,416.13905533168275
0.0024253227417603,568512.0,412.31625910298425
0.0024478091570444,568512.0,408.52858039286326
0.0024705040554568,568512.0,404.7756965997364
0.0024934093699518,568512.0,401.05728808556256
0.0025165270514053,568512.0,397.37303814857535
0.0025398590687807,568512.0,393.72263299635205
0.0025634074092965,568512.0,390.1057617191016
0.0025871740785959,568512.0,386.52211626312976
0.0026111611009174,568512.0,382.9713914046368
0.0026353705192673,568512.0,379.45328472370767
0.0026598043955937,568512.0,375.967496578555
0.0026844648109619,568512.0,372.51373008003
0.002709353865732,568512.0,369.0916910662849
0.0027344736797375,568512.0,365.70108807776
0.0027598263924661,568512.0,362.34163233232556
0.0027854141632417,568512.0,359.0130377007157
0.0028112391714084,568512.0,355.7150206821467
0.0028373036165162,568512.0,352.44730038016024
0.0028636097185081,568512.0,349.2095984787291
0.0028901597179095,568512.0,346.0016392185123
0.0029169558760187,568512.0,342.82314937340834
0.0029440004751,568512.0,339.67385822722485
0.0029712958185773,568512.0,336.5534975507133
0.002998844231231,568512.0,333.46180157863967
0.003,28823916.0,333.3333333333333
0.0030266480593956,568512.0,330.3985069871959
0.0030547096711599,568512.0,327.3633528715321
0.0030830314565682,568512.0,324.35608072358923
0.0031116158278243,568512.0,321.3764344100341
0.0031404652194967,568512.0,318.4241601504706
0.0031695820887261,568512.0,315.49900649581036
0.0031989689154345,568512.0,312.60072430687404
0.0032286282025367,568512.0,309.7290667331439
0.0032585624761532,568512.0,306.8837891917667
0.0032887742858255,568512.0,304.0646493467078
0.0033192662047331,568512.0,301.2714070881246
0.0033500408299131,568512.0,298.5038245118762
0.0033811007824806,568512.0,295.7616658993328
0.0034124487078528,568512.0,293.0446976972221
0.0034440872759738,568512.0,290.3526884977834
0.0034760191815419,568512.0,287.68540901906584
0.0035082471442397,568512.0,285.042632085351
0.0035407739089652,568512.0,282.4241326078491
0.0035736022460657,568512.0,279.8296875655185
0.003606734951574,568512.0,277.25907598605056
0.0036401748474461,568512.0,274.7120789270843
0.003673924781802,568512.0,272.18847945752344
0.0037079876291681,568512.0,269.68806263907453
0.0037423662907219,568512.0,267.2106155079493
0.0037770636945393,568512.0,264.75592705671147
0.0038120827958438,568512.0,262.3237882163184
0.0038474265772585,568512.0,259.9139918382937
0.0038830980490596,568512.0,257.5263326771205
0.0039191002494334,568512.0,255.16060737271877
0.0039554362447347,568512.0,252.81661443315014
0.003992109129748,568512.0,250.49415421745357
0.004,28268952.0,250.0
0.0040291220279513,568512.0,248.1930289186285
0.0040664780917818,568512.0,245.9130425468079
0.0041041805029047,568512.0,243.65400091254713
0.0041422324724838,568512.0,241.41571161030745
0.0041806372414557,568512.0,239.19798400202728
0.004219398080805,568512.0,237.00062920093438
0.0042585182918434,568512.0,234.82346005542843
0.0042980012064907,568512.0,232.66629113315113
0.0043378501875589,568512.0,230.5289387051756
0.0043780686290381,568512.0,228.41122073038602
0.0044186599563859,568512.0,226.31295683995506
0.004459627626819,568512.0,224.2339683219893
0.004500975129608,568512.0,222.17407810629078
0.004542705986374,568512.0,220.13311074930533
0.004584823751389,568512.0,218.11089241915658
0.0046273320118786,568512.0,216.107250880842
0.0046702343883273,568512.0,214.12201548157458
0.0047135345347869,568512.0,212.15501713624556
0.0047572361391878,568512.0,210.2060883130198
0.0048013429236534,568512.0,208.2750630190538
0.0048458586448164,568512.0,206.36177678638995
0.0048907870941395,568512.0,204.46606665791555
0.0049361320982379,568512.0,202.58777117350243
0.0049818975192051,568512.0,200.72673035625945
0.005,27987312.0,200.0
0.0050280872549424,568512.0,198.88278569888413
0.0050747052394904,568512.0,197.05578015018258
0.0051217554433642,568512.0,195.24555810168766
0.0051692418738916,568512.0,193.45196537440455
0.0052171685755543,568512.0,191.6748492056833
0.0052655396303327,568512.0,189.91405823619556
0.0053143591580532,568512.0,188.16944249705702
0.0053636313167392,568512.0,186.44085339705012
0.0054133603029653,568512.0,184.72814370996616
0.0054635503522148,568512.0,183.03116756206384
0.0055142057392403,568512.0,181.3497804196496
0.0055653307784276,568512.0,179.68383907677358
0.0056169298241638,568512.0,178.0332016430117
0.0056690072712074,568512.0,176.3977275314056
0.0057215675550632,568512.0,174.77727744646967
0.0057746151523598,568512.0,173.17171337233606
0.0058281545812308,568512.0,171.58089856100185
0.0058821904016999,568512.0,170.00469752067343
0.0059367272160691,568512.0,168.44297600423226
0.0059917696693106,568512.0,166.895600997803
0.006,27919464.0,166.66666666666666
0.0060473224494626,568512.0,165.3624407094194
0.0061033902880286,568512.0,163.84336455779902
0.0061599779603801,568512.0,162.33824316122963
0.0062170902861638,568512.0,160.8469483265364
0.0062747321297115,568512.0,159.3693530381795
0.0063329084004551,568512.0,157.90533144741795
0.006391624053344,568512.0,156.45475886160972
0.0064508840892677,568512.0,155.01751173357687
0.0065106935554814,568512.0,153.59346765109115
0.0065710575460362,568512.0,152.18250532644035
0.0066319812022126,568512.0,150.7845045861068
0.0066934697129586,568512.0,149.39934636052715
0.0067555283153316,568512.0,148.0269126739519
0.0068181622949444,568512.0,146.66708663439857
0.0068813769864156,568512.0,145.31975242369103
0.0069451777738237,568512.0,143.98479528760072
0.007,27637824.0,142.85714285714286
0.0070095700911656,568512.0,142.6621015260742
0.0070745594228198,568512.0,141.35155848354114
0.0071401513040134,568512.0,140.05305453932203
0.007206351321293,568512.0,138.76647909813187
0.0072731651130014,568512.0,137.49172258064308
0.0073405983697572,568512.0,136.2286764141649
0.0074086568349395,568512.0,134.9772330233954
0.0074773463051775,568512.0,133.73728582125122
0.0075466726308438,568512.0,132.5087291997969
0.0076166417165528,568512.0,131.2914585212481
0.0076872595216637,568512.0,130.08537010905766
0.0077585320607878,568512.0,128.89036123908988
0.0078304654043011,568512.0,127.70633013086584
0.0079030656788613,568512.0,126.53317593889507
0.0079763390679292,568512.0,125.37079874409325
0.008,27406500.0,125.0
0.0080502918122959,568512.0,124.21909954526299
0.008124930210614,568512.0,123.07798025066731
0.0082002606199341,568512.0,121.94734366967428
0.0082762894562463,568512.0,120.82709350447836
0.0083530231950267,568512.0,119.7171343418978
0.0084304683717889,568512.0,118.61737164524887
0.0085086315826405,568512.0,117.52771174629565
0.0085875194848451,568512.0,116.44806183726962
0.0086671387973892,568512.0,115.37832996296653
0.0087474963015544,568512.0,114.31842501291523
0.0088285988414951,568512.0,113.26825671361603
0.0089104533248215,568512.0,112.22773562085099
0.0089930667231876,568512.0,111.19677311207019
0.009,27101460.0,111.11111111111111
0.0090764460728853,568512.0,110.17528137883941
0.0091605984754437,568512.0,109.16317341936158
0.0092455310982335,568512.0,108.16036303107187
0.0093312511750782,568512.0,107.1667648032869
0.0094177660068695,568512.0,106.18229410993867
0.0095050829621895,568512.0,105.20686710236242
0.0095932094779382,568512.0,104.24040070215614
0.009682153059967,568512.0,103.28281259410376
0.0097719212837179,568512.0,102.33402121916525
0.0098625217948687,568512.0,101.39394576753004
0.0099539623099842,568512.0,100.46250617173447
0.01,26936316.0,100.0
0.0100462506171734,566796.7819300306,99.53962309984246
0.0101393945767529,562388.406489222,98.625217948688
0.0102334021219164,557939.1587310184,97.71921283718018
0.0103282812594102,553448.659707125,96.82153059967166
0.0104240400702155,548916.5269558333,95.93209477938304
0.0105206867102362,544342.3744694358,95.05082962189537
0.0106182294109938,539725.812661328,94.1776600686956
0.0107166764803286,535066.4483328849,93.31251175078279
0.0108160363031071,530363.8846398944,92.45531098233575
0.0109163173419361,525617.7210588253,91.6059847544375
0.011,26581956.0,90.90909090909092
0.0110175281378838,521136.0,90.76446072885417
0.0111196773112069,521136.0,89.93066723187695
0.011222773562085,521136.0,89.10453324821579
0.0113268256713615,521136.0,88.2859884149518
0.0114318425012915,521136.0,87.47496301554418
0.0115378329962966,521136.0,86.6713879738924
0.0116448061837268,521136.0,85.8751948484522
0.0117527711746294,521136.0,85.08631582640619
0.0118617371645247,521136.0,84.30468371789033
0.0119717134341896,521136.0,83.53023195026827
0.012,26463852.0,83.33333333333333
0.0120827093504477,517789.99225137406,82.76289456246393
0.0121947343669673,512488.0023659169,82.00260619934186
0.0123077980250666,507136.85500367865,81.24930210614086
0.0124219099545261,501736.0944003751,80.50291812296028
0.0125370798744092,496285.2605661195,79.7633906792928
0.0126533175938894,490783.88924622326,79.03065678861365
0.0127706330130864,485231.5118816457,78.30465404301212
0.0128890361239089,479627.6555690952,77.58532060787853
0.013,26240760.0,76.92307692307692
0.0130085370109057,473971.8430207569,76.8725952166374
0.0131291458521246,473760.0,76.16641716552923
0.0132508729199795,473760.0,75.46672630843909
0.0133737285821249,473760.0,74.77346305177623
0.0134977233023394,473760.0,74.08656834939578
0.0136228676414164,473760.0,73.4059836975725
0.0137491722580641,473760.0,72.7316511300151
0.013876647909813,473760.0,72.06351321293097
0.014,26160600.0,71.42857142857143
0.0140053054539322,473760.0,71.40151304013402
0.0141351558483539,473760.0,70.74559422819907
0.0142662101526073,473760.0,70.09570091165659
0.01439847952876,473760.0,69.45177773823735
0.0145319752423689,473760.0,68.81376986415695
0.0146667086634396,473760.0,68.18162294944518
0.014802691267395,473760.0,67.55528315331685
0.0149399346360525,473760.0,66.93469712958695
0.015,26160600.0,66.66666666666667
0.0150784504586105,473760.0,66.3198120221268
0.0152182505326438,473760.0,65.71057546036302
0.0153593467651089,473760.0,65.10693555481491
0.0155017511733577,473760.0,64.50884089267694
0.0156454758861609,473760.0,63.91624053344029
0.0157905331447417,473760.0,63.329084004551376
0.0159369353038177,473760.0,62.74732129711599
0.016,26065848.0,62.5
0.0160846948326535,473760.0,62.17090286163854
0.0162338243161227,473760.0,61.599779603802006
0.0163843364557798,473760.0,61.03390288028639
0.0165362440709418,473760.0,60.47322449462651
0.0166895600997802,473760.0,59.917696693106365
0.0168442976004231,473760.0,59.36727216069144
0.017,26010576.0,58.8235294117647
0.0170004697520671,473760.0,58.82190401699984
0.0171580898561,473760.0,58.281545812308615
0.0173171713372335,473760.0,57.74615152359835
0.0174777277446468,473760.0,57.21567555063254
0.0176397727531404,473760.0,56.69007271207451
0.0178033201643011,473760.0,56.16929824163822
0.0179683839076772,473760.0,55.653307784276485
0.018,25854132.0,55.55555555555556
0.0181349780419649,473760.0,55.14205739240318
0.0183031167562061,473760.0,54.63550352214885
0.0184728143709963,473760.0,54.13360302965393
0.0186440853397048,473760.0,53.63631316739261
0.0188169442497055,473760.0,53.143591580532565
0.0189914058236193,473760.0,52.655396303327706
0.019,25814652.0,52.631578947368425
0.0191674849205681,473760.0,52.17168575554363
0.0193451965374404,473760.0,51.69241873891615
0.0195245558101686,473760.0,51.217554433642434
0.019705578015018,473760.0,50.74705239490467
0.019888278569888,473760.0,50.28087254942505
0.02,25814652.0,50.0
0.0200726730356257,473760.0,49.81897519205161
0.0202587771173501,473760.0,49.36132098237934
0.0204466066657911,473760.0,48.907870941396084
0.0206361776786385,473760.0,48.45858644816516
0.0208275063019051,473760.0,48.01342923653465
0.021,25528680.0,47.61904761904761
0.0210206088313015,473760.0,47.572361391879085
0.0212155017136245,473760.0,47.13534534786912
0.0214122015481572,473760.0,46.70234388327356
0.0216107250880837,473760.0,46.27332011878707
0.0218110892419152,473760.0,45.848237513890965
0.022,25481304.0,45.45454545454546
0.0220133110749303,473760.0,45.42705986374048
0.0222174078106288,473760.0,45.00975129608056
0.0224233968321984,473760.0,44.596276268191055
0.0226312956839952,473760.0,44.1865995638596
0.0228411220730382,473760.0,43.78068629038177
0.023,25481304.0,43.47826086956522
0.023052893870517,473760.0,43.37850187559005
0.0232666291133145,473760.0,42.98001206490813
0.0234823460055427,473760.0,42.58518291843426
0.0237000629200932,473760.0,42.193980808050426
0.0239197984002023,473760.0,41.80637241455775
0.024,25340316.0,41.666666666666664
0.0241415711610301,468196.6557503579,41.422324724839115
0.0243654000912546,457603.14047144406,41.0418050290472
0.0245913042546804,446911.4072606288,40.664780917818646
0.0248193028918625,436120.5454889238,40.29122027951357
0.025,25340316.0,40.0
0.025049415421745,426384.0,39.92109129748058
0.025281661443315,426384.0,39.554362447347025
0.0255160607372718,426384.0,39.19100249433412
0.025752633267712,426384.0,38.83098049059607
0.0259913991838293,426384.0,38.4742657725851
0.026,25230108.0,38.46153846153846
0.0262323788216312,426384.0,38.12082795843893
0.0264755927056706,426384.0,37.770636945393775
0.0267210615507943,426384.0,37.42366290721988
0.0269688062639069,426384.0,37.07987629168176
0.027,25230108.0,37.03703703703704
0.0272188479457517,426384.0,36.73924781802087
0.0274712078927081,426384.0,36.401748474461435
0.0277259075986048,426384.0,36.06734951574033
0.0279829687565511,426384.0,35.736022460657956
0.028,25230108.0,35.714285714285715
0.0282424132607843,426384.0,35.407739089652765
0.0285042632085343,426384.0,35.08247144239798
0.0287685409019059,426384.0,34.76019181541983
0.029,25109328.0,34.48275862068965
0.0290352688497781,426384.0,34.440872759738276
0.0293044697697214,426384.0,34.124487078528944
0.0295761665899325,426384.0,33.81100782480689
0.0298503824511873,426384.0,33.50040829913135
0.03,25054056.0,33.333333333333336
0.0301271407088116,426384.0,33.19266204733194
0.0304064649346706,426384.0,32.887742858255194
0.0306883789191764,426384.0,32.58562476153229
0.0309729066733141,426384.0,32.2862820253673
0.031,25007820.0,32.25806451612903
0.031260072430687,426384.0,31.989689154345413
0.0315499006495808,426384.0,31.695820887261238
0.0318424160150465,426384.0,31.404652194967554
0.032,24905508.0,31.25
0.0321376434410027,426384.0,31.116158278243685
0.0324356080723581,426384.0,30.83031456568278
0.0327363352871524,426384.0,30.547096711599753
0.033,24905508.0,30.3030303030303
0.0330398506987185,426384.0,30.266480593956995
0.0333461801578636,426384.0,29.988442312310333
0.0336553497550709,426384.0,29.712958185773378
0.033967385822722,426384.0,29.440004751000423
0.034,24905508.0,29.41176470588235
0.0342823149373397,426384.0,29.169558760187964
0.0346001639218511,426384.0,28.901597179095106
0.0349209598478727,426384.0,28.636097185081173
0.035,24816312.0,28.57142857142857
0.0352447300380158,426384.0,28.373036165162176
0.0355715020682138,426384.0,28.112391714084687
0.0359013037700707,426384.0,27.85414163241768
0.036,24776832.0,27.77777777777778
0.0362341632332314,426384.0,27.59826392466188
0.0365701088077749,426384.0,27.344736797375823
0.0369091691066277,426384.0,27.09353865732058
0.037,24666624.0,27.027027027027028
0.0372513730080021,426384.0,26.844648109619648
0.0375967496578546,426384.0,26.598043955937637
0.0379453284723694,426384.0,26.353705192673946
0.038,24666624.0,26.315789473684212
0.0382971391404628,426384.0,26.111611009174602
0.0386522116263126,426384.0,25.87174078595925
0.039,24627144.0,25.641025641025642
0.0390105761719099,426384.0,25.63407409296517
0.0393722632996348,426384.0,25.39859068780726
0.039737303814856,426384.0,25.165270514053972
0.04,24580908.0,25.0
0.0401057288085549,426384.0,24.934093699518844
0.0404775696599732,426384.0,24.705040554568267
0.0408528580392856,426384.0,24.478091570444434
0.041,24352548.0,24.390243902439025
0.0412316259102975,426384.0,24.253227417603544
0.041613905533167,426384.0,24.030428944069733
0.041999729467153,426384.0,23.809677173803617
0.042,24352548.0,23.809523809523807
0.0423891305733878,426384.0,23.590953305086355
0.0427821420176761,426384.0,23.374238708918188
0.043,24271248.0,23.255813953488374
0.0431787972733202,419958.9390788108,23.159514927431555
0.0435791301239703,401011.7361155377,22.94676367231936
0.0439831746665022,381888.8638827872,22.735966823277195
0.044,24271248.0,22.72727272727273
0.0443909653139217,379008.0,22.52710642645981
0.0448025367982949,379008.0,22.320164692952346
0.045,24208416.0,22.22222222222222
0.045217924173707,379008.0,22.115123997254898
0.0456371628192476,379008.0,21.911966875781488
0.046,24129456.0,21.73913043478261
0.046060288442024,379008.0,21.710676025372663
0.0464873370802025,379008.0,21.511234301821702
0.0469183451060779,379008.0,21.313624718414417
0.047,24129456.0,21.27659574468085
0.0473533492291711,379008.0,21.117830444482472
0.047792386499356,379008.0,20.92383480396977
0.048,24083220.0,20.833333333333332
0.0482354943100146,379008.0,20.731621274012344
0.0486827104012228,379008.0,20.54117348353066
0.049,24083220.0,20.408163265306122
0.0491340728629636,379008.0,20.352475211835785
0.0495896201383721,379008.0,20.165510387247494
0.05,24083220.0,20.0
0.0500493910270095,379008.0,19.98026308572552
0.0505134246881676,379008.0,19.79671752951335
0.0509817606442042,379008.0,19.61485808579433
0.051,24083220.0,19.607843137254903
0.0514544387839093,379008.0,19.434669265360203
0.0519314993659021,379008.0,19.256135721291994
0.052,23956884.0,19.23076923076923
0.0524129830220605,379008.0,19.07924224765269
0.0528989307609815,379008.0,18.90397377819222
0.053,23956884.0,18.867924528301888
0.0533893839714735,379008.0,18.730315385064387
0.0538843844260822,379008.0,18.5582522775552
0.054,23867688.0,18.51851851851852
0.0543839742846479,379008.0,18.38776980082331
0.0548881960978967,379008.0,18.218853434651678
0.055,23867688.0,18.181818181818183
0.055397092811064,379008.0,18.0514887922111
0.0559107077675529,379008.0,17.88566161883463
0.056,23804856.0,17.857142857142858
0.0564290847126253,379008.0,17.721357790803623
0.0569522677971282,379008.0,17.558563314144703
0.057,23804856.0,17.543859649122805
0.0574803015812535,379008.0,17.397264323438026
0.058,23765376.0,17.241379310344826
0.0580132310383337,379008.0,17.237447080636223
0.0585511015586724,379008.0,17.079097973894278
0.059,23765376.0,16.949152542372882
0.0590939589534097,379008.0,16.922203516410374
0.0596418494584246,379008.0,16.766750345277007
0.06,23725896.0,16.666666666666668
0.0601948197382727,379008.0,16.61272522034294
0.0607529168901607,379008.0,16.460115023085518
0.061,23725896.0,16.39344262295082
0.0613161884479577,379008.0,16.30890675549334
0.0618846823862438,379008.0,16.1590875389592
0.062,23725896.0,16.129032258064516
0.0624584471243961,379008.0,16.0106446131832
0.063,23589324.0,15.873015873015873
0.0630375315307127,379008.0,15.863565335085925
0.0636219849265748,379008.0,15.717837177731651
0.064,23589324.0,15.625
0.0642118570906476,379008.0,15.573447729261348
0.0648071982631197,379008.0,15.430384691835647
0.065,23416236.0,15.384615384615383
0.0654080591499825,379008.0,15.288635880587316
0.066,23416236.0,15.15151515151515
0.0660144909273489,379008.0,15.148189222583456
0.0666265452458115,379008.0,15.009032755797364
0.067,23416236.0,14.925373134328357
0.0672442742348425,379008.0,14.871154628089537
0.0678677305072329,379008.0,14.73454309619837
0.068,23376756.0,14.705882352941176
0.0684969671635744,379008.0,14.599186524739801
0.069,23376756.0,14.492753623188404
0.0691320377967813,379008.0,14.465073385216467
0.0697729964966553,379008.0,14.332192255035755
0.07,23376756.0,14.285714285714285
0.0704198978544929,379008.0,14.200531816536829
0.071,23321484.0,14.084507042253522
0.0710727969677341,379008.0,14.07008085602687
0.0717317494446561,379008.0,13.940828262825791
0.072,23282004.0,13.88888888888889
0.0723968114091087,379008.0,13.812763028320107
0.073,23188392.0,13.698630136986303
0.073068039505295,379008.0,13.68587424502519
0.0737454909025955,379008.0,13.560151105656342
0.074,23188392.0,13.513513513513514
0.0744292233004376,379008.0,13.43558290220826
0.075,23188392.0,13.333333333333334
0.0751192949332096,379008.0,13.312159025043092
0.0758157645752211,379008.0,13.189868961986706
0.076,23148912.0,13.157894736842106
0.0765186915457082,379008.0,13.068702297433473
0.077,23148912.0,12.987012987012987
0.0772281357138864,379008.0,12.948648711459054
0.0779441575040495,379008.0,12.829697978941477
0.078,23046600.0,12.820512820512821
0.0786668179007158,379008.0,12.711839968690292
0.079,22965300.0,12.658227848101266
0.0793961784538228,379008.0,12.595064642583583
0.08,22965300.0,12.5
0.0801323012839688,379008.0,12.479362054713125
0.0808752490877045,379008.0,12.36472235053716
0.081,22965300.0,12.345679012345679
0.0816250851428722,379008.0,12.251135766041203
0.082,22965300.0,12.195121951219512
0.082381873313996,379008.0,12.138592626906291
0.083,22965300.0,12.048192771084336
0.0831456780577206,379008.0,12.027083347685124
0.0839165644283015,379008.0,11.916598430985603
0.084,22965300.0,11.904761904761903
0.0846945980831458,379008.0,11.80712846666191
0.085,22910028.0,11.76470588235294
0.085479845288404,379008.0,11.69866413101309
0.086,22910028.0,11.627906976744187
0.0862723729246145,379008.0,11.591196185988858
0.087,22910028.0,11.49425287356322
0.0870722484923991,379008.0,11.484715478402906
0.0878795401182132,379008.0,11.37921293915315
0.088,22847196.0,11.363636363636365
0.088694316560147,379008.0,11.27467958244948
0.089,22760340.0,11.235955056179776
0.089516647213783,358772.2622782127,11.171106505048243
0.09,22760340.0,11.11111111111111
0.0903466021181053,331632.0,11.068484885494124
0.091,22714104.0,10.989010989010989
0.0911842519614657,331632.0,10.966805983368687
0.092,22714104.0,10.869565217391305
0.0920296680876041,331632.0,10.86606113854598
0.0928829225017249,331632.0,10.766241770454943
0.093,22674624.0,10.75268817204301
0.0937440878766299,331632.0,10.667339377348583
0.094,22674624.0,10.638297872340425
0.0946132375589077,331632.0,10.569345535579883
0.095,22438704.0,10.526315789473685
0.0954904455751808,331632.0,10.472251898884352
0.096,22438704.0,10.416666666666666
0.0963757866384108,331632.0,10.376050197669127
0.097,22438704.0,10.309278350515463
0.0972693361542617,331632.0,10.280732238308657
0.098,22438704.0,10.204081632653061
0.0981711702275219,331632.0,10.186289902446878
0.099,22399224.0,10.1010101010101
0.0990813656685867,331632.0,10.092715146305714
0.1,23062488.0,10.0
0.101,22399224.0,9.900990099009901
0.1018036072144288,331632.0,9.822834645669298
0.102,22365300.0,9.803921568627452
0.103,22365300.0,9.708737864077671
0.1036072144288576,331632.0,9.65183752417796
0.104,22278444.0,9.615384615384615
0.105,22278444.0,9.523809523809524
0.1054108216432865,331632.0,9.486692015209133
0.106,22278444.0,9.433962264150944
0.107,22232208.0,9.345794392523365
0.1072144288577153,331632.0,9.32710280373833
0.108,22232208.0,9.25925925925926
0.109,22232208.0,9.174311926605505
0.1090180360721443,331632.0,9.172794117647058
0.11,22232208.0,9.090909090909092
0.1108216432865731,331632.0,9.023508137432191
0.111,22232208.0,9.00900900900901
0.112,22176936.0,8.928571428571429
0.112625250501002,331632.0,8.879003558718862
0.113,22176936.0,8.849557522123893
0.114,22114104.0,8.771929824561402
0.1144288577154308,331632.0,8.739054290718043
0.115,22074624.0,8.695652173913043
0.116,22074624.0,8.620689655172413
0.1162324649298597,331632.0,8.603448275862071
0.117,22074624.0,8.547008547008547
0.118,22074624.0,8.474576271186441
0.1180360721442885,331632.0,8.471986417657051
0.119,22074624.0,8.403361344537815
0.1198396793587174,331632.0,8.344481605351174
0.12,22074624.0,8.333333333333334
0.121,22035144.0,8.264462809917356
0.1216432865731462,331632.0,8.220757825370681
0.122,22035144.0,8.19672131147541
0.123,21988908.0,8.130081300813009
0.1234468937875751,331632.0,8.100649350649354
0.124,21949428.0,8.064516129032258
0.125,21915504.0,8.0
0.1252505010020039,331632.0,7.984000000000006
0.126,21915504.0,7.936507936507937
0.127,21868128.0,7.874015748031496
0.1270541082164328,331632.0,7.870662460567829
0.128,21868128.0,7.8125
0.1288577154308616,331632.0,7.760497667185077
0.129,21868128.0,7.751937984496124
0.13,21868128.0,7.692307692307692
0.1306613226452906,331632.0,7.653374233128834
0.131,21868128.0,7.633587786259541
0.132,21812856.0,7.575757575757575
0.1324649298597194,331632.0,7.549167927382756
0.133,21812856.0,7.518796992481203
0.134,21750024.0,7.462686567164178
0.1342685370741483,331632.0,7.447761194029851
0.135,21750024.0,7.4074074074074066
0.136,21750024.0,7.352941176470588
0.1360721442885771,331632.0,7.3490427098674544
0.137,21576936.0,7.2992700729927
0.137875751503006,331632.0,7.252906976744187
0.138,21576936.0,7.246376811594202
0.139,21537456.0,7.194244604316546
0.1396793587174348,331632.0,7.159253945480635
0.14,21537456.0,7.142857142857142
0.141,21537456.0,7.092198581560284
0.1414829659318637,331632.0,7.067988668555241
0.142,21537456.0,7.042253521126761
0.143,21497976.0,6.993006993006993
0.1432865731462925,331632.0,6.979020979020983
0.144,21497976.0,6.944444444444445
0.145,21497976.0,6.8965517241379315
0.1450901803607214,331632.0,6.892265193370167
0.146,21497976.0,6.849315068493151
0.1468937875751502,284256.0,6.807639836289227
0.147,21497976.0,6.802721088435375
0.148,21497976.0,6.756756756756757
0.1486973947895791,284256.0,6.7250673854447465
0.149,21417816.0,6.7114093959731544
0.15,21370440.0,6.666666666666667
0.1505010020040079,284256.0,6.644474034620512
0.151,21370440.0,6.622516556291391
0.152,21370440.0,6.578947368421053
0.1523046092184369,284256.0,6.56578947368421
0.153,21370440.0,6.5359477124183005
0.154,21307608.0,6.4935064935064934
0.1541082164328657,284256.0,6.488946684005202
0.155,21307608.0,6.451612903225807
0.1559118236472946,284256.0,6.4138817480719785
0.156,21252336.0,6.410256410256411
0.157,21252336.0,6.369426751592357
0.1577154308617234,284256.0,6.34053367217281
0.158,21252336.0,6.329113924050633
0.159,21252336.0,6.289308176100628
0.1595190380761523,284256.0,6.268844221105527
0.16,21252336.0,6.25
0.161,21252336.0,6.211180124223603
0.1613226452905811,284256.0,6.198757763975157
0.162,21252336.0,6.172839506172839
0.163,21252336.0,6.134969325153374
0.16312625250501,284256.0,6.1302211302211305
0.164,21212856.0,6.097560975609756
0.1649298597194388,284256.0,6.063183475091133
0.165,21212856.0,6.0606060606060606
0.166,21212856.0,6.024096385542168
0.1667334669338677,284256.0,5.997596153846155
0.167,21165480.0,5.988023952095808
0.168,21131556.0,5.952380952380952
0.1685370741482965,284256.0,5.933412604042809
0.169,21131556.0,5.9171597633136095
0.17,21092076.0,5.88235294117647
0.1703406813627254,284256.0,5.870588235294119
0.171,21092076.0,5.847953216374268
0.172,21092076.0,5.813953488372094
0.1721442885771542,284256.0,5.809080325960423
0.173,21092076.0,5.780346820809249
0.1739478957915832,284256.0,5.748847926267279
0.174,21092076.0,5.74712643678161
0.175,21092076.0,5.714285714285714
0.175751503006012,284256.0,5.689851767388826
0.176,21029244.0,5.6818181818181825
0.177,21029244.0,5.649717514124294
0.1775551102204409,284256.0,5.632054176072234
0.178,21029244.0,5.617977528089888
0.179,21029244.0,5.58659217877095
0.1793587174348697,284256.0,5.575418994413409
0.18,20983008.0,5.555555555555555
0.181,20983008.0,5.524861878453039
0.1811623246492986,284256.0,5.519911504424779
0.182,20983008.0,5.4945054945054945
0.1829659318637274,284256.0,5.465498357064624
0.183,20983008.0,5.46448087431694
0.184,20935632.0,5.434782608695652
0.1847695390781563,284256.0,5.412147505422994
0.185,20880360.0,5.405405405405405
0.186,20840880.0,5.376344086021505
0.1865731462925851,284256.0,5.359828141783031
0.187,20840880.0,5.347593582887701
0.188,20840880.0,5.319148936170213
0.188376753507014,284256.0,5.308510638297873
0.189,20840880.0,5.291005291005291
0.19,20840880.0,5.2631578947368425
0.1901803607214428,284256.0,5.258166491043206
0.191,20840880.0,5.2356020942408374
0.1919839679358717,284256.0,5.208768267223383
0.192,20840880.0,5.208333333333333
0.193,20840880.0,5.181347150259067
0.1937875751503005,284256.0,5.160289555325752
0.194,20801400.0,5.154639175257731
0.195,20801400.0,5.128205128205128
0.1955911823647295,284256.0,5.112704918032786
0.196,20801400.0,5.1020408163265305
0.197,20738568.0,5.0761421319796955
0.1973947895791583,284256.0,5.065989847715737
0.198,20738568.0,5.05050505050505
0.199,20738568.0,5.025125628140703
0.1991983967935872,284256.0,5.020120724346076
0.2,20565480.0,5.0
0.201,20565480.0,4.975124378109452
0.201002004008016,284256.0,4.975074775672982
0.202,20565480.0,4.9504950495049505
0.2028056112224449,284256.0,4.930830039525691
0.203,20565480.0,4.926108374384236
0.204,20518104.0,4.901960784313726
0.2046092184368737,284256.0,4.887365328109698
0.205,20518104.0,4.878048780487805
0.206,20518104.0,4.8543689320388355
0.2064128256513026,284256.0,4.844660194174757
0.207,20518104.0,4.830917874396135
0.208,20518104.0,4.8076923076923075
0.2082164328657314,284256.0,4.802694898941291
0.209,20518104.0,4.784688995215311
0.21,20478624.0,4.761904761904762
0.2100200400801603,284256.0,4.76145038167939
0.211,20478624.0,4.739336492890995
0.2118236472945891,284256.0,4.720908230842007
0.212,20478624.0,4.716981132075472
0.213,20478624.0,4.694835680751174
0.2136272545090179,284256.0,4.681050656660416
0.214,20478624.0,4.672897196261682
0.215,20478624.0,4.651162790697675
0.2154308617234468,284256.0,4.641860465116281
0.216,20478624.0,4.62962962962963
0.217,20444700.0,4.6082949308755765
0.2172344689378758,284256.0,4.603321033210332
0.218,20444700.0,4.587155963302752
0.219,20398464.0,4.566210045662101
0.2190380761523046,284256.0,4.565416285452882
0.22,20358984.0,4.545454545454546
0.2208416833667335,284256.0,4.528130671506352
0.221,20358984.0,4.524886877828054
0.222,20303712.0,4.504504504504505
0.2226452905811623,284256.0,4.491449144914492
0.223,20240880.0,4.484304932735426
0.224,20240880.0,4.464285714285714
0.2244488977955911,284256.0,4.455357142857144
0.225,20240880.0,4.444444444444445
0.226,20240880.0,4.424778761061947
0.22625250501002,284256.0,4.41984056687334
0.227,20240880.0,4.405286343612334
0.228,20240880.0,4.385964912280701
0.2280561122244488,284256.0,4.384885764499123
0.229,20240880.0,4.366812227074235
0.2298597194388777,284256.0,4.350479511769835
0.23,20201400.0,4.3478260869565215
0.231,20201400.0,4.329004329004329
0.2316633266533065,284256.0,4.316608996539794
0.232,20201400.0,4.310344827586206
0.233,20201400.0,4.291845493562231
0.2334669338677354,284256.0,4.283261802575109
0.234,20201400.0,4.273504273504273
0.235,20201400.0,4.25531914893617
0.2352705410821642,284256.0,4.250425894378196
0.236,20154024.0,4.237288135593221
0.237,20154024.0,4.219409282700422
0.2370741482965931,284256.0,4.218089602704989
0.238,20154024.0,4.201680672268908
0.238877755511022,236880.0,4.186241610738255
0.239,20154024.0,4.184100418410042
0.24,20154024.0,4.166666666666667
0.2406813627254509,236880.0,4.1548709408825975
0.241,20154024.0,4.149377593360996
0.242,20114544.0,4.132231404958678
0.2424849699398797,236880.0,4.123966942148761
0.243,20114544.0,4.11522633744856
0.244,20114544.0,4.098360655737705
0.2442885771543086,236880.0,4.093519278096801
0.245,20114544.0,4.081632653061225
0.246,20114544.0,4.065040650406504
0.2460921843687374,236880.0,4.063517915309448
0.247,20075064.0,4.048582995951417
0.2478957915831663,236880.0,4.033953112368635
0.248,20075064.0,4.032258064516129
0.249,20075064.0,4.016064257028113
0.2496993987975951,236880.0,4.004815409309793
0.25,20075064.0,4.0
0.251,20075064.0,3.9840637450199203
0.251503006012024,236880.0,3.976095617529881
0.252,20075064.0,3.9682539682539684
0.253,20012232.0,3.952569169960474
0.2533066132264528,236880.0,3.9477848101265836
0.254,20012232.0,3.937007874015748
0.255,20012232.0,3.9215686274509802
0.2551102204408817,236880.0,3.9198743126472904
0.256,20012232.0,3.90625
0.2569138276553105,236880.0,3.8923556942277706
0.257,20012232.0,3.8910505836575875
0.258,20012232.0,3.875968992248062
0.2587174348697394,236880.0,3.8652207591014727
0.259,20012232.0,3.861003861003861
0.26,20012232.0,3.846153846153846
0.2605210420841684,236880.0,3.8384615384615377
0.261,20012232.0,3.8314176245210727
0.262,19978308.0,3.8167938931297707
0.2623246492985972,236880.0,3.8120702826585173
0.263,19978308.0,3.8022813688212924
0.264,19932072.0,3.7878787878787876
0.264128256513026,236880.0,3.7860394537177546
0.265,19884696.0,3.773584905660377
0.2659318637274549,236880.0,3.760361718161266
0.266,19884696.0,3.7593984962406015
0.267,19829424.0,3.745318352059925
0.2677354709418837,236880.0,3.735029940119761
0.268,19829424.0,3.731343283582089
0.269,19829424.0,3.717472118959108
0.2695390781563126,236880.0,3.7100371747211898
0.27,19829424.0,3.7037037037037033
0.271,19789944.0,3.6900369003690034
0.2713426853707414,236880.0,3.6853766617429846
0.272,19789944.0,3.676470588235294
0.273,19789944.0,3.663003663003663
0.2731462925851703,236880.0,3.6610418195157743
0.274,19789944.0,3.64963503649635
0.2749498997995991,236880.0,3.6370262390670565
0.275,19789944.0,3.6363636363636362
0.276,19789944.0,3.623188405797101
0.276753507014028,236880.0,3.613323678493846
0.277,19789944.0,3.6101083032490973
0.278,19789944.0,3.597122302158273
0.2785571142284568,236880.0,3.589928057553958
0.279,19616856.0,3.584229390681003
0.28,19616856.0,3.571428571428571
0.2803607214428857,236880.0,3.566833452466048
0.281,19577376.0,3.558718861209964
0.282,19577376.0,3.546099290780142
0.2821643286573146,236880.0,3.5440340909090913
0.283,19577376.0,3.53356890459364
0.2839679358717435,236880.0,3.5215243472124205
0.284,19577376.0,3.5211267605633805
0.285,19577376.0,3.5087719298245617
0.2857715430861723,236880.0,3.499298737727911
0.286,19577376.0,3.4965034965034967
0.287,19577376.0,3.4843205574912894
0.2875751503006012,236880.0,3.4773519163763065
0.288,19530000.0,3.4722222222222223
0.289,19530000.0,3.4602076124567476
0.28937875751503,236880.0,3.4556786703601117
0.29,19530000.0,3.4482758620689657
0.291,19530000.0,3.436426116838488
0.2911823647294589,236880.0,3.4342739160357882
0.292,19530000.0,3.4246575342465757
0.2929859719438877,236880.0,3.4131326949384415
0.293,19530000.0,3.4129692832764507
0.294,19530000.0,3.4013605442176873
0.2947895791583166,236880.0,3.3922501699524137
0.295,19530000.0,3.3898305084745766
0.296,19467168.0,3.3783783783783785
0.2965931863727454,236880.0,3.371621621621623
0.297,19467168.0,3.367003367003367
0.298,19467168.0,3.3557046979865772
0.2983967935871743,236880.0,3.3512424445936877
0.299,19427688.0,3.3444816053511706
0.3,19381452.0,3.3333333333333335
0.3002004008016031,236880.0,3.3311081441922576
0.301,19381452.0,3.3222591362126246
0.302,19326180.0,3.3112582781456954
0.302004008016032,236880.0,3.311214333112144
0.303,19326180.0,3.3003300330033003
0.3038076152304609,236880.0,3.29155672823219
0.304,19292256.0,3.2894736842105265
0.305,19292256.0,3.278688524590164
0.3056112224448898,236880.0,3.2721311475409833
0.306,19292256.0,3.2679738562091503
0.307,19292256.0,3.257328990228013
0.3074148296593186,236880.0,3.2529335071707957
0.308,19292256.0,3.2467532467532467
0.309,19292256.0,3.236245954692557
0.3092184368737475,236880.0,3.233959818535321
0.31,19292256.0,3.2258064516129035
0.311,19292256.0,3.215434083601286
0.3110220440881763,236880.0,3.215206185567011
0.312,19292256.0,3.2051282051282053
0.3128256513026052,236880.0,3.196668802049968
0.313,19292256.0,3.194888178913738
0.314,19252776.0,3.1847133757961785
0.314629258517034,236880.0,3.178343949044587
0.315,19252776.0,3.1746031746031744
0.316,19252776.0,3.1645569620253164
0.3164328657314629,236880.0,3.1602279924002534
0.317,19252776.0,3.1545741324921135
0.318,19142568.0,3.144654088050314
0.3182364729458917,236880.0,3.1423173803526456
0.319,19142568.0,3.134796238244514
0.32,19142568.0,3.125
0.3200400801603206,236880.0,3.1246086412022547
0.321,19142568.0,3.115264797507788
0.3218436873747494,236880.0,3.1070983810709847
0.322,19142568.0,3.1055900621118013
0.323,19142568.0,3.095975232198142
0.3236472945891784,236880.0,3.089783281733746
0.324,19142568.0,3.0864197530864197
0.325,19142568.0,3.0769230769230766
0.3254509018036072,236880.0,3.0726600985221677
0.326,19142568.0,3.067484662576687
0.327,19142568.0,3.058103975535168
0.3272545090180361,236880.0,3.0557256582976113
0.328,19103088.0,3.048780487804878
0.329,19103088.0,3.03951367781155
0.3290581162324649,236880.0,3.0389768574908653
0.33,19103088.0,3.0303030303030303
0.3308617234468938,236880.0,3.0224106602059355
0.331,19103088.0,3.021148036253776
0.332,19103088.0,3.012048192771084
0.3326653306613226,236880.0,3.0060240963855427
0.333,19103088.0,3.003003003003003
0.334,19103088.0,2.994011976047904
0.3344689378757515,189504.0,2.9898142600359496
0.335,19103088.0,2.9850746268656714
0.336,19103088.0,2.976190476190476
0.3362725450901803,189504.0,2.97377830750894
0.337,19103088.0,2.9673590504451037
0.338,19103088.0,2.9585798816568047
0.3380761523046092,189504.0,2.957913455838767
0.339,19103088.0,2.949852507374631
0.339879759519038,189504.0,2.942216981132076
0.34,19103088.0,2.941176470588235
0.341,19103088.0,2.9325513196480935
0.3416833667334669,189504.0,2.926686217008798
0.342,19103088.0,2.923976608187134
0.343,19103088.0,2.9154518950437316
0.3434869739478957,189504.0,2.911318553092183
0.344,19069164.0,2.906976744186047
0.345,19069164.0,2.8985507246376816
0.3452905811623247,189504.0,2.89611143354614
0.346,19069164.0,2.8901734104046244
0.347,19069164.0,2.8818443804034586
0.3470941883767535,189504.0,2.881062355658199
0.348,19069164.0,2.873563218390805
0.3488977955911824,189504.0,2.8661688684663984
0.349,19013892.0,2.865329512893983
0.35,18951060.0,2.857142857142857
0.3507014028056112,189504.0,2.851428571428572
0.351,18865344.0,2.8490028490028494
0.352,18865344.0,2.8409090909090913
0.3525050100200401,189504.0,2.8368391131324615
0.353,18865344.0,2.8328611898017
0.354,18865344.0,2.824858757062147
0.3543086172344689,189504.0,2.8223981900452495
0.355,18865344.0,2.8169014084507045
0.356,18817968.0,2.808988764044944
0.3561122244488978,189504.0,2.808103545301069
0.357,18817968.0,2.801120448179272
0.3579158316633266,189504.0,2.7939529675251964
0.358,18817968.0,2.793296089385475
0.359,18817968.0,2.785515320334262
0.3597194388777555,189504.0,2.7799442896935935
0.36,18817968.0,2.7777777777777777
0.361,18817968.0,2.770083102493075
0.3615230460921843,189504.0,2.7660753880266085
0.362,18817968.0,2.7624309392265194
0.363,18817968.0,2.7548209366391188
0.3633266533066132,189504.0,2.75234418091561
0.364,18644880.0,2.7472527472527473
0.365,18605400.0,2.73972602739726
0.365130260521042,189504.0,2.7387486278814492
0.366,18605400.0,2.73224043715847
0.366933867735471,189504.0,2.725286728563626
0.367,18605400.0,2.7247956403269757
0.368,18605400.0,2.717391304347826
0.3687374749498998,189504.0,2.7119565217391304
0.369,18605400.0,2.710027100271003
0.37,18605400.0,2.7027027027027026
0.3705410821643287,189504.0,2.6987560843699296
0.371,18605400.0,2.6954177897574123
0.372,18605400.0,2.6881720430107525
0.3723446893787575,189504.0,2.685683530678149
0.373,18605400.0,2.680965147453083
0.374,18605400.0,2.6737967914438503
0.3741482965931864,189504.0,2.6727370112479916
0.375,18605400.0,2.6666666666666665
0.3759519038076152,189504.0,2.6599147121535185
0.376,18605400.0,2.6595744680851063
0.377,18605400.0,2.6525198938992043
0.3777555110220441,189504.0,2.647214854111406
0.378,18605400.0,2.6455026455026456
0.379,18605400.0,2.638522427440633
0.3795591182364729,189504.0,2.6346356916578673
0.38,18605400.0,2.6315789473684212
0.381,18542568.0,2.6246719160104988
0.3813627254509018,189504.0,2.6221755123489228
0.382,18542568.0,2.6178010471204187
0.383,18542568.0,2.6109660574412534
0.3831663326653306,189504.0,2.6098326359832638
0.384,18542568.0,2.6041666666666665
0.3849699398797594,189504.0,2.5976054138469555
0.385,18542568.0,2.5974025974025974
0.386,18503088.0,2.5906735751295336
0.3867735470941883,189504.0,2.585492227979275
0.387,18503088.0,2.5839793281653747
0.388,18503088.0,2.5773195876288657
0.3885771543086173,189504.0,2.5734914904589994
0.389,18447816.0,2.570694087403599
0.39,18447816.0,2.564102564102564
0.3903807615230461,189504.0,2.561601642710472
0.391,18447816.0,2.557544757033248
0.392,18401580.0,2.5510204081632653
0.392184368737475,189504.0,2.5498211548288197
0.393,18367656.0,2.544529262086514
0.3939879759519038,189504.0,2.538148524923703
0.394,18367656.0,2.5380710659898478
0.395,18367656.0,2.531645569620253
0.3957915831663326,189504.0,2.526582278481013
0.396,18328176.0,2.525252525252525
0.397,18280800.0,2.5188916876574305
0.3975951903807615,189504.0,2.5151209677419355
0.398,18280800.0,2.5125628140703515
0.399,18280800.0,2.506265664160401
0.3993987975951903,189504.0,2.5037631710988464
0.4,18280800.0,2.5
0.401,18280800.0,2.4937655860349124
0.4012024048096192,189504.0,2.492507492507493
0.402,18280800.0,2.487562189054726
0.403,18280800.0,2.4813895781637716
0.403006012024048,189504.0,2.481352560914968
0.404,18280800.0,2.4752475247524752
0.4048096192384769,189504.0,2.4702970297029707
0.405,18280800.0,2.4691358024691357
0.406,18280800.0,2.463054187192118
0.4066132264529057,189504.0,2.459339576145885
0.407,18280800.0,2.4570024570024573
0.408,18280800.0,2.450980392156863
0.4084168336673346,189504.0,2.4484789008832193
0.409,18280800.0,2.444987775061125
0.41,18217968.0,2.4390243902439024
0.4102204408817635,189504.0,2.43771372740596
0.411,18217968.0,2.4330900243309004
0.412,18178488.0,2.4271844660194177
0.4120240480961924,189504.0,2.42704280155642
0.413,18178488.0,2.4213075060532687
0.4138276553106212,189504.0,2.4164648910411626
0.414,18178488.0,2.4154589371980677
0.415,18178488.0,2.4096385542168677
0.4156312625250501,189504.0,2.4059787849566057
0.416,18178488.0,2.4038461538461537
0.417,18178488.0,2.3980815347721824
0.4174348697394789,189504.0,2.3955832933269328
0.418,18178488.0,2.3923444976076556
0.419,18178488.0,2.3866348448687353
0.4192384769539078,189504.0,2.38527724665392
0.42,18178488.0,2.380952380952381
0.421,18178488.0,2.375296912114014
0.4210420841683366,189504.0,2.375059495478344
0.422,18178488.0,2.3696682464454977
0.4228456913827655,189504.0,2.364928909952607
0.423,18178488.0,2.3640661938534278
0.424,18178488.0,2.358490566037736
0.4246492985971943,189504.0,2.354884379424257
0.425,18178488.0,2.3529411764705883
0.426,18139008.0,2.347417840375587
0.4264529058116232,189504.0,2.3449248120300754
0.427,18139008.0,2.34192037470726
0.428,18139008.0,2.336448598130841
0.428256513026052,189504.0,2.3350491343004216
0.429,18139008.0,2.331002331002331
0.43,18091632.0,2.3255813953488373
0.4300601202404809,189504.0,2.3252562907735324
0.431,18091632.0,2.320185614849188
0.4318637274549098,189504.0,2.3155452436194897
0.432,18091632.0,2.314814814814815
0.433,18091632.0,2.3094688221709005
0.4336673346693387,189504.0,2.3059149722735675
0.434,18091632.0,2.3041474654377883
0.435,18091632.0,2.2988505747126435
0.4354709418837675,189504.0,2.296364473078693
0.436,18091632.0,2.293577981651376
0.437,18091632.0,2.288329519450801
0.4372745490981964,189504.0,2.286892758936755
0.438,18052152.0,2.2831050228310503
0.439,17989320.0,2.277904328018223
0.4390781563126252,189504.0,2.277498858968508
0.44,17934048.0,2.272727272727273
0.4408817635270541,189504.0,2.268181818181818
0.441,17934048.0,2.2675736961451247
0.442,17887812.0,2.262443438914027
0.4426853707414829,189504.0,2.2589406971480313
0.443,17887812.0,2.2573363431151243
0.444,17887812.0,2.2522522522522523
0.4444889779559118,189504.0,2.249774571686204
0.445,17887812.0,2.247191011235955
0.446,17887812.0,2.242152466367713
0.4462925851703406,189504.0,2.2406825325550073
0.447,17853888.0,2.237136465324385
0.448,17853888.0,2.232142857142857
0.4480961923847695,189504.0,2.2316636851520575
0.449,17853888.0,2.2271714922048997
0.4498997995991983,189504.0,2.2227171492204905
0.45,17853888.0,2.2222222222222223
0.451,17853888.0,2.2172949002217295
0.4517034068136272,189504.0,2.213842058562556
0.452,17853888.0,2.2123893805309733
0.453,17853888.0,2.2075055187637966
0.4535070140280561,189504.0,2.205037560760053
0.454,17853888.0,2.202643171806167
0.455,17853888.0,2.1978021978021975
0.455310621242485,189504.0,2.1963028169014085
0.456,17853888.0,2.1929824561403506
0.457,17853888.0,2.1881838074398248
0.4571142284569138,189504.0,2.187637001315213
0.458,17853888.0,2.1834061135371177
0.4589178356713427,189504.0,2.1790393013100435
0.459,17853888.0,2.178649237472767
0.46,17814408.0,2.1739130434782608
0.4607214428857715,189504.0,2.1705089169204004
0.461,17767032.0,2.1691973969631237
0.462,17767032.0,2.1645021645021645
0.4625250501002004,142128.0,2.162045060658579
0.463,17767032.0,2.159827213822894
0.464,17767032.0,2.155172413793103
0.4643286573146292,142128.0,2.1536469572723353
0.465,17767032.0,2.150537634408602
0.466,17767032.0,2.1459227467811157
0.4661322645290581,142128.0,2.1453138435081684
0.467,17767032.0,2.141327623126338
0.4679358717434869,142128.0,2.1370449678800862
0.468,17767032.0,2.1367521367521367
0.469,17767032.0,2.1321961620469083
0.4697394789579158,142128.0,2.128839590443686
0.47,17767032.0,2.127659574468085
0.471,17767032.0,2.1231422505307855
0.4715430861723446,142128.0,2.1206969825754363
0.472,17767032.0,2.1186440677966103
0.473,17727552.0,2.1141649048625792
0.4733466933867735,142128.0,2.112616426756986
0.474,17727552.0,2.109704641350211
0.475,17554464.0,2.1052631578947367
0.4751503006012024,142128.0,2.1045972163644033
0.476,17554464.0,2.100840336134454
0.4769539078156313,142128.0,2.0966386554621845
0.477,17554464.0,2.0964360587002098
0.478,17554464.0,2.092050209205021
0.4787575150300601,142128.0,2.0887400586019256
0.479,17499192.0,2.0876826722338206
0.48,17499192.0,2.0833333333333335
0.480561122244489,142128.0,2.080900750625521
0.481,17499192.0,2.079002079002079
0.482,17499192.0,2.074688796680498
0.4823647294589178,142128.0,2.073120066472788
0.483,17499192.0,2.070393374741201
0.484,17499192.0,2.066115702479339
0.4841683366733467,142128.0,2.0653973509933774
0.485,17499192.0,2.061855670103093
0.4859719438877755,142128.0,2.057731958762887
0.486,17499192.0,2.05761316872428
0.487,17499192.0,2.053388090349076
0.4877755511022044,142128.0,2.0501232539030405
0.488,17499192.0,2.0491803278688523
0.489,17436360.0,2.044989775051125
0.4895791583166332,142128.0,2.042570609905854
0.49,17436360.0,2.0408163265306123
0.491,17436360.0,2.0366598778004072
0.4913827655310621,142128.0,2.0350734094616643
0.492,17436360.0,2.032520325203252
0.493,17436360.0,2.028397565922921
0.4931863727454909,142128.0,2.027631044290939
0.494,17436360.0,2.0242914979757085
0.4949899799599198,142128.0,2.0202429149797574
0.495,17436360.0,2.0202020202020203
0.496,17436360.0,2.0161290322580645
0.4967935871743487,142128.0,2.0129084308188787
0.497,17436360.0,2.0120724346076457
0.498,17436360.0,2.0080321285140563
0.4985971943887776,142128.0,2.005627009646302
0.499,17436360.0,2.004008016032064
0.5,17390124.0,2.0
0.5004008016032064,142128.0,1.9983980776932317
0.501,17390124.0,1.996007984031936
0.502,17390124.0,1.9920318725099602
0.5022044088176353,142128.0,1.9912210694333599
0.503,17342748.0,1.9880715705765408
0.504,17342748.0,1.9841269841269842
0.5040080160320641,142128.0,1.9840954274353877
0.505,17342748.0,1.9801980198019802
0.505811623246493,142128.0,1.9770206022187005
0.506,17342748.0,1.976284584980237
0.507,17269344.0,1.9723865877712032
0.5076152304609218,142128.0,1.96999605211212
0.508,17269344.0,1.968503937007874
0.509,17229864.0,1.9646365422396856
0.5094188376753507,142128.0,1.963021243115657
0.51,17174592.0,1.9607843137254901
0.511,17174592.0,1.9569471624266144
0.5112224448897795,142128.0,1.9560956487651902
0.512,17174592.0,1.953125
0.513,17174592.0,1.949317738791423
0.5130260521042085,142128.0,1.9492187499999998
0.514,17174592.0,1.9455252918287937
0.5148296593186372,142128.0,1.942390035033087
0.515,17174592.0,1.941747572815534
0.516,17174592.0,1.937984496124031
0.5166332665330662,142128.0,1.9356089992242047
0.517,17174592.0,1.9342359767891681
0.518,17174592.0,1.9305019305019304
0.5184368737474949,142128.0,1.9288751449555472
0.519,17174592.0,1.9267822736030829
0.52,17174592.0,1.923076923076923
0.5202404809619239,142128.0,1.9221879815100154
0.521,17174592.0,1.9193857965451055
0.522,17174592.0,1.9157088122605364
0.5220440881763526,142128.0,1.9155470249520157
0.523,17174592.0,1.9120458891013383
0.5238476953907816,142128.0,1.9089517980107116
0.524,17174592.0,1.9083969465648853
0.525,17174592.0,1.9047619047619047
0.5256513026052104,142128.0,1.9024018299656882
0.526,17174592.0,1.9011406844106462
0.527,17174592.0,1.8975332068311195
0.5274549098196393,142128.0,1.8958966565349544
0.528,17174592.0,1.8939393939393938
0.529,17174592.0,1.8903591682419658
0.5292585170340681,142128.0,1.8894358197652406
0.53,17174592.0,1.8867924528301885
0.531,17174592.0,1.8832391713747645
0.531062124248497,142128.0,1.8830188679245283
0.532,17135112.0,1.8796992481203008
0.5328657314629258,142128.0,1.876645355396766
0.533,17072280.0,1.8761726078799248
0.534,17072280.0,1.8726591760299625
0.5346693386773547,142128.0,1.8703148425787108
0.535,17072280.0,1.8691588785046729
0.536,17072280.0,1.8656716417910446
0.5364729458917836,142128.0,1.8640268957788568
0.537,17072280.0,1.8621973929236497
0.538,17072280.0,1.858736059479554
0.5382765531062124,142128.0,1.857781087118392
0.539,17072280.0,1.8552875695732838
0.54,17072280.0,1.8518518518518516
0.5400801603206413,142128.0,1.8515769944341371
0.541,17024904.0,1.8484288354898335
0.5418837675350701,142128.0,1.8454142011834322
0.542,17024904.0,1.8450184501845017
0.543,17024904.0,1.8416206261510129
0.543687374749499,142128.0,1.839292296350903
0.544,17024904.0,1.838235294117647
0.545,17024904.0,1.8348623853211008
0.5454909819639279,142128.0,1.8332108743570903
0.546,17024904.0,1.8315018315018314
0.547,17024904.0,1.8281535648994514
0.5472945891783567,142128.0,1.827169534968876
0.548,16985424.0,1.824817518248175
0.549,16939188.0,1.8214936247723132
0.5490981963927856,142128.0,1.8211678832116789
0.55,16939188.0,1.8181818181818181
0.5509018036072144,142128.0,1.8152055292833758
0.551,16939188.0,1.8148820326678765
0.552,16939188.0,1.8115942028985506
0.5527054108216433,142128.0,1.809282088469906
0.553,16939188.0,1.8083182640144664
0.554,16939188.0,1.8050541516245486
0.5545090180360721,142128.0,1.8033971810625227
0.555,16939188.0,1.8018018018018016
0.556,16939188.0,1.7985611510791366
0.5563126252505011,142128.0,1.797550432276657
0.557,16939188.0,1.7953321364452421
0.558,16905264.0,1.7921146953405016
0.5581162324649298,142128.0,1.7917414721723521
0.559,16849992.0,1.7889087656529514
0.5599198396793588,142128.0,1.7859699355762346
0.56,16849992.0,1.7857142857142856
0.561,16849992.0,1.7825311942959
0.5617234468937875,142128.0,1.780235462004995
0.562,16849992.0,1.779359430604982
0.563,16849992.0,1.7761989342806397
0.5635270541082165,142128.0,1.7745376955903271
0.564,16849992.0,1.773049645390071
0.565,16810512.0,1.7699115044247788
0.5653306613226453,142128.0,1.7688762850053172
0.566,16810512.0,1.76678445229682
0.567,16810512.0,1.7636684303350971
0.5671342685370742,142128.0,1.763250883392226
0.568,16810512.0,1.7605633802816902
0.568937875751503,142128.0,1.757661148291652
0.569,16810512.0,1.7574692442882252
0.57,16763136.0,1.7543859649122808
0.5707414829659319,142128.0,1.7521067415730338
0.571,16763136.0,1.7513134851138354
0.572,16763136.0,1.7482517482517483
0.5725450901803607,142128.0,1.7465873293664684
0.573,16763136.0,1.7452006980802794
0.574,16763136.0,1.7421602787456447
0.5743486973947896,142128.0,1.741102581995813
0.575,16763136.0,1.7391304347826089
0.576,16700304.0,1.7361111111111112
0.5761523046092185,142128.0,1.7356521739130433
0.577,16700304.0,1.733102253032929
0.5779559118236473,142128.0,1.730235783633842
0.578,16700304.0,1.7301038062283738
0.579,16700304.0,1.7271157167530227
0.5797595190380762,142128.0,1.7248530936743862
0.58,16700304.0,1.7241379310344829
0.581,16660824.0,1.721170395869191
0.581563126252505,142128.0,1.719503790489318
0.582,16660824.0,1.718213058419244
0.583,16660824.0,1.7152658662092626
0.5833667334669339,142128.0,1.7141875644108553
0.584,16660824.0,1.7123287671232879
0.585,16660824.0,1.7094017094017095
0.5851703406813626,142128.0,1.7089041095890414
0.586,16660824.0,1.7064846416382253
0.5869739478957916,142128.0,1.703653123933083
0.587,16660824.0,1.7035775127768313
0.588,16660824.0,1.7006802721088436
0.5887775551102205,142128.0,1.6984343090537781
0.589,16660824.0,1.697792869269949
0.59,16660824.0,1.6949152542372883
0.5905811623246493,142128.0,1.6932473702069901
0.591,16660824.0,1.6920473773265652
0.592,16660824.0,1.6891891891891893
0.5923847695390781,142128.0,1.6880920162381596
0.593,16660824.0,1.6863406408094437
0.594,16660824.0,1.6835016835016836
0.594188376753507,142128.0,1.6829679595278246
0.595,16660824.0,1.680672268907563
0.5959919839679358,142128.0,1.6778749159381305
0.596,16660824.0,1.6778523489932886
0.597,16660824.0,1.6750418760469012
0.5977955911823647,142128.0,1.6728126047603085
0.598,16660824.0,1.6722408026755853
0.599,16660824.0,1.669449081803005
0.5995991983967937,142128.0,1.6677807486631013
0.6,16660824.0,1.6666666666666667
0.601,16487736.0,1.663893510815308
0.6014028056112224,142128.0,1.6627790736421195
0.602,16424904.0,1.6611295681063123
0.603,16385424.0,1.658374792703151
0.6032064128256514,142128.0,1.6578073089700995
0.604,16385424.0,1.6556291390728477
0.605,16339188.0,1.6528925619834711
0.6050100200400801,142128.0,1.6528651871480624
0.606,16291812.0,1.6501650165016502
0.606813627254509,142128.0,1.6479524438573314
0.607,16291812.0,1.6474464579901154
0.608,16257888.0,1.6447368421052633
0.6086172344689379,142128.0,1.6430688179124135
0.609,16257888.0,1.6420361247947455
0.61,16202616.0,1.639344262295082
0.6104208416833667,142128.0,1.6382140512147079
0.611,16202616.0,1.6366612111292962
0.612,16202616.0,1.6339869281045751
0.6122244488977956,142128.0,1.6333878887070377
0.613,16202616.0,1.6313213703099512
0.614,16202616.0,1.6286644951140066
0.6140280561122244,142128.0,1.6285900783289817
0.615,16202616.0,1.6260162601626016
0.6158316633266533,142128.0,1.6238203709729906
0.616,16202616.0,1.6233766233766234
0.617,16202616.0,1.6207455429497568
0.6176352705410821,142128.0,1.6190785204412719
0.618,16202616.0,1.6181229773462784
0.619,16202616.0,1.6155088852988693
0.6194388777555111,142128.0,1.614364283403429
0.62,16202616.0,1.6129032258064517
0.621,16202616.0,1.6103059581320451
0.6212424849699398,112696.01603206544,1.6096774193548389
0.622,16202616.0,1.607717041800643
0.623,16202616.0,1.6051364365971108
0.6230460921843688,94752.0,1.6050176905757476
0.624,16163136.0,1.6025641025641026
0.6248496993987975,94752.0,1.600384862091084
0.625,16163136.0,1.6
0.626,16163136.0,1.597444089456869
0.6266533066132265,94752.0,1.5957787016309561
0.627,16163136.0,1.594896331738437
0.628,16163136.0,1.5923566878980893
0.6284569138276552,94752.0,1.5911989795918369
0.629,16163136.0,1.589825119236884
0.63,16163136.0,1.5873015873015872
0.6302605210420842,94752.0,1.5866454689984102
0.631,16163136.0,1.5847860538827259
0.632,16100304.0,1.5822784810126582
0.632064128256513,94752.0,1.5821179454660748
0.633,16100304.0,1.5797788309636651
0.6338677354709419,94752.0,1.5776161871640848
0.634,16100304.0,1.5772870662460567
0.635,16060824.0,1.574803149606299
0.6356713426853707,94752.0,1.573139974779319
0.636,16060824.0,1.572327044025157
0.637,16060824.0,1.5698587127158556
0.6374749498997996,94752.0,1.5686890914806666
0.638,16060824.0,1.567398119122257
0.639,16060824.0,1.5649452269170578
0.6392785571142284,94752.0,1.5642633228840126
0.64,16013448.0,1.5625
0.641,16013448.0,1.5600624024960998
0.6410821643286573,94752.0,1.5598624570178181
0.642,16013448.0,1.557632398753894
0.6428857715430862,94752.0,1.5554862842892767
0.643,16013448.0,1.5552099533437014
0.644,16013448.0,1.5527950310559007
0.644689378757515,94752.0,1.5511345974510415
0.645,16013448.0,1.5503875968992247
0.646,16013448.0,1.547987616099071
0.6464929859719439,94752.0,1.5468071915685058
0.647,16013448.0,1.5455950540958268
0.648,16013448.0,1.5432098765432098
0.6482965931863727,94752.0,1.5425038639876354
0.649,16013448.0,1.5408320493066254
0.65,16013448.0,1.5384615384615383
0.6501002004008016,94752.0,1.5382244143033292
0.651,16013448.0,1.5360983102918586
0.6519038076152305,94752.0,1.5339686443283123
0.652,15973968.0,1.5337423312883436
0.653,15973968.0,1.5313935681470137
0.6537074148296593,94752.0,1.5297363580625383
0.654,15927732.0,1.529051987767584
0.655,15927732.0,1.5267175572519083
0.6555110220440882,94752.0,1.5255273616631
0.656,15872460.0,1.524390243902439
0.657,15872460.0,1.5220700152207
0.657314629258517,94752.0,1.5213414634146343
0.658,15872460.0,1.519756838905775
0.659,15872460.0,1.5174506828528072
0.6591182364729459,94752.0,1.517178473700213
0.66,15872460.0,1.5151515151515151
0.6609218436873747,94752.0,1.5130382049727107
0.661,15872460.0,1.51285930408472
0.662,15872460.0,1.510574018126888
0.6627254509018037,94752.0,1.5089204717266402
0.663,15872460.0,1.5082956259426847
0.664,15838536.0,1.506024096385542
0.6645290581162324,94752.0,1.5048250904704463
0.665,15838536.0,1.5037593984962405
0.666,15838536.0,1.5015015015015014
0.6663326653306614,94752.0,1.500751879699248
0.667,15838536.0,1.4992503748125936
0.668,15838536.0,1.497005988023952
0.6681362725450901,94752.0,1.4967006598680266
0.669,15838536.0,1.4947683109118086
0.6699398797595191,94752.0,1.4926712533652406
0.67,15799056.0,1.4925373134328357
0.671,15799056.0,1.4903129657228018
0.6717434869739478,94752.0,1.4886634844868738
0.672,15799056.0,1.488095238095238
0.673,15799056.0,1.4858841010401187
0.6735470941883768,94752.0,1.4846771794108895
0.674,15799056.0,1.4836795252225519
0.675,15736224.0,1.4814814814814814
0.6753507014028056,94752.0,1.4807121661721068
0.676,15688848.0,1.4792899408284024
0.677,15688848.0,1.4771048744460855
0.6771543086172345,94752.0,1.4767682746374666
0.678,15688848.0,1.4749262536873156
0.6789579158316633,94752.0,1.4728453364817002
0.679,15688848.0,1.4727540500736376
0.68,15688848.0,1.4705882352941175
0.6807615230460922,94752.0,1.4689431851633794
0.681,15688848.0,1.4684287812041115
0.682,15688848.0,1.4662756598240467
0.682565130260521,94752.0,1.4650616559013505
0.683,15688848.0,1.4641288433382136
0.684,15688848.0,1.461988304093567
0.6843687374749499,94752.0,1.4612005856515373
0.685,15688848.0,1.4598540145985401
0.686,15649368.0,1.4577259475218658
0.6861723446893788,94752.0,1.457359813084112
0.687,15594096.0,1.455604075691412
0.6879759519038076,94752.0,1.4535391785610254
0.688,15594096.0,1.4534883720930234
0.689,15594096.0,1.451378809869376
0.6897795591182365,94752.0,1.4497385241138872
0.69,15594096.0,1.4492753623188408
0.691,15594096.0,1.4471780028943562
0.6915831663326653,94752.0,1.4459576934221967
0.692,15594096.0,1.4450867052023122
0.693,15594096.0,1.443001443001443
0.6933867735470942,94752.0,1.4421965317919074
0.694,15594096.0,1.4409221902017293
0.695,15594096.0,1.4388489208633095
0.6951903807615231,94752.0,1.4384548861343327
0.696,15594096.0,1.4367816091954024
0.6969939879759519,94752.0,1.4347326049453708
0.697,15594096.0,1.4347202295552368
0.698,15594096.0,1.4326647564469914
0.6987975951903808,94752.0,1.4310295382850589
0.699,15594096.0,1.430615164520744
0.7,15594096.0,1.4285714285714286
0.7006012024048096,94752.0,1.427345537757437
0.701,15554616.0,1.4265335235378032
0.702,15554616.0,1.4245014245014247
0.7024048096192385,94752.0,1.4236804564907275
0.703,15554616.0,1.4224751066856332
0.704,15554616.0,1.4204545454545456
0.7042084168336673,94752.0,1.4200341491178146
0.705,15554616.0,1.4184397163120568
0.706,15554616.0,1.41643059490085
0.7060120240480963,94752.0,1.416406471757025
0.707,15554616.0,1.4144271570014144
0.707815631262525,94752.0,1.412797281993205
0.708,15507240.0,1.4124293785310735
0.709,15507240.0,1.4104372355430184
0.709619238476954,94752.0,1.4092064388590793
0.71,15507240.0,1.4084507042253522
0.711,15507240.0,1.4064697609001406
0.7114228456913827,94752.0,1.4056338028169015
0.712,15507240.0,1.404494382022472
0.713,15461004.0,1.402524544179523
0.7132264529058117,94752.0,1.4020792357403764
0.714,15421524.0,1.400560224089636
0.715,15421524.0,1.3986013986013988
0.7150300601202404,94752.0,1.398542600896861
0.716,15421524.0,1.3966480446927374
0.7168336673346694,94752.0,1.3950237629298294
0.717,15421524.0,1.394700139470014
0.718,15421524.0,1.392757660167131
0.7186372745490982,94752.0,1.3915225878416062
0.719,15358692.0,1.3908205841446455
0.72,15358692.0,1.3888888888888888
0.720440881763527,94752.0,1.388038942976356
0.721,15324768.0,1.3869625520110958
0.722,15324768.0,1.3850415512465375
0.7222444889779559,94752.0,1.3845726970033296
0.723,15324768.0,1.3831258644536653
0.724,15324768.0,1.3812154696132597
0.7240480961923847,94752.0,1.3811237199003599
0.725,15151680.0,1.3793103448275863
0.7258517034068136,94752.0,1.3776918829376037
0.726,15151680.0,1.3774104683195594
0.727,15151680.0,1.375515818431912
0.7276553106212424,94752.0,1.3742770586615258
0.728,15151680.0,1.3736263736263736
0.729,15151680.0,1.3717421124828533
0.7294589178356714,94752.0,1.3708791208791207
0.73,15151680.0,1.36986301369863
0.731,15151680.0,1.3679890560875514
0.7312625250501001,94752.0,1.3674979446423678
0.732,15151680.0,1.366120218579235
0.733,15112200.0,1.364256480218281
0.7330661322645291,94752.0,1.364133406232914
0.734,15112200.0,1.3623978201634879
0.7348697394789578,94752.0,1.3607853831469867
0.735,15056928.0,1.3605442176870748
0.736,15017448.0,1.358695652173913
0.7366733466933868,94752.0,1.3574537540805223
0.737,15017448.0,1.3568521031207599
0.738,15017448.0,1.3550135501355014
0.7384769539078156,94752.0,1.3541383989145184
0.739,15017448.0,1.3531799729364005
0.74,15017448.0,1.3513513513513513
0.7402805611222445,94752.0,1.3508391987005957
0.741,15017448.0,1.349527665317139
0.742,15017448.0,1.3477088948787062
0.7420841683366733,94752.0,1.3475560356467728
0.743,15017448.0,1.3458950201884252
0.7438877755511022,94752.0,1.3442887931034484
0.744,14970072.0,1.3440860215053763
0.745,14907240.0,1.342281879194631
0.745691382765531,94752.0,1.3410373555495836
0.746,14907240.0,1.3404825737265416
0.747,14907240.0,1.3386880856760375
0.7474949899799599,47376.0,1.3378016085790885
0.748,14907240.0,1.3368983957219251
0.749,14907240.0,1.335113484646195
0.7492985971943888,47376.0,1.3345814388874029
0.75,14907240.0,1.3333333333333333
0.751,14907240.0,1.3315579227696406
0.7511022044088176,47376.0,1.3313767342582712
0.752,14907240.0,1.3297872340425532
0.7529058116232465,47376.0,1.3281873835507052
0.753,14907240.0,1.3280212483399734
0.754,14907240.0,1.3262599469496021
0.7547094188376753,47376.0,1.3250132766861393
0.755,14907240.0,1.3245033112582782
0.756,14861004.0,1.3227513227513228
0.7565130260521042,47376.0,1.3218543046357616
0.757,14821524.0,1.321003963011889
0.758,14821524.0,1.3192612137203166
0.7583166332665331,47376.0,1.3187103594080338
0.759,14782044.0,1.3175230566534915
0.76,14782044.0,1.3157894736842106
0.7601202404809619,47376.0,1.3155813340363829
0.761,14782044.0,1.314060446780552
0.7619238476953908,47376.0,1.3124671225670699
0.762,14782044.0,1.3123359580052494
0.763,14782044.0,1.310615989515072
0.7637274549098196,47376.0,1.3093676200472317
0.764,14782044.0,1.3089005235602094
0.765,14782044.0,1.3071895424836601
0.7655310621242485,47376.0,1.306282722513089
0.766,14782044.0,1.3054830287206267
0.767,14782044.0,1.303780964797914
0.7673346693386773,47376.0,1.3032123269783233
0.768,14782044.0,1.3020833333333333
0.769,14782044.0,1.3003901170351104
0.7691382765531062,47376.0,1.300156331422616
0.77,14726772.0,1.2987012987012987
0.770941883767535,47376.0,1.2971146347803484
0.771,14726772.0,1.297016861219196
0.772,14692848.0,1.2953367875647668
0.772745490981964,47376.0,1.2940871369294604
0.773,14630016.0,1.2936610608020698
0.774,14582640.0,1.2919896640826873
0.7745490981963927,47376.0,1.2910737386804658
0.775,14582640.0,1.2903225806451613
0.776,14582640.0,1.2886597938144329
0.7763527054108217,47376.0,1.2880743417656169
0.777,14582640.0,1.287001287001287
0.778,14582640.0,1.2853470437017995
0.7781563126252505,47376.0,1.2850888488282255
0.779,14582640.0,1.2836970474967908
0.7799599198396794,47376.0,1.2821171634121273
0.78,14582640.0,1.282051282051282
0.781,14582640.0,1.2804097311139564
0.7817635270541082,47376.0,1.2791591899512944
0.782,14582640.0,1.278772378516624
0.783,14582640.0,1.277139208173691
0.7835671342685371,47376.0,1.2762148337595909
0.784,14582640.0,1.2755102040816326
0.785,14582640.0,1.2738853503184713
0.7853707414829659,47376.0,1.2732840010206685
0.786,14582640.0,1.272264631043257
0.787,14582640.0,1.2706480304955527
0.7871743486973948,47376.0,1.2703665987780042
0.788,14582640.0,1.2690355329949239
0.7889779559118236,47376.0,1.2674625349250699
0.789,14582640.0,1.2674271229404308
0.79,14503680.0,1.2658227848101264
0.7907815631262525,47376.0,1.2645717181956413
0.791,14503680.0,1.2642225031605563
0.792,14503680.0,1.2626262626262625
0.7925851703406813,47376.0,1.2616940581542353
0.793,14503680.0,1.2610340479192939
0.794,14457444.0,1.2594458438287153
0.7943887775551102,47376.0,1.2588294651866803
0.795,14402172.0,1.2578616352201257
0.796,14402172.0,1.2562814070351758
0.7961923847695391,47376.0,1.255977850490813
0.797,14402172.0,1.2547051442910915
0.7979959919839679,47376.0,1.253139126067303
0.798,14402172.0,1.2531328320802004
0.799,14339340.0,1.2515644555694618
0.7997995991983968,47376.0,1.2503132047105987
0.8,14339340.0,1.25
0.801,14339340.0,1.2484394506866416
0.8016032064128257,47376.0,1.2475
0.802,14339340.0,1.2468827930174562
0.803,14339340.0,1.2453300124533
0.8034068136272545,47376.0,1.2446994262908455
0.804,14339340.0,1.243781094527363
0.805,14339340.0,1.2422360248447204
0.8052104208416834,47376.0,1.2419113987058237
0.806,14339340.0,1.2406947890818858
0.807,14339340.0,1.2391573729863692
0.8070140280561122,47376.0,1.2391358331263969
0.808,14291964.0,1.2376237623762376
0.8088176352705411,47376.0,1.236372646184341
0.809,14291964.0,1.2360939431396785
0.81,14252484.0,1.2345679012345678
0.8106212424849699,47376.0,1.2336217552533992
0.811,14252484.0,1.2330456226880393
0.812,14252484.0,1.231527093596059
0.8124248496993988,47376.0,1.2308830784410458
0.813,14252484.0,1.2300123001230012
0.814,14252484.0,1.2285012285012287
0.8142284569138276,47376.0,1.2281565345803593
0.815,14252484.0,1.2269938650306749
0.816,14218560.0,1.2254901960784315
0.8160320641282566,47376.0,1.225442043222004
0.817,14218560.0,1.2239902080783354
0.8178356713426853,47376.0,1.222739524626317
0.818,14179080.0,1.2224938875305624
0.819,14179080.0,1.221001221001221
0.8196392785571143,47376.0,1.2200488997555012
0.82,14179080.0,1.2195121951219512
0.821,14179080.0,1.218026796589525
0.8214428857715431,47376.0,1.2173700902659184
0.822,14179080.0,1.2165450121654502
0.823,14179080.0,1.2150668286755772
0.823246492985972,47376.0,1.2147030185004868
0.824,14179080.0,1.2135922330097089
0.825,14179080.0,1.2121212121212122
0.8250501002004008,47376.0,1.2120476074811757
0.826,14179080.0,1.2106537530266344
0.8268537074148297,47376.0,1.2094037809015996
0.827,14179080.0,1.2091898428053205
0.828,14179080.0,1.2077294685990339
0.8286573146292585,47376.0,1.2067714631197097
0.829,14179080.0,1.2062726176115803
0.83,14179080.0,1.2048192771084338
0.8304609218436874,47376.0,1.204150579150579
0.831,14005992.0,1.203369434416366
0.832,14005992.0,1.2019230769230769
0.8322645290581162,47376.0,1.2015410546592824
0.833,14005992.0,1.2004801920768309
0.834,14005992.0,1.1990407673860912
0.8340681362725451,47376.0,1.1989428159538684
0.835,14005992.0,1.1976047904191618
0.8358717434869739,47376.0,1.1963557899784225
0.836,14005992.0,1.1961722488038278
0.837,13958616.0,1.1947431302270013
0.8376753507014028,47376.0,1.1937799043062203
0.838,13958616.0,1.1933174224343677
0.839,13863864.0,1.1918951132300357
0.8394789579158317,47376.0,1.1912150871329672
0.84,13817628.0,1.1904761904761905
0.841,13817628.0,1.1890606420927468
0.8412825651302605,47376.0,1.1886612672701287
0.842,13754796.0,1.187648456057007
0.843,13754796.0,1.1862396204033214
0.8430861723446894,47376.0,1.1861183741383408
0.844,13754796.0,1.1848341232227488
0.8448897795591183,47376.0,1.1835863377609108
0.845,13754796.0,1.183431952662722
0.846,13754796.0,1.1820330969267139
0.8466933867735471,47376.0,1.1810650887573964
0.847,13754796.0,1.1806375442739079
0.848,13754796.0,1.179245283018868
0.848496993987976,47376.0,1.1785545583372696
0.849,13715316.0,1.1778563015312131
0.85,13715316.0,1.1764705882352942
0.8503006012024048,47376.0,1.17605467829366
0.851,13715316.0,1.1750881316098707
0.852,13681392.0,1.1737089201877935
0.8521042084168337,47376.0,1.1735653809971778
0.853,13681392.0,1.1723329425556859
0.8539078156312625,47376.0,1.1710865993898145
0.854,13681392.0,1.17096018735363
0.855,13681392.0,1.1695906432748537
0.8557114228456913,47376.0,1.1686182669789227
0.856,13681392.0,1.1682242990654206
0.857,13634016.0,1.1668611435239207
0.8575150300601202,47376.0,1.166160317831269
0.858,13594536.0,1.1655011655011656
0.859,13594536.0,1.1641443538998837
0.8593186372745492,47376.0,1.163712686567164
0.86,13594536.0,1.1627906976744187
0.861,13594536.0,1.1614401858304297
0.8611222444889779,47376.0,1.161275308354666
0.862,13594536.0,1.160092807424594
0.8629258517034069,47376.0,1.158848118903855
0.863,13594536.0,1.1587485515643106
0.864,13594536.0,1.1574074074074074
0.8647294589178357,47376.0,1.1564310544611818
0.865,13555056.0,1.1560693641618498
0.866,13499784.0,1.1547344110854503
0.8665330661322646,47376.0,1.1540240518038853
0.867,13499784.0,1.1534025374855825
0.868,13499784.0,1.1520737327188941
0.8683366733466934,47376.0,1.1516270482344795
0.869,13499784.0,1.1507479861910241
0.87,13499784.0,1.1494252873563218
0.8701402805611222,47376.0,1.149239981575311
0.871,13499784.0,1.148105625717566
0.8719438877755511,47376.0,1.146862790163181
0.872,13499784.0,1.146788990825688
0.873,13436952.0,1.145475372279496
0.87374749498998,47376.0,1.1444954128440368
0.874,13389576.0,1.1441647597254005
0.875,13389576.0,1.1428571428571428
0.8755511022044088,47376.0,1.142137788967727
0.876,13389576.0,1.1415525114155252
0.877,13389576.0,1.1402508551881414
0.8773547094188376,47376.0,1.1397898583828232
0.878,13389576.0,1.1389521640091116
0.879,13389576.0,1.1376564277588168
0.8791583166332665,47376.0,1.1374515614315022
0.88,13389576.0,1.1363636363636365
0.8809619238476953,47376.0,1.1351228389444952
0.881,13389576.0,1.1350737797956867
0.882,13389576.0,1.1337868480725624
0.8827655310621243,47376.0,1.1328036322360953
0.883,13350096.0,1.1325028312570782
0.884,13350096.0,1.1312217194570136
0.8845691382765531,47376.0,1.1304938830992297
0.885,13350096.0,1.1299435028248588
0.886,13268796.0,1.1286681715575622
0.886372745490982,47376.0,1.1281935338005877
0.887,13268796.0,1.1273957158962795
0.888,13268796.0,1.1261261261261262
0.8881763527054108,47376.0,1.1259025270758123
0.889,13222560.0,1.124859392575928
0.8899799599198397,47376.0,1.1236208061247466
0.89,13222560.0,1.1235955056179776
0.891,13167288.0,1.122334455667789
0.8917835671342685,47376.0,1.1213483146067416
0.892,13167288.0,1.1210762331838564
0.893,13104456.0,1.1198208286674132
0.8935871743486974,47376.0,1.119084996636017
0.894,13104456.0,1.1185682326621924
0.895,13104456.0,1.1173184357541899
0.8953907815631262,47376.0,1.1168307967770814
0.896,13064976.0,1.1160714285714286
0.897,13064976.0,1.1148272017837235
0.8971943887775551,0.0,1.1145856600402055
0.898,13064976.0,1.1135857461024499
0.8989979959919839,0.0,1.1123495318769505
0.899,13064976.0,1.1123470522803114
0.9,13064976.0,1.1111111111111112
0.9008016032064128,0.0,1.110122358175751
0.901,13064976.0,1.1098779134295227
0.902,13064976.0,1.1086474501108647
0.9026052104208416,0.0,1.107904085257549
0.903,13025496.0,1.1074197120708749
0.904,12978120.0,1.1061946902654867
0.9044088176352704,0.0,1.1056946598714825
0.905,12978120.0,1.1049723756906078
0.906,12978120.0,1.1037527593818983
0.9062124248496994,0.0,1.1034940291906237
0.907,12978120.0,1.1025358324145533
0.908,12978120.0,1.1013215859030836
0.9080160320641284,0.0,1.1013021408077686
0.909,12805032.0,1.1001100110011002
0.9098196392785572,0.0,1.0991189427312773
0.91,12742200.0,1.0989010989010988
0.911,12742200.0,1.097694840834248
0.911623246492986,0.0,1.096944383380963
0.912,12742200.0,1.0964912280701753
0.913,12702720.0,1.095290251916758
0.9134268537074148,0.0,1.094778411584028
0.914,12702720.0,1.0940919037199124
0.915,12663240.0,1.0928961748633879
0.9152304609218436,0.0,1.0926209765710533
0.916,12663240.0,1.0917030567685588
0.917,12663240.0,1.0905125408942202
0.9170340681362724,0.0,1.0904720279720281
0.918,12629316.0,1.0893246187363834
0.9188376753507014,0.0,1.0883315158124318
0.919,12535704.0,1.088139281828074
0.92,12535704.0,1.0869565217391304
0.9206412825651302,0.0,1.08619939050936
0.921,12535704.0,1.0857763300760044
0.922,12480432.0,1.0845986984815619
0.9224448897795592,0.0,1.084075602867695
0.923,12480432.0,1.0834236186348862
0.924,12480432.0,1.0822510822510822
0.924248496993988,0.0,1.0819601040763225
0.925,12440952.0,1.081081081081081
0.926,12440952.0,1.079913606911447
0.9260521042084168,0.0,1.079852845704393
0.927,12440952.0,1.0787486515641855
0.9278557114228456,0.0,1.0777537796976242
0.928,12440952.0,1.0775862068965516
0.929,12440952.0,1.0764262648008611
0.9296593186372746,0.0,1.0756628583746497
0.93,12440952.0,1.075268817204301
0.931,12378120.0,1.0741138560687433
0.9314629258517034,0.0,1.0735800344234079
0.932,12291264.0,1.0729613733905579
0.933,12291264.0,1.0718113612004287
0.9332665330661324,0.0,1.0715052608975735
0.934,12245028.0,1.070663811563169
0.935,12245028.0,1.06951871657754
0.9350701402805612,0.0,1.0694384912130304
0.936,12245028.0,1.0683760683760684
0.93687374749499,0.0,1.067379679144385
0.937,12245028.0,1.0672358591248665
0.938,12245028.0,1.0660980810234542
0.9386773547094188,0.0,1.06532877882152
0.939,12205548.0,1.0649627263045793
0.94,12171624.0,1.0638297872340425
0.9404809619238476,0.0,1.063285744726188
0.941,12171624.0,1.0626992561105209
0.942,12053520.0,1.0615711252653928
0.9422845691382764,0.0,1.0612505316886434
0.943,12053520.0,1.0604453870625663
0.944,12053520.0,1.0593220338983051
0.9440881763527054,0.0,1.0592230948843133
0.945,12053520.0,1.0582010582010584
0.9458917835671344,0.0,1.0572033898305082
0.946,12014040.0,1.0570824524312896
0.947,12014040.0,1.0559662090813096
0.9476953907815632,0.0,1.0551913723831676
0.948,11966664.0,1.0548523206751055
0.949,11927184.0,1.053740779768177
0.949498997995992,0.0,1.0531869987336429
0.95,11927184.0,1.0526315789473684
0.951,11927184.0,1.0515247108307046
0.9513026052104208,0.0,1.0511902254055194
0.952,11927184.0,1.050420168067227
0.953,11927184.0,1.0493179433368311
0.9531062124248496,0.0,1.0492010092514719
0.954,11833572.0,1.0482180293501049
0.9549098196392786,0.0,1.0472193074501575
0.955,11833572.0,1.0471204188481675
0.956,11778300.0,1.0460251046025104
0.9567134268537074,0.0,1.045245077503142
0.957,11704896.0,1.044932079414838
0.958,11665416.0,1.0438413361169103
0.9585170340681364,0.0,1.0432782772318627
0.959,11665416.0,1.0427528675703859
0.96,11665416.0,1.0416666666666667
0.9603206412825652,0.0,1.0413188647746243
0.961,11665416.0,1.040582726326743
0.962,11618040.0,1.0395010395010396
0.962124248496994,0.0,1.0393667985836283
0.963,11382120.0,1.0384215991692627
0.9639278557114228,0.0,1.0374220374220375
0.964,11382120.0,1.037344398340249
0.965,11342640.0,1.0362694300518136
0.9657314629258515,0.0,1.0354845403610708
0.966,11342640.0,1.0351966873706004
0.967,11240328.0,1.0341261633919339
0.9675350701402804,0.0,1.0335542667771336
0.968,11137680.0,1.0330578512396695
0.969,11137680.0,1.0319917440660475
0.9693386773547096,0.0,1.0316311763489765
0.97,11091444.0,1.0309278350515465
0.971,11091444.0,1.0298661174047374
0.9711422845691384,0.0,1.0297152290548905
0.972,11091444.0,1.02880658436214
0.9729458917835672,0.0,1.027806385169928
0.973,11091444.0,1.027749229188078
0.974,11036172.0,1.026694045174538
0.974749498997996,0.0,1.025904605263158
0.975,10923288.0,1.0256410256410258
0.976,10860456.0,1.0245901639344261
0.9765531062124247,0.0,1.024009850194952
0.977,10860456.0,1.0235414534288638
0.978,10813080.0,1.0224948875255624
0.9783567134268536,0.0,1.0221220811142975
0.979,10813080.0,1.0214504596527068
0.98,10694976.0,1.0204081632653061
0.9801603206412826,0.0,1.0202412594561439
0.981,10522404.0,1.019367991845056
0.9819639278557114,0.0,1.0183673469387755
0.982,10522404.0,1.0183299389002036
0.983,10475028.0,1.017293997965412
0.9837675350701404,0.0,1.016500305561214
0.984,10306872.0,1.016260162601626
0.985,10259496.0,1.015228426395939
0.9855711422845692,0.0,1.0146400976006507
0.986,10259496.0,1.0141987829614605
0.987,10259496.0,1.0131712259371835
0.987374749498998,0.0,1.0127866856099046
0.988,10225572.0,1.0121457489878543
0.989,10131960.0,1.0111223458038423
0.9891783567134268,0.0,1.010940032414911
0.99,9974376.0,1.0101010101010102
0.9909819639278558,0.0,1.0091001011122345
0.991,9841284.0,1.0090817356205852
0.992,9793908.0,1.0080645161290323
0.9927855711422846,0.0,1.0072668550666128
0.993,9714948.0,1.0070493454179255
0.994,9494196.0,1.0060362173038229
0.9945891783567136,0.0,1.0054402579085229
0.995,9326040.0,1.0050251256281406
0.996,9104952.0,1.0040160642570282
0.9963927855711424,0.0,1.0036202735317779
0.997,8861652.0,1.0030090270812437
0.998,8555520.0,1.002004008016032
0.9981963927855712,0.0,1.0018068660911463
0.999,8276820.0,1.001001001001001
1.0,7623732.0,1.0
