run_name,exceedance_probability,tp_loss,return_period
run_g9,1.0,1500240,1.0
run_g9,0.999,1658160,1.001001001001001
run_g9,0.998,1697640,1.002004008016032
run_g9,0.997,1697640,1.0030090270812437
run_g9,0.996,1737120,1.0040160642570282
run_g9,0.995,1737120,1.0050251256281406
run_g9,0.994,1776600,1.0060362173038229
run_g9,0.993,1776600,1.0070493454179255
run_g9,0.992,1776600,1.0080645161290323
run_g9,0.991,1776600,1.0090817356205852
run_g9,0.99,1776600,1.0101010101010102
run_g9,0.989,1816080,1.0111223458038423
run_g9,0.988,1816080,1.0121457489878543
run_g9,0.987,1816080,1.0131712259371835
run_g9,0.986,1816080,1.0141987829614605
run_g9,0.985,1816080,1.015228426395939
run_g9,0.984,1816080,1.016260162601626
run_g9,0.983,1855560,1.017293997965412
run_g9,0.982,1855560,1.0183299389002036
run_g9,0.981,1855560,1.019367991845056
run_g9,0.98,1895040,1.0204081632653061
run_g9,0.979,1895040,1.0214504596527068
run_g9,0.978,1895040,1.0224948875255624
run_g9,0.977,1895040,1.0235414534288638
run_g9,0.976,1895040,1.0245901639344261
run_g9,0.975,1895040,1.0256410256410258
run_g9,0.974,1934520,1.026694045174538
run_g9,0.973,1934520,1.027749229188078
run_g9,0.972,1934520,1.02880658436214
run_g9,0.971,1934520,1.0298661174047374
run_g9,0.97,1934520,1.0309278350515465
run_g9,0.969,1934520,1.0319917440660475
run_g9,0.968,1934520,1.0330578512396695
run_g9,0.967,1934520,1.0341261633919339
run_g9,0.966,1934520,1.0351966873706004
run_g9,0.965,1934520,1.0362694300518136
run_g9,0.964,1974000,1.037344398340249
run_g9,0.963,1974000,1.0384215991692627
run_g9,0.962,1974000,1.0395010395010396
run_g9,0.961,1974000,1.040582726326743
run_g9,0.96,1974000,1.0416666666666667
run_g9,0.959,1974000,1.0427528675703859
run_g9,0.958,1974000,1.0438413361169103
run_g9,0.957,1974000,1.044932079414838
run_g9,0.956,2013480,1.0460251046025104
run_g9,0.955,2013480,1.0471204188481675
run_g9,0.954,2013480,1.0482180293501049
run_g9,0.953,2013480,1.0493179433368311
run_g9,0.952,2013480,1.050420168067227
run_g9,0.951,2013480,1.0515247108307046
run_g9,0.95,2013480,1.0526315789473684
run_g9,0.949,2013480,1.053740779768177
run_g9,0.948,2013480,1.0548523206751055
run_g9,0.947,2013480,1.0559662090813096
run_g9,0.946,2013480,1.0570824524312896
run_g9,0.945,2052960,1.0582010582010584
run_g9,0.944,2052960,1.0593220338983051
run_g9,0.943,2052960,1.0604453870625663
run_g9,0.942,2052960,1.0615711252653928
run_g9,0.941,2052960,1.0626992561105209
run_g9,0.94,2052960,1.0638297872340425
run_g9,0.939,2052960,1.0649627263045793
run_g9,0.938,2052960,1.0660980810234542
run_g9,0.937,2052960,1.0672358591248665
run_g9,0.936,2052960,1.0683760683760684
run_g9,0.935,2052960,1.06951871657754
run_g9,0.934,2052960,1.070663811563169
run_g9,0.933,2052960,1.0718113612004287
run_g9,0.932,2052960,1.0729613733905579
run_g9,0.931,2092440,1.0741138560687433
run_g9,0.93,2092440,1.075268817204301
run_g9,0.929,2092440,1.0764262648008611
run_g9,0.928,2092440,1.0775862068965516
run_g9,0.927,2092440,1.0787486515641855
run_g9,0.926,2092440,1.079913606911447
run_g9,0.925,2092440,1.081081081081081
run_g9,0.924,2092440,1.0822510822510822
run_g9,0.923,2092440,1.0834236186348862
run_g9,0.922,2092440,1.0845986984815619
run_g9,0.921,2092440,1.0857763300760044
run_g9,0.92,2092440,1.0869565217391304
run_g9,0.919,2092440,1.088139281828074
run_g9,0.918,2092440,1.0893246187363834
run_g9,0.917,2092440,1.0905125408942202
run_g9,0.916,2092440,1.0917030567685588
run_g9,0.915,2092440,1.0928961748633879
run_g9,0.914,2092440,1.0940919037199124
run_g9,0.913,2092440,1.095290251916758
run_g9,0.912,2131920,1.0964912280701753
run_g9,0.911,2131920,1.097694840834248
run_g9,0.91,2131920,1.0989010989010988
run_g9,0.909,2131920,1.1001100110011002
run_g9,0.908,2131920,1.1013215859030836
run_g9,0.907,2131920,1.1025358324145533
run_g9,0.906,2131920,1.1037527593818983
run_g9,0.905,2131920,1.1049723756906078
run_g9,0.904,2131920,1.1061946902654867
run_g9,0.903,2131920,1.1074197120708749
run_g9,0.902,2131920,1.1086474501108647
run_g9,0.901,2131920,1.1098779134295227
run_g9,0.9,2131920,1.1111111111111112
run_g9,0.899,2131920,1.1123470522803114
run_g9,0.898,2131920,1.1135857461024499
run_g9,0.897,2131920,1.1148272017837235
run_g9,0.896,2131920,1.1160714285714286
run_g9,0.895,2171400,1.1173184357541899
run_g9,0.894,2171400,1.1185682326621924
run_g9,0.893,2171400,1.1198208286674132
run_g9,0.892,2171400,1.1210762331838564
run_g9,0.891,2171400,1.122334455667789
run_g9,0.89,2171400,1.1235955056179776
run_g9,0.889,2171400,1.124859392575928
run_g9,0.888,2171400,1.1261261261261262
run_g9,0.887,2171400,1.1273957158962795
run_g9,0.886,2171400,1.1286681715575622
run_g9,0.885,2171400,1.1299435028248588
run_g9,0.884,2171400,1.1312217194570136
run_g9,0.883,2171400,1.1325028312570782
run_g9,0.882,2171400,1.1337868480725624
run_g9,0.881,2171400,1.1350737797956867
run_g9,0.88,2171400,1.1363636363636365
run_g9,0.879,2171400,1.1376564277588168
run_g9,0.878,2171400,1.1389521640091116
run_g9,0.877,2171400,1.1402508551881414
run_g9,0.876,2171400,1.1415525114155252
run_g9,0.875,2171400,1.1428571428571428
run_g9,0.874,2171400,1.1441647597254005
run_g9,0.873,2171400,1.145475372279496
run_g9,0.872,2171400,1.146788990825688
run_g9,0.871,2171400,1.148105625717566
run_g9,0.87,2171400,1.1494252873563218
run_g9,0.869,2171400,1.1507479861910241
run_g9,0.868,2171400,1.1520737327188941
run_g9,0.867,2171400,1.1534025374855825
run_g9,0.866,2171400,1.1547344110854503
run_g9,0.865,2171400,1.1560693641618498
run_g9,0.864,2210880,1.1574074074074074
run_g9,0.863,2210880,1.1587485515643106
run_g9,0.862,2210880,1.160092807424594
run_g9,0.861,2210880,1.1614401858304297
run_g9,0.86,2210880,1.1627906976744187
run_g9,0.859,2210880,1.1641443538998837
run_g9,0.858,2210880,1.1655011655011656
run_g9,0.857,2210880,1.1668611435239207
run_g9,0.856,2210880,1.1682242990654206
run_g9,0.855,2210880,1.1695906432748537
run_g9,0.854,2210880,1.17096018735363
run_g9,0.853,2210880,1.1723329425556859
run_g9,0.852,2210880,1.1737089201877935
run_g9,0.851,2210880,1.1750881316098707
run_g9,0.85,2210880,1.1764705882352942
run_g9,0.849,2210880,1.1778563015312131
run_g9,0.848,2250360,1.179245283018868
run_g9,0.847,2250360,1.1806375442739079
run_g9,0.846,2250360,1.1820330969267139
run_g9,0.845,2250360,1.183431952662722
run_g9,0.844,2250360,1.1848341232227488
run_g9,0.843,2250360,1.1862396204033214
run_g9,0.842,2250360,1.187648456057007
run_g9,0.841,2250360,1.1890606420927468
run_g9,0.84,2250360,1.1904761904761905
run_g9,0.839,2250360,1.1918951132300357
run_g9,0.838,2250360,1.1933174224343677
run_g9,0.837,2250360,1.1947431302270013
run_g9,0.836,2250360,1.1961722488038278
run_g9,0.835,2250360,1.1976047904191618
run_g9,0.834,2250360,1.1990407673860912
run_g9,0.833,2250360,1.2004801920768309
run_g9,0.832,2250360,1.2019230769230769
run_g9,0.831,2250360,1.203369434416366
run_g9,0.83,2250360,1.2048192771084338
run_g9,0.829,2250360,1.2062726176115803
run_g9,0.828,2250360,1.2077294685990339
run_g9,0.827,2250360,1.2091898428053205
run_g9,0.826,2250360,1.2106537530266344
run_g9,0.825,2250360,1.2121212121212122
run_g9,0.824,2250360,1.2135922330097089
run_g9,0.823,2250360,1.2150668286755772
run_g9,0.822,2250360,1.2165450121654502
run_g9,0.821,2250360,1.218026796589525
run_g9,0.82,2250360,1.2195121951219512
run_g9,0.819,2250360,1.221001221001221
run_g9,0.818,2250360,1.2224938875305624
run_g9,0.817,2289840,1.2239902080783354
run_g9,0.816,2289840,1.2254901960784315
run_g9,0.815,2289840,1.2269938650306749
run_g9,0.814,2289840,1.2285012285012287
run_g9,0.813,2289840,1.2300123001230012
run_g9,0.812,2289840,1.231527093596059
run_g9,0.811,2289840,1.2330456226880393
run_g9,0.81,2289840,1.2345679012345678
run_g9,0.809,2289840,1.2360939431396785
run_g9,0.808,2289840,1.2376237623762376
run_g9,0.807,2289840,1.2391573729863692
run_g9,0.806,2289840,1.2406947890818858
run_g9,0.805,2289840,1.2422360248447204
run_g9,0.804,2289840,1.243781094527363
run_g9,0.803,2289840,1.2453300124533
run_g9,0.802,2289840,1.2468827930174562
run_g9,0.801,2289840,1.2484394506866416
run_g9,0.8,2289840,1.25
run_g9,0.799,2289840,1.2515644555694618
run_g9,0.798,2289840,1.2531328320802004
run_g9,0.797,2289840,1.2547051442910915
run_g9,0.796,2289840,1.2562814070351758
run_g9,0.795,2289840,1.2578616352201257
run_g9,0.794,2289840,1.2594458438287153
run_g9,0.793,2289840,1.2610340479192939
run_g9,0.792,2289840,1.2626262626262625
run_g9,0.791,2289840,1.2642225031605563
run_g9,0.79,2289840,1.2658227848101264
run_g9,0.789,2329320,1.2674271229404308
run_g9,0.788,2329320,1.2690355329949239
run_g9,0.787,2329320,1.2706480304955527
run_g9,0.786,2329320,1.272264631043257
run_g9,0.785,2329320,1.2738853503184713
run_g9,0.784,2329320,1.2755102040816326
run_g9,0.783,2329320,1.277139208173691
run_g9,0.782,2329320,1.278772378516624
run_g9,0.781,2329320,1.2804097311139564
run_g9,0.78,2329320,1.282051282051282
run_g9,0.779,2329320,1.2836970474967908
run_g9,0.778,2329320,1.2853470437017995
run_g9,0.777,2329320,1.287001287001287
run_g9,0.776,2329320,1.2886597938144329
run_g9,0.775,2329320,1.2903225806451613
run_g9,0.774,2329320,1.2919896640826873
run_g9,0.773,2329320,1.2936610608020698
run_g9,0.772,2329320,1.2953367875647668
run_g9,0.771,2329320,1.297016861219196
run_g9,0.77,2329320,1.2987012987012987
run_g9,0.769,2329320,1.3003901170351104
run_g9,0.768,2329320,1.3020833333333333
run_g9,0.767,2329320,1.303780964797914
run_g9,0.766,2329320,1.3054830287206267
run_g9,0.765,2329320,1.3071895424836601
run_g9,0.764,2329320,1.3089005235602094
run_g9,0.763,2329320,1.310615989515072
run_g9,0.762,2329320,1.3123359580052494
run_g9,0.761,2329320,1.314060446780552
run_g9,0.76,2329320,1.3157894736842106
run_g9,0.759,2329320,1.3175230566534915
run_g9,0.758,2368800,1.3192612137203166
run_g9,0.757,2368800,1.321003963011889
run_g9,0.756,2368800,1.3227513227513228
run_g9,0.755,2368800,1.3245033112582782
run_g9,0.754,2368800,1.3262599469496021
run_g9,0.753,2368800,1.3280212483399734
run_g9,0.752,2368800,1.3297872340425532
run_g9,0.751,2368800,1.3315579227696406
run_g9,0.75,2368800,1.3333333333333333
run_g9,0.749,2368800,1.335113484646195
run_g9,0.748,2368800,1.3368983957219251
run_g9,0.747,2368800,1.3386880856760375
run_g9,0.746,2368800,1.3404825737265416
run_g9,0.745,2368800,1.342281879194631
run_g9,0.744,2368800,1.3440860215053763
run_g9,0.743,2368800,1.3458950201884252
run_g9,0.742,2368800,1.3477088948787062
run_g9,0.741,2368800,1.349527665317139
run_g9,0.74,2368800,1.3513513513513513
run_g9,0.739,2368800,1.3531799729364005
run_g9,0.738,2368800,1.3550135501355014
run_g9,0.737,2368800,1.3568521031207599
run_g9,0.736,2368800,1.358695652173913
run_g9,0.735,2368800,1.3605442176870748
run_g9,0.734,2368800,1.3623978201634879
run_g9,0.733,2368800,1.364256480218281
run_g9,0.732,2408280,1.366120218579235
run_g9,0.731,2408280,1.3679890560875514
run_g9,0.73,2408280,1.36986301369863
run_g9,0.729,2408280,1.3717421124828533
run_g9,0.728,2408280,1.3736263736263736
run_g9,0.727,2408280,1.375515818431912
run_g9,0.726,2408280,1.3774104683195594
run_g9,0.725,2408280,1.3793103448275863
run_g9,0.724,2408280,1.3812154696132597
run_g9,0.723,2408280,1.3831258644536653
run_g9,0.722,2408280,1.3850415512465375
run_g9,0.721,2408280,1.3869625520110958
run_g9,0.72,2408280,1.3888888888888888
run_g9,0.719,2408280,1.3908205841446455
run_g9,0.718,2408280,1.392757660167131
run_g9,0.717,2408280,1.394700139470014
run_g9,0.716,2408280,1.3966480446927374
run_g9,0.715,2408280,1.3986013986013988
run_g9,0.714,2408280,1.400560224089636
run_g9,0.713,2408280,1.402524544179523
run_g9,0.712,2408280,1.404494382022472
run_g9,0.711,2408280,1.4064697609001406
run_g9,0.71,2408280,1.4084507042253522
run_g9,0.709,2408280,1.4104372355430184
run_g9,0.708,2408280,1.4124293785310735
run_g9,0.707,2408280,1.4144271570014144
run_g9,0.706,2408280,1.41643059490085
run_g9,0.705,2408280,1.4184397163120568
run_g9,0.704,2408280,1.4204545454545456
run_g9,0.703,2408280,1.4224751066856332
run_g9,0.702,2408280,1.4245014245014247
run_g9,0.701,2408280,1.4265335235378032
run_g9,0.7,2447760,1.4285714285714286
run_g9,0.699,2447760,1.430615164520744
run_g9,0.698,2447760,1.4326647564469914
run_g9,0.697,2447760,1.4347202295552368
run_g9,0.696,2447760,1.4367816091954024
run_g9,0.695,2447760,1.4388489208633095
run_g9,0.694,2447760,1.4409221902017293
run_g9,0.693,2447760,1.443001443001443
run_g9,0.692,2447760,1.4450867052023122
run_g9,0.691,2447760,1.4471780028943562
run_g9,0.69,2447760,1.4492753623188408
run_g9,0.689,2447760,1.451378809869376
run_g9,0.688,2447760,1.4534883720930234
run_g9,0.687,2447760,1.455604075691412
run_g9,0.686,2447760,1.4577259475218658
run_g9,0.685,2447760,1.4598540145985401
run_g9,0.684,2447760,1.461988304093567
run_g9,0.683,2447760,1.4641288433382136
run_g9,0.682,2447760,1.4662756598240467
run_g9,0.681,2447760,1.4684287812041115
run_g9,0.68,2447760,1.4705882352941175
run_g9,0.679,2447760,1.4727540500736376
run_g9,0.678,2447760,1.4749262536873156
run_g9,0.677,2447760,1.4771048744460855
run_g9,0.676,2447760,1.4792899408284024
run_g9,0.675,2447760,1.4814814814814814
run_g9,0.674,2447760,1.4836795252225519
run_g9,0.673,2447760,1.4858841010401187
run_g9,0.672,2447760,1.488095238095238
run_g9,0.671,2447760,1.4903129657228018
run_g9,0.67,2447760,1.4925373134328357
run_g9,0.669,2487240,1.4947683109118086
run_g9,0.668,2487240,1.497005988023952
run_g9,0.667,2487240,1.4992503748125936
run_g9,0.666,2487240,1.5015015015015014
run_g9,0.665,2487240,1.5037593984962405
run_g9,0.664,2487240,1.506024096385542
run_g9,0.663,2487240,1.5082956259426847
run_g9,0.662,2487240,1.510574018126888
run_g9,0.661,2487240,1.51285930408472
run_g9,0.66,2487240,1.5151515151515151
run_g9,0.659,2487240,1.5174506828528072
run_g9,0.658,2487240,1.519756838905775
run_g9,0.657,2487240,1.5220700152207
run_g9,0.656,2487240,1.524390243902439
run_g9,0.655,2487240,1.5267175572519083
run_g9,0.654,2487240,1.529051987767584
run_g9,0.653,2487240,1.5313935681470137
run_g9,0.652,2487240,1.5337423312883436
run_g9,0.651,2487240,1.5360983102918586
run_g9,0.65,2487240,1.5384615384615383
run_g9,0.649,2487240,1.5408320493066254
run_g9,0.648,2487240,1.5432098765432098
run_g9,0.647,2487240,1.5455950540958268
run_g9,0.646,2487240,1.547987616099071
run_g9,0.645,2487240,1.5503875968992247
run_g9,0.644,2487240,1.5527950310559007
run_g9,0.643,2487240,1.5552099533437014
run_g9,0.642,2487240,1.557632398753894
run_g9,0.641,2487240,1.5600624024960998
run_g9,0.64,2487240,1.5625
run_g9,0.639,2487240,1.5649452269170578
run_g9,0.638,2487240,1.567398119122257
run_g9,0.637,2487240,1.5698587127158556
run_g9,0.636,2487240,1.572327044025157
run_g9,0.635,2487240,1.574803149606299
run_g9,0.634,2526720,1.5772870662460567
run_g9,0.633,2526720,1.5797788309636651
run_g9,0.632,2526720,1.5822784810126582
run_g9,0.631,2526720,1.5847860538827259
run_g9,0.63,2526720,1.5873015873015872
run_g9,0.629,2526720,1.589825119236884
run_g9,0.628,2526720,1.5923566878980893
run_g9,0.627,2526720,1.594896331738437
run_g9,0.626,2526720,1.597444089456869
run_g9,0.625,2526720,1.6
run_g9,0.624,2526720,1.6025641025641026
run_g9,0.623,2526720,1.6051364365971108
run_g9,0.622,2526720,1.607717041800643
run_g9,0.621,2526720,1.6103059581320451
run_g9,0.62,2526720,1.6129032258064517
run_g9,0.619,2526720,1.6155088852988693
run_g9,0.618,2526720,1.6181229773462784
run_g9,0.617,2526720,1.6207455429497568
run_g9,0.616,2526720,1.6233766233766234
run_g9,0.615,2526720,1.6260162601626016
run_g9,0.614,2526720,1.6286644951140066
run_g9,0.613,2526720,1.6313213703099512
run_g9,0.612,2526720,1.6339869281045751
run_g9,0.611,2526720,1.6366612111292962
run_g9,0.61,2526720,1.639344262295082
run_g9,0.609,2526720,1.6420361247947455
run_g9,0.608,2526720,1.6447368421052633
run_g9,0.607,2526720,1.6474464579901154
run_g9,0.606,2526720,1.6501650165016502
run_g9,0.605,2526720,1.6528925619834711
run_g9,0.604,2526720,1.6556291390728477
run_g9,0.603,2526720,1.658374792703151
run_g9,0.602,2566200,1.6611295681063123
run_g9,0.601,2566200,1.663893510815308
run_g9,0.6,2566200,1.6666666666666667
run_g9,0.599,2566200,1.669449081803005
run_g9,0.598,2566200,1.6722408026755853
run_g9,0.597,2566200,1.6750418760469012
run_g9,0.596,2566200,1.6778523489932886
run_g9,0.595,2566200,1.680672268907563
run_g9,0.594,2566200,1.6835016835016836
run_g9,0.593,2566200,1.6863406408094437
run_g9,0.592,2566200,1.6891891891891893
run_g9,0.591,2566200,1.6920473773265652
run_g9,0.59,2566200,1.6949152542372883
run_g9,0.589,2566200,1.697792869269949
run_g9,0.588,2566200,1.7006802721088436
run_g9,0.587,2566200,1.7035775127768313
run_g9,0.586,2566200,1.7064846416382253
run_g9,0.585,2566200,1.7094017094017095
run_g9,0.584,2566200,1.7123287671232879
run_g9,0.583,2566200,1.7152658662092626
run_g9,0.582,2566200,1.718213058419244
run_g9,0.581,2566200,1.721170395869191
run_g9,0.58,2566200,1.7241379310344829
run_g9,0.579,2566200,1.7271157167530227
run_g9,0.578,2566200,1.7301038062283738
run_g9,0.577,2566200,1.733102253032929
run_g9,0.576,2566200,1.7361111111111112
run_g9,0.575,2566200,1.7391304347826089
run_g9,0.574,2566200,1.7421602787456447
run_g9,0.573,2566200,1.7452006980802794
run_g9,0.572,2566200,1.7482517482517483
run_g9,0.571,2566200,1.7513134851138354
run_g9,0.57,2566200,1.7543859649122808
run_g9,0.569,2566200,1.7574692442882252
run_g9,0.568,2566200,1.7605633802816902
run_g9,0.567,2566200,1.7636684303350971
run_g9,0.566,2566200,1.76678445229682
run_g9,0.565,2566200,1.7699115044247788
run_g9,0.564,2605680,1.773049645390071
run_g9,0.563,2605680,1.7761989342806397
run_g9,0.562,2605680,1.779359430604982
run_g9,0.561,2605680,1.7825311942959
run_g9,0.56,2605680,1.7857142857142856
run_g9,0.559,2605680,1.7889087656529514
run_g9,0.558,2605680,1.7921146953405016
run_g9,0.557,2605680,1.7953321364452421
run_g9,0.556,2605680,1.7985611510791366
run_g9,0.555,2605680,1.8018018018018016
run_g9,0.554,2605680,1.8050541516245486
run_g9,0.553,2605680,1.8083182640144664
run_g9,0.552,2605680,1.8115942028985506
run_g9,0.551,2605680,1.8148820326678765
run_g9,0.55,2605680,1.8181818181818181
run_g9,0.549,2605680,1.8214936247723132
run_g9,0.548,2605680,1.824817518248175
run_g9,0.547,2605680,1.8281535648994514
run_g9,0.546,2605680,1.8315018315018314
run_g9,0.545,2605680,1.8348623853211008
run_g9,0.544,2605680,1.838235294117647
run_g9,0.543,2605680,1.8416206261510129
run_g9,0.542,2605680,1.8450184501845017
run_g9,0.541,2605680,1.8484288354898335
run_g9,0.54,2605680,1.8518518518518516
run_g9,0.539,2605680,1.8552875695732838
run_g9,0.538,2605680,1.858736059479554
run_g9,0.537,2605680,1.8621973929236497
run_g9,0.536,2605680,1.8656716417910446
run_g9,0.535,2605680,1.8691588785046729
run_g9,0.534,2605680,1.8726591760299625
run_g9,0.533,2605680,1.8761726078799248
run_g9,0.532,2605680,1.8796992481203008
run_g9,0.531,2645160,1.8832391713747645
run_g9,0.53,2645160,1.8867924528301885
run_g9,0.529,2645160,1.8903591682419658
run_g9,0.528,2645160,1.8939393939393938
run_g9,0.527,2645160,1.8975332068311195
run_g9,0.526,2645160,1.9011406844106462
run_g9,0.525,2645160,1.9047619047619047
run_g9,0.524,2645160,1.9083969465648853
run_g9,0.523,2645160,1.9120458891013383
run_g9,0.522,2645160,1.9157088122605364
run_g9,0.521,2645160,1.9193857965451055
run_g9,0.52,2645160,1.923076923076923
run_g9,0.519,2645160,1.9267822736030829
run_g9,0.518,2645160,1.9305019305019304
run_g9,0.517,2645160,1.9342359767891681
run_g9,0.516,2645160,1.937984496124031
run_g9,0.515,2645160,1.941747572815534
run_g9,0.514,2645160,1.9455252918287937
run_g9,0.513,2645160,1.949317738791423
run_g9,0.512,2645160,1.953125
run_g9,0.511,2645160,1.9569471624266144
run_g9,0.51,2645160,1.9607843137254901
run_g9,0.509,2645160,1.9646365422396856
run_g9,0.508,2645160,1.968503937007874
run_g9,0.507,2645160,1.9723865877712032
run_g9,0.506,2684640,1.976284584980237
run_g9,0.505,2684640,1.9801980198019802
run_g9,0.504,2684640,1.9841269841269842
run_g9,0.503,2684640,1.9880715705765408
run_g9,0.502,2684640,1.9920318725099602
run_g9,0.501,2684640,1.996007984031936
run_g9,0.5,2684640,2.0
run_g9,0.499,2684640,2.004008016032064
run_g9,0.498,2684640,2.0080321285140563
run_g9,0.497,2684640,2.0120724346076457
run_g9,0.496,2684640,2.0161290322580645
run_g9,0.495,2684640,2.0202020202020203
run_g9,0.494,2684640,2.0242914979757085
run_g9,0.493,2684640,2.028397565922921
run_g9,0.492,2684640,2.032520325203252
run_g9,0.491,2684640,2.0366598778004072
run_g9,0.49,2684640,2.0408163265306123
run_g9,0.489,2684640,2.044989775051125
run_g9,0.488,2684640,2.0491803278688523
run_g9,0.487,2684640,2.053388090349076
run_g9,0.486,2684640,2.05761316872428
run_g9,0.485,2684640,2.061855670103093
run_g9,0.484,2684640,2.066115702479339
run_g9,0.483,2684640,2.070393374741201
run_g9,0.482,2684640,2.074688796680498
run_g9,0.481,2684640,2.079002079002079
run_g9,0.48,2684640,2.0833333333333335
run_g9,0.479,2684640,2.0876826722338206
run_g9,0.478,2684640,2.092050209205021
run_g9,0.477,2684640,2.0964360587002098
run_g9,0.476,2684640,2.100840336134454
run_g9,0.475,2684640,2.1052631578947367
run_g9,0.474,2684640,2.109704641350211
run_g9,0.473,2684640,2.1141649048625792
run_g9,0.472,2684640,2.1186440677966103
run_g9,0.471,2684640,2.1231422505307855
run_g9,0.47,2684640,2.127659574468085
run_g9,0.469,2684640,2.1321961620469083
run_g9,0.468,2684640,2.1367521367521367
run_g9,0.467,2684640,2.141327623126338
run_g9,0.466,2684640,2.1459227467811157
run_g9,0.465,2684640,2.150537634408602
run_g9,0.464,2684640,2.155172413793103
run_g9,0.463,2684640,2.159827213822894
run_g9,0.462,2684640,2.1645021645021645
run_g9,0.461,2684640,2.1691973969631237
run_g9,0.46,2684640,2.1739130434782608
run_g9,0.459,2724120,2.178649237472767
run_g9,0.458,2724120,2.1834061135371177
run_g9,0.457,2724120,2.1881838074398248
run_g9,0.456,2724120,2.1929824561403506
run_g9,0.455,2724120,2.1978021978021975
run_g9,0.454,2724120,2.202643171806167
run_g9,0.453,2724120,2.2075055187637966
run_g9,0.452,2724120,2.2123893805309733
run_g9,0.451,2724120,2.2172949002217295
run_g9,0.45,2724120,2.2222222222222223
run_g9,0.449,2724120,2.2271714922048997
run_g9,0.448,2724120,2.232142857142857
run_g9,0.447,2724120,2.237136465324385
run_g9,0.446,2724120,2.242152466367713
run_g9,0.445,2724120,2.247191011235955
run_g9,0.444,2724120,2.2522522522522523
run_g9,0.443,2724120,2.2573363431151243
run_g9,0.442,2724120,2.262443438914027
run_g9,0.441,2724120,2.2675736961451247
run_g9,0.44,2724120,2.272727272727273
run_g9,0.439,2724120,2.277904328018223
run_g9,0.438,2724120,2.2831050228310503
run_g9,0.437,2724120,2.288329519450801
run_g9,0.436,2724120,2.293577981651376
run_g9,0.435,2724120,2.2988505747126435
run_g9,0.434,2724120,2.3041474654377883
run_g9,0.433,2724120,2.3094688221709005
run_g9,0.432,2724120,2.314814814814815
run_g9,0.431,2724120,2.320185614849188
run_g9,0.43,2724120,2.3255813953488373
run_g9,0.429,2724120,2.331002331002331
run_g9,0.428,2724120,2.336448598130841
run_g9,0.427,2724120,2.34192037470726
run_g9,0.426,2724120,2.347417840375587
run_g9,0.425,2763600,2.3529411764705883
run_g9,0.424,2763600,2.358490566037736
run_g9,0.423,2763600,2.3640661938534278
run_g9,0.422,2763600,2.3696682464454977
run_g9,0.421,2763600,2.375296912114014
run_g9,0.42,2763600,2.380952380952381
run_g9,0.419,2763600,2.3866348448687353
run_g9,0.418,2763600,2.3923444976076556
run_g9,0.417,2763600,2.3980815347721824
run_g9,0.416,2763600,2.4038461538461537
run_g9,0.415,2763600,2.4096385542168677
run_g9,0.414,2763600,2.4154589371980677
run_g9,0.413,2763600,2.4213075060532687
run_g9,0.412,2763600,2.4271844660194177
run_g9,0.411,2763600,2.4330900243309004
run_g9,0.41,2763600,2.4390243902439024
run_g9,0.409,2763600,2.444987775061125
run_g9,0.408,2763600,2.450980392156863
run_g9,0.407,2763600,2.4570024570024573
run_g9,0.406,2763600,2.463054187192118
run_g9,0.405,2763600,2.4691358024691357
run_g9,0.404,2763600,2.4752475247524752
run_g9,0.403,2763600,2.4813895781637716
run_g9,0.402,2763600,2.487562189054726
run_g9,0.401,2763600,2.4937655860349124
run_g9,0.4,2763600,2.5
run_g9,0.399,2763600,2.506265664160401
run_g9,0.398,2763600,2.5125628140703515
run_g9,0.397,2763600,2.5188916876574305
run_g9,0.396,2763600,2.525252525252525
run_g9,0.395,2803080,2.531645569620253
run_g9,0.394,2803080,2.5380710659898478
run_g9,0.393,2803080,2.544529262086514
run_g9,0.392,2803080,2.5510204081632653
run_g9,0.391,2803080,2.557544757033248
run_g9,0.39,2803080,2.564102564102564
run_g9,0.389,2803080,2.570694087403599
run_g9,0.388,2803080,2.5773195876288657
run_g9,0.387,2803080,2.5839793281653747
run_g9,0.386,2803080,2.5906735751295336
run_g9,0.385,2803080,2.5974025974025974
run_g9,0.384,2803080,2.6041666666666665
run_g9,0.383,2803080,2.6109660574412534
run_g9,0.382,2803080,2.6178010471204187
run_g9,0.381,2803080,2.6246719160104988
run_g9,0.38,2803080,2.6315789473684212
run_g9,0.379,2803080,2.638522427440633
run_g9,0.378,2803080,2.6455026455026456
run_g9,0.377,2803080,2.6525198938992043
run_g9,0.376,2803080,2.6595744680851063
run_g9,0.375,2803080,2.6666666666666665
run_g9,0.374,2803080,2.6737967914438503
run_g9,0.373,2803080,2.680965147453083
run_g9,0.372,2803080,2.6881720430107525
run_g9,0.371,2803080,2.6954177897574123
run_g9,0.37,2803080,2.7027027027027026
run_g9,0.369,2803080,2.710027100271003
run_g9,0.368,2803080,2.717391304347826
run_g9,0.367,2803080,2.7247956403269757
run_g9,0.366,2803080,2.73224043715847
run_g9,0.365,2803080,2.73972602739726
run_g9,0.364,2842560,2.7472527472527473
run_g9,0.363,2842560,2.7548209366391188
run_g9,0.362,2842560,2.7624309392265194
run_g9,0.361,2842560,2.770083102493075
run_g9,0.36,2842560,2.7777777777777777
run_g9,0.359,2842560,2.785515320334262
run_g9,0.358,2842560,2.793296089385475
run_g9,0.357,2842560,2.801120448179272
run_g9,0.356,2842560,2.808988764044944
run_g9,0.355,2842560,2.8169014084507045
run_g9,0.354,2842560,2.824858757062147
run_g9,0.353,2842560,2.8328611898017
run_g9,0.352,2842560,2.8409090909090913
run_g9,0.351,2842560,2.8490028490028494
run_g9,0.35,2842560,2.857142857142857
run_g9,0.349,2842560,2.865329512893983
run_g9,0.348,2842560,2.873563218390805
run_g9,0.347,2842560,2.8818443804034586
run_g9,0.346,2842560,2.8901734104046244
run_g9,0.345,2842560,2.8985507246376816
run_g9,0.344,2842560,2.906976744186047
run_g9,0.343,2842560,2.9154518950437316
run_g9,0.342,2842560,2.923976608187134
run_g9,0.341,2842560,2.9325513196480935
run_g9,0.34,2842560,2.941176470588235
run_g9,0.339,2842560,2.949852507374631
run_g9,0.338,2842560,2.9585798816568047
run_g9,0.337,2842560,2.9673590504451037
run_g9,0.336,2842560,2.976190476190476
run_g9,0.335,2842560,2.9850746268656714
run_g9,0.334,2842560,2.994011976047904
run_g9,0.333,2842560,3.003003003003003
run_g9,0.332,2842560,3.012048192771084
run_g9,0.331,2842560,3.021148036253776
run_g9,0.33,2842560,3.0303030303030303
run_g9,0.329,2842560,3.03951367781155
run_g9,0.328,2842560,3.048780487804878
run_g9,0.327,2882040,3.058103975535168
run_g9,0.326,2882040,3.067484662576687
run_g9,0.325,2882040,3.0769230769230766
run_g9,0.324,2882040,3.0864197530864197
run_g9,0.323,2882040,3.095975232198142
run_g9,0.322,2882040,3.1055900621118013
run_g9,0.321,2882040,3.115264797507788
run_g9,0.32,2882040,3.125
run_g9,0.319,2882040,3.134796238244514
run_g9,0.318,2882040,3.144654088050314
run_g9,0.317,2882040,3.1545741324921135
run_g9,0.316,2882040,3.1645569620253164
run_g9,0.315,2882040,3.1746031746031744
run_g9,0.314,2882040,3.1847133757961785
run_g9,0.313,2882040,3.194888178913738
run_g9,0.312,2882040,3.2051282051282053
run_g9,0.311,2882040,3.215434083601286
run_g9,0.31,2882040,3.2258064516129035
run_g9,0.309,2882040,3.236245954692557
run_g9,0.308,2882040,3.2467532467532467
run_g9,0.307,2882040,3.257328990228013
run_g9,0.306,2882040,3.2679738562091503
run_g9,0.305,2882040,3.278688524590164
run_g9,0.304,2882040,3.2894736842105265
run_g9,0.303,2882040,3.3003300330033003
run_g9,0.302,2882040,3.3112582781456954
run_g9,0.301,2882040,3.3222591362126246
run_g9,0.3,2882040,3.3333333333333335
run_g9,0.299,2882040,3.3444816053511706
run_g9,0.298,2921520,3.3557046979865772
run_g9,0.297,2921520,3.367003367003367
run_g9,0.296,2921520,3.3783783783783785
run_g9,0.295,2921520,3.3898305084745766
run_g9,0.294,2921520,3.4013605442176873
run_g9,0.293,2921520,3.4129692832764507
run_g9,0.292,2921520,3.4246575342465757
run_g9,0.291,2921520,3.436426116838488
run_g9,0.29,2921520,3.4482758620689657
run_g9,0.289,2921520,3.4602076124567476
run_g9,0.288,2921520,3.4722222222222223
run_g9,0.287,2921520,3.4843205574912894
run_g9,0.286,2921520,3.4965034965034967
run_g9,0.285,2921520,3.5087719298245617
run_g9,0.284,2921520,3.5211267605633805
run_g9,0.283,2921520,3.53356890459364
run_g9,0.282,2921520,3.546099290780142
run_g9,0.281,2921520,3.558718861209964
run_g9,0.28,2921520,3.571428571428571
run_g9,0.279,2921520,3.584229390681003
run_g9,0.278,2921520,3.597122302158273
run_g9,0.277,2921520,3.6101083032490973
run_g9,0.276,2921520,3.623188405797101
run_g9,0.275,2921520,3.6363636363636362
run_g9,0.274,2921520,3.64963503649635
run_g9,0.273,2921520,3.663003663003663
run_g9,0.272,2921520,3.676470588235294
run_g9,0.271,2921520,3.6900369003690034
run_g9,0.27,2961000,3.7037037037037033
run_g9,0.269,2961000,3.717472118959108
run_g9,0.268,2961000,3.731343283582089
run_g9,0.267,2961000,3.745318352059925
run_g9,0.266,2961000,3.7593984962406015
run_g9,0.265,2961000,3.773584905660377
run_g9,0.264,2961000,3.7878787878787876
run_g9,0.263,2961000,3.8022813688212924
run_g9,0.262,2961000,3.8167938931297707
run_g9,0.261,2961000,3.8314176245210727
run_g9,0.26,2961000,3.846153846153846
run_g9,0.259,2961000,3.861003861003861
run_g9,0.258,2961000,3.875968992248062
run_g9,0.257,2961000,3.8910505836575875
run_g9,0.256,2961000,3.90625
run_g9,0.255,2961000,3.9215686274509802
run_g9,0.254,2961000,3.937007874015748
run_g9,0.253,2961000,3.952569169960474
run_g9,0.252,2961000,3.9682539682539684
run_g9,0.251,2961000,3.9840637450199203
run_g9,0.25,2961000,4.0
run_g9,0.249,2961000,4.016064257028113
run_g9,0.248,2961000,4.032258064516129
run_g9,0.247,2961000,4.048582995951417
run_g9,0.246,2961000,4.065040650406504
run_g9,0.245,2961000,4.081632653061225
run_g9,0.244,2961000,4.098360655737705
run_g9,0.243,2961000,4.11522633744856
run_g9,0.242,2961000,4.132231404958678
run_g9,0.241,3000480,4.149377593360996
run_g9,0.24,3000480,4.166666666666667
run_g9,0.239,3000480,4.184100418410042
run_g9,0.238,3000480,4.201680672268908
run_g9,0.237,3000480,4.219409282700422
run_g9,0.236,3000480,4.237288135593221
run_g9,0.235,3000480,4.25531914893617
run_g9,0.234,3000480,4.273504273504273
run_g9,0.233,3000480,4.291845493562231
run_g9,0.232,3000480,4.310344827586206
run_g9,0.231,3000480,4.329004329004329
run_g9,0.23,3000480,4.3478260869565215
run_g9,0.229,3000480,4.366812227074235
run_g9,0.228,3000480,4.385964912280701
run_g9,0.227,3000480,4.405286343612334
run_g9,0.226,3000480,4.424778761061947
run_g9,0.225,3000480,4.444444444444445
run_g9,0.224,3000480,4.464285714285714
run_g9,0.223,3000480,4.484304932735426
run_g9,0.222,3000480,4.504504504504505
run_g9,0.221,3000480,4.524886877828054
run_g9,0.22,3000480,4.545454545454546
run_g9,0.219,3039960,4.566210045662101
run_g9,0.218,3039960,4.587155963302752
run_g9,0.217,3039960,4.6082949308755765
run_g9,0.216,3039960,4.62962962962963
run_g9,0.215,3039960,4.651162790697675
run_g9,0.214,3039960,4.672897196261682
run_g9,0.213,3039960,4.694835680751174
run_g9,0.212,3039960,4.716981132075472
run_g9,0.211,3039960,4.739336492890995
run_g9,0.21,3039960,4.761904761904762
run_g9,0.209,3039960,4.784688995215311
run_g9,0.208,3039960,4.8076923076923075
run_g9,0.207,3039960,4.830917874396135
run_g9,0.206,3039960,4.8543689320388355
run_g9,0.205,3039960,4.878048780487805
run_g9,0.204,3039960,4.901960784313726
run_g9,0.203,3039960,4.926108374384236
run_g9,0.202,3039960,4.9504950495049505
run_g9,0.201,3039960,4.975124378109452
run_g9,0.2,3039960,5.0
run_g9,0.199,3039960,5.025125628140703
run_g9,0.198,3039960,5.05050505050505
run_g9,0.197,3039960,5.0761421319796955
run_g9,0.196,3039960,5.1020408163265305
run_g9,0.195,3039960,5.128205128205128
run_g9,0.194,3039960,5.154639175257731
run_g9,0.193,3039960,5.181347150259067
run_g9,0.192,3039960,5.208333333333333
run_g9,0.191,3039960,5.2356020942408374
run_g9,0.19,3039960,5.2631578947368425
run_g9,0.189,3039960,5.291005291005291
run_g9,0.188,3039960,5.319148936170213
run_g9,0.187,3039960,5.347593582887701
run_g9,0.186,3039960,5.376344086021505
run_g9,0.185,3079440,5.405405405405405
run_g9,0.184,3079440,5.434782608695652
run_g9,0.183,3079440,5.46448087431694
run_g9,0.182,3079440,5.4945054945054945
run_g9,0.181,3079440,5.524861878453039
run_g9,0.18,3079440,5.555555555555555
run_g9,0.179,3079440,5.58659217877095
run_g9,0.178,3079440,5.617977528089888
run_g9,0.177,3079440,5.649717514124294
run_g9,0.176,3079440,5.6818181818181825
run_g9,0.175,3079440,5.714285714285714
run_g9,0.174,3079440,5.74712643678161
run_g9,0.173,3079440,5.780346820809249
run_g9,0.172,3079440,5.813953488372094
run_g9,0.171,3079440,5.847953216374268
run_g9,0.17,3079440,5.88235294117647
run_g9,0.169,3079440,5.9171597633136095
run_g9,0.168,3079440,5.952380952380952
run_g9,0.167,3079440,5.988023952095808
run_g9,0.166,3079440,6.024096385542168
run_g9,0.165,3079440,6.0606060606060606
run_g9,0.164,3079440,6.097560975609756
run_g9,0.163,3118920,6.134969325153374
run_g9,0.162,3118920,6.172839506172839
run_g9,0.161,3118920,6.211180124223603
run_g9,0.16,3118920,6.25
run_g9,0.159,3118920,6.289308176100628
run_g9,0.158,3118920,6.329113924050633
run_g9,0.157,3118920,6.369426751592357
run_g9,0.156,3118920,6.410256410256411
run_g9,0.155,3118920,6.451612903225807
run_g9,0.154,3118920,6.4935064935064934
run_g9,0.153,3118920,6.5359477124183005
run_g9,0.152,3118920,6.578947368421053
run_g9,0.151,3118920,6.622516556291391
run_g9,0.15,3118920,6.666666666666667
run_g9,0.149,3118920,6.7114093959731544
run_g9,0.148,3118920,6.756756756756757
run_g9,0.147,3118920,6.802721088435375
run_g9,0.146,3118920,6.849315068493151
run_g9,0.145,3118920,6.8965517241379315
run_g9,0.144,3118920,6.944444444444445
run_g9,0.143,3118920,6.993006993006993
run_g9,0.142,3118920,7.042253521126761
run_g9,0.141,3118920,7.092198581560284
run_g9,0.14,3118920,7.142857142857142
run_g9,0.139,3118920,7.194244604316546
run_g9,0.138,3158400,7.246376811594202
run_g9,0.137,3158400,7.2992700729927
run_g9,0.136,3158400,7.352941176470588
run_g9,0.135,3158400,7.4074074074074066
run_g9,0.134,3158400,7.462686567164178
run_g9,0.133,3158400,7.518796992481203
run_g9,0.132,3158400,7.575757575757575
run_g9,0.131,3158400,7.633587786259541
run_g9,0.13,3158400,7.692307692307692
run_g9,0.129,3158400,7.751937984496124
run_g9,0.128,3158400,7.8125
run_g9,0.127,3158400,7.874015748031496
run_g9,0.126,3158400,7.936507936507937
run_g9,0.125,3158400,8.0
run_g9,0.124,3158400,8.064516129032258
run_g9,0.123,3197880,8.130081300813009
run_g9,0.122,3197880,8.19672131147541
run_g9,0.121,3197880,8.264462809917356
run_g9,0.12,3197880,8.333333333333334
run_g9,0.119,3197880,8.403361344537815
run_g9,0.118,3197880,8.474576271186441
run_g9,0.117,3197880,8.547008547008547
run_g9,0.116,3197880,8.620689655172413
run_g9,0.115,3197880,8.695652173913043
run_g9,0.114,3237360,8.771929824561402
run_g9,0.113,3237360,8.849557522123893
run_g9,0.112,3237360,8.928571428571429
run_g9,0.111,3237360,9.00900900900901
run_g9,0.11,3237360,9.090909090909092
run_g9,0.109,3237360,9.174311926605505
run_g9,0.108,3237360,9.25925925925926
run_g9,0.107,3237360,9.345794392523365
run_g9,0.106,3237360,9.433962264150944
run_g9,0.105,3237360,9.523809523809524
run_g9,0.104,3237360,9.615384615384615
run_g9,0.103,3237360,9.708737864077671
run_g9,0.102,3237360,9.803921568627452
run_g9,0.101,3237360,9.900990099009901
run_g9,0.1,3237360,10.0
run_g9,0.099,3237360,10.1010101010101
run_g9,0.098,3276840,10.204081632653061
run_g9,0.097,3276840,10.309278350515463
run_g9,0.096,3276840,10.416666666666666
run_g9,0.095,3276840,10.526315789473685
run_g9,0.094,3276840,10.638297872340425
run_g9,0.093,3276840,10.75268817204301
run_g9,0.092,3276840,10.869565217391305
run_g9,0.091,3276840,10.989010989010989
run_g9,0.09,3276840,11.11111111111111
run_g9,0.089,3276840,11.235955056179776
run_g9,0.088,3316320,11.363636363636365
run_g9,0.087,3316320,11.49425287356322
run_g9,0.086,3316320,11.627906976744187
run_g9,0.085,3316320,11.76470588235294
run_g9,0.084,3316320,11.904761904761903
run_g9,0.083,3316320,12.048192771084336
run_g9,0.082,3316320,12.195121951219512
run_g9,0.081,3316320,12.345679012345679
run_g9,0.08,3316320,12.5
run_g9,0.079,3316320,12.658227848101266
run_g9,0.078,3316320,12.820512820512821
run_g9,0.077,3355800,12.987012987012987
run_g9,0.076,3355800,13.157894736842106
run_g9,0.075,3355800,13.333333333333334
run_g9,0.074,3355800,13.513513513513514
run_g9,0.073,3355800,13.698630136986303
run_g9,0.072,3355800,13.88888888888889
run_g9,0.071,3395280,14.084507042253522
run_g9,0.07,3395280,14.285714285714285
run_g9,0.069,3395280,14.492753623188404
run_g9,0.068,3395280,14.705882352941176
run_g9,0.067,3395280,14.925373134328357
run_g9,0.066,3395280,15.15151515151515
run_g9,0.065,3395280,15.384615384615383
run_g9,0.064,3395280,15.625
run_g9,0.063,3395280,15.873015873015873
run_g9,0.062,3395280,16.129032258064516
run_g9,0.061,3395280,16.39344262295082
run_g9,0.06,3395280,16.666666666666668
run_g9,0.059,3434760,16.949152542372882
run_g9,0.058,3434760,17.241379310344826
run_g9,0.057,3434760,17.543859649122805
run_g9,0.056,3434760,17.857142857142858
run_g9,0.055,3434760,18.181818181818183
run_g9,0.054,3434760,18.51851851851852
run_g9,0.053,3434760,18.867924528301888
run_g9,0.052,3434760,19.23076923076923
run_g9,0.051,3474240,19.607843137254903
run_g9,0.05,3474240,20.0
run_g9,0.049,3474240,20.408163265306122
run_g9,0.048,3474240,20.833333333333332
run_g9,0.047,3474240,21.27659574468085
run_g9,0.046,3474240,21.73913043478261
run_g9,0.045,3513720,22.22222222222222
run_g9,0.044,3513720,22.72727272727273
run_g9,0.043,3513720,23.255813953488374
run_g9,0.042,3513720,23.809523809523807
run_g9,0.041,3513720,24.390243902439025
run_g9,0.04,3513720,25.0
run_g9,0.039,3513720,25.641025641025642
run_g9,0.038,3553200,26.315789473684212
run_g9,0.037,3553200,27.027027027027028
run_g9,0.036,3553200,27.77777777777778
run_g9,0.035,3553200,28.57142857142857
run_g9,0.034,3553200,29.41176470588235
run_g9,0.033,3553200,30.3030303030303
run_g9,0.032,3553200,31.25
run_g9,0.031,3553200,32.25806451612903
run_g9,0.03,3553200,33.333333333333336
run_g9,0.029,3553200,34.48275862068965
run_g9,0.028,3592680,35.714285714285715
run_g9,0.027,3592680,37.03703703703704
run_g9,0.026,3592680,38.46153846153846
run_g9,0.025,3592680,40.0
run_g9,0.024,3592680,41.666666666666664
run_g9,0.023,3592680,43.47826086956522
run_g9,0.022,3592680,45.45454545454546
run_g9,0.021,3592680,47.61904761904761
run_g9,0.02,3632160,50.0
run_g9,0.019,3632160,52.631578947368425
run_g9,0.018,3632160,55.55555555555556
run_g9,0.017,3632160,58.8235294117647
run_g9,0.016,3632160,62.5
run_g9,0.015,3671640,66.66666666666667
run_g9,0.014,3671640,71.42857142857143
run_g9,0.013,3671640,76.92307692307692
run_g9,0.012,3711120,83.33333333333333
run_g9,0.011,3711120,90.90909090909092
run_g9,0.01,3790080,100.0
run_g9,0.009,3829560,111.11111111111111
run_g9,0.008,3829560,125.0
run_g9,0.007,3829560,142.85714285714286
run_g9,0.006,3869040,166.66666666666666
run_g9,0.005,3869040,200.0
run_g9,0.004,3908520,250.0
run_g9,0.003,3908520,333.3333333333333
run_g9,0.002,3987480,500.0
run_g9,0.001,4066440,1000.0
