loss,probability
0.0,0.00024993751562109475
0.0,0.0004998750312421895
0.0,0.0007498125468632841
0.0,0.000999750062484379
0.0,0.0012496875781054736
0.0,0.0014996250937265683
0.0,0.0017495626093476631
0.0,0.001999500124968758
0.0,0.0022494376405898524
0.0,0.0024993751562109472
0.0,0.002749312671832042
0.0,0.0029992501874531365
0.0,0.0032491877030742314
0.0,0.0034991252186953262
0.0,0.003749062734316421
0.0,0.003999000249937516
0.0,0.00424893776555861
0.0,0.004498875281179705
0.0,0.0047488127968008
0.0,0.0049987503124218945
0.0,0.005248687828042989
0.0,0.005498625343664084
0.0,0.005748562859285179
0.0,0.005998500374906273
0.0,0.006248437890527368
0.0,0.006498375406148463
0.0,0.006748312921769558
0.0,0.0069982504373906525
0.0,0.007248187953011747
0.0,0.007498125468632842
0.0,0.007748062984253936
0.0,0.007998000499875032
0.0,0.008247938015496127
0.0,0.00849787553111722
0.0,0.008747813046738315
0.0,0.00899775056235941
0.0,0.009247688077980504
0.0,0.0094976255936016
0.0,0.009747563109222694
0.0,0.009997500624843789
0.0,0.010247438140464884
0.0,0.010497375656085979
0.0,0.010747313171707074
0.0,0.010997250687328168
0.0,0.011247188202949263
0.0,0.011497125718570358
0.0,0.011747063234191453
0.0,0.011997000749812546
0.0,0.012246938265433641
0.0,0.012496875781054736
0.0,0.01274681329667583
0.0,0.012996750812296926
0.0,0.01324668832791802
0.0,0.013496625843539115
0.0,0.01374656335916021
0.0,0.013996500874781305
0.0,0.0142464383904024
0.0,0.014496375906023495
0.0,0.01474631342164459
0.0,0.014996250937265684
0.0,0.015246188452886777
0.0,0.015496125968507872
0.0,0.015746063484128967
0.0,0.015996000999750064
0.0,0.016245938515371157
0.0,0.016495876030992253
0.0,0.016745813546613347
0.0,0.01699575106223444
0.0,0.017245688577855536
0.0,0.01749562609347663
0.0,0.017745563609097726
0.0,0.01799550112471882
0.0,0.018245438640339916
0.0,0.01849537615596101
0.0,0.018745313671582105
0.0,0.0189952511872032
0.0,0.019245188702824295
0.0,0.01949512621844539
0.0,0.019745063734066485
0.0,0.019995001249687578
0.0,0.02024493876530867
0.0,0.020494876280929768
0.0,0.02074481379655086
0.0,0.020994751312171957
0.0,0.02124468882779305
0.0,0.021494626343414147
0.0,0.02174456385903524
0.0,0.021994501374656337
0.0,0.02224443889027743
0.0,0.022494376405898527
0.0,0.02274431392151962
0.0,0.022994251437140716
0.0,0.02324418895276181
0.0,0.023494126468382906
0.0,0.023744063984004
0.0,0.023994001499625092
0.0,0.02424393901524619
0.0,0.024493876530867282
0.0,0.02474381404648838
0.0,0.02499375156210947
0.0,0.025243689077730568
0.0,0.02549362659335166
0.0,0.025743564108972758
0.0,0.02599350162459385
0.0,0.026243439140214948
0.0,0.02649337665583604
0.0,0.026743314171457137
0.0,0.02699325168707823
0.0,0.027243189202699324
0.0,0.02749312671832042
0.0,0.027743064233941513
0.0,0.02799300174956261
0.0,0.028242939265183703
0.0,0.0284928767808048
0.0,0.028742814296425893
0.0,0.02899275181204699
0.0,0.029242689327668082
0.0,0.02949262684328918
0.0,0.029742564358910272
0.0,0.02999250187453137
0.0,0.030242439390152462
0.0,0.030492376905773555
0.0,0.03074231442139465
0.0,0.030992251937015745
0.0,0.03124218945263684
0.0,0.031492126968257934
0.0,0.03174206448387903
0.0,0.03199200199950013
0.0,0.03224193951512122
0.0,0.032491877030742314
0.0,0.03274181454636341
0.0,0.03299175206198451
0.0,0.0332416895776056
0.0,0.03349162709322669
0.0,0.033741564608847786
0.0,0.03399150212446888
0.0,0.03424143964008998
0.0,0.03449137715571107
0.0,0.034741314671332166
0.0,0.03499125218695326
0.0,0.03524118970257436
0.0,0.03549112721819545
0.0,0.035741064733816545
0.0,0.03599100224943764
0.0,0.03624093976505874
0.0,0.03649087728067983
0.0,0.036740814796300925
0.0,0.03699075231192202
0.0,0.03724068982754311
0.0,0.03749062734316421
0.0,0.037740564858785304
0.0,0.0379905023744064
0.0,0.03824043989002749
0.0,0.03849037740564859
0.0,0.03874031492126968
0.0,0.03899025243689078
0.0,0.03924018995251187
0.0,0.03949012746813297
0.0,0.03974006498375406
0.0,0.039990002499375156
0.0,0.04023994001499625
0.0,0.04048987753061734
0.0,0.04073981504623844
0.0,0.040989752561859535
0.0,0.04123969007748063
0.0,0.04148962759310172
0.0,0.04173956510872282
0.0,0.041989502624343915
0.0,0.04223944013996501
0.0,0.0424893776555861
0.0,0.0427393151712072
0.0,0.042989252686828294
0.0,0.04323919020244939
0.0,0.04348912771807048
0.0,0.04373906523369158
0.0,0.043989002749312674
0.0,0.04423894026493377
0.0,0.04448887778055486
0.0,0.04473881529617595
0.0,0.04498875281179705
0.0,0.045238690327418146
0.0,0.04548862784303924
0.0,0.04573856535866033
0.0,0.04598850287428143
0.0,0.046238440389902526
0.0,0.04648837790552362
0.0,0.04673831542114471
0.0,0.04698825293676581
0.0,0.047238190452386905
0.0,0.047488127968008
0.0,0.04773806548362909
0.0,0.047988002999250184
0.0,0.048237940514871284
0.0,0.04848787803049238
0.0,0.04873781554611347
0.0,0.048987753061734564
0.0,0.049237690577355664
0.0,0.04948762809297676
0.0,0.04973756560859785
0.0,0.04998750312421894
0.0,0.05023744063984004
0.0,0.050487378155461136
0.0,0.05073731567108223
0.0,0.05098725318670332
0.0,0.051237190702324416
0.0,0.051487128217945516
0.0,0.05173706573356661
0.0,0.0519870032491877
0.0,0.052236940764808795
0.0,0.052486878280429895
0.0,0.05273681579605099
0.0,0.05298675331167208
0.0,0.053236690827293175
0.0,0.053486628342914275
0.0,0.05373656585853537
0.0,0.05398650337415646
0.0,0.054236440889777554
0.0,0.05448637840539865
0.0,0.05473631592101975
0.0,0.05498625343664084
0.0,0.055236190952261933
0.0,0.05548612846788303
0.0,0.05573606598350413
0.0,0.05598600349912522
0.0,0.05623594101474631
0.0,0.056485878530367406
0.0,0.056735816045988506
0.0,0.0569857535616096
0.0,0.05723569107723069
0.0,0.057485628592851785
0.0,0.05773556610847288
0.0,0.05798550362409398
0.0,0.05823544113971507
0.0,0.058485378655336165
0.0,0.05873531617095726
0.0,0.05898525368657836
0.0,0.05923519120219945
0.0,0.059485128717820544
0.0,0.05973506623344164
0.0,0.05998500374906274
0.0,0.06023494126468383
0.0,0.060484878780304924
0.0,0.06073481629592602
0.0,0.06098475381154711
0.0,0.06123469132716821
0.0,0.0614846288427893
0.0,0.061734566358410396
0.0,0.06198450387403149
0.0,0.06223444138965259
0.0,0.06248437890527368
0.0,0.06273431642089478
0.0,0.06298425393651587
0.0,0.06323419145213696
0.0,0.06348412896775806
0.0,0.06373406648337916
0.0,0.06398400399900026
0.0,0.06423394151462135
0.0,0.06448387903024244
0.0,0.06473381654586353
0.0,0.06498375406148463
0.0,0.06523369157710572
0.0,0.06548362909272681
0.0,0.06573356660834791
0.0,0.06598350412396901
0.0,0.06623344163959011
0.0,0.0664833791552112
0.0,0.0667333166708323
0.0,0.06698325418645339
0.0,0.06723319170207448
0.0,0.06748312921769557
0.0,0.06773306673331667
0.0,0.06798300424893776
0.0,0.06823294176455887
0.0,0.06848287928017996
0.0,0.06873281679580105
0.0,0.06898275431142215
0.0,0.06923269182704324
0.0,0.06948262934266433
0.0,0.06973256685828542
0.0,0.06998250437390652
0.0,0.07023244188952762
0.0,0.07048237940514872
0.0,0.07073231692076981
0.0,0.0709822544363909
0.0,0.071232191952012
0.0,0.07148212946763309
0.0,0.07173206698325418
0.0,0.07198200449887528
0.0,0.07223194201449637
0.0,0.07248187953011748
0.0,0.07273181704573857
0.0,0.07298175456135966
0.0,0.07323169207698076
0.0,0.07348162959260185
0.0,0.07373156710822294
0.0,0.07398150462384404
0.0,0.07423144213946513
0.0,0.07448137965508622
0.0,0.07473131717070733
0.0,0.07498125468632842
0.0,0.07523119220194951
0.0,0.07548112971757061
0.0,0.0757310672331917
0.0,0.0759810047488128
0.0,0.07623094226443389
0.0,0.07648087978005498
0.0,0.07673081729567609
0.0,0.07698075481129718
0.0,0.07723069232691827
0.0,0.07748062984253937
0.0,0.07773056735816046
0.0,0.07798050487378155
0.0,0.07823044238940265
0.0,0.07848037990502374
0.0,0.07873031742064483
0.0,0.07898025493626594
0.0,0.07923019245188703
0.0,0.07948012996750813
0.0,0.07973006748312922
0.0,0.07998000499875031
0.0,0.0802299425143714
0.0,0.0804798800299925
0.0,0.08072981754561359
0.0,0.08097975506123468
0.0,0.08122969257685579
0.0,0.08147963009247688
0.0,0.08172956760809798
0.0,0.08197950512371907
0.0,0.08222944263934016
0.0,0.08247938015496126
0.0,0.08272931767058235
0.0,0.08297925518620344
0.0,0.08322919270182455
0.0,0.08347913021744564
0.0,0.08372906773306674
0.0,0.08397900524868783
0.0,0.08422894276430892
0.0,0.08447888027993002
0.0,0.08472881779555111
0.0,0.0849787553111722
0.0,0.0852286928267933
0.0,0.0854786303424144
0.0,0.0857285678580355
0.0,0.08597850537365659
0.0,0.08622844288927768
0.0,0.08647838040489877
0.0,0.08672831792051987
0.0,0.08697825543614096
0.0,0.08722819295176205
0.0,0.08747813046738316
0.0,0.08772806798300425
0.0,0.08797800549862535
0.0,0.08822794301424644
0.0,0.08847788052986753
0.0,0.08872781804548863
0.0,0.08897775556110972
0.0,0.08922769307673081
0.0,0.0894776305923519
0.0,0.08972756810797301
0.0,0.0899775056235941
0.0,0.0902274431392152
0.0,0.09047738065483629
0.0,0.09072731817045739
0.0,0.09097725568607848
0.0,0.09122719320169957
0.0,0.09147713071732066
0.0,0.09172706823294176
0.0,0.09197700574856287
0.0,0.09222694326418396
0.0,0.09247688077980505
0.0,0.09272681829542614
0.0,0.09297675581104724
0.0,0.09322669332666833
0.0,0.09347663084228942
0.0,0.09372656835791052
0.0,0.09397650587353162
0.0,0.09422644338915272
0.0,0.09447638090477381
0.0,0.0947263184203949
0.0,0.094976255936016
0.0,0.09522619345163709
0.0,0.09547613096725818
0.0,0.09572606848287928
0.0,0.09597600599850037
0.0,0.09622594351412148
0.0,0.09647588102974257
0.0,0.09672581854536366
0.0,0.09697575606098476
0.0,0.09722569357660585
0.0,0.09747563109222694
0.0,0.09772556860784803
0.0,0.09797550612346913
0.0,0.09822544363909022
0.0,0.09847538115471133
0.0,0.09872531867033242
0.0,0.09897525618595351
0.0,0.09922519370157461
0.0,0.0994751312171957
0.0,0.0997250687328168
0.0,0.09997500624843789
0.0,0.10022494376405898
0.0,0.10047488127968009
0.0,0.10072481879530118
0.0,0.10097475631092227
0.0,0.10122469382654337
0.0,0.10147463134216446
0.0,0.10172456885778555
0.0,0.10197450637340665
0.0,0.10222444388902774
0.0,0.10247438140464883
0.0,0.10272431892026994
0.0,0.10297425643589103
0.0,0.10322419395151212
0.0,0.10347413146713322
0.0,0.10372406898275431
0.0,0.1039740064983754
0.0,0.1042239440139965
0.0,0.10447388152961759
0.0,0.10472381904523868
0.0,0.10497375656085979
0.0,0.10522369407648088
0.0,0.10547363159210198
0.0,0.10572356910772307
0.0,0.10597350662334416
0.0,0.10622344413896526
0.0,0.10647338165458635
0.0,0.10672331917020744
0.0,0.10697325668582855
0.0,0.10722319420144964
0.0,0.10747313171707074
0.0,0.10772306923269183
0.0,0.10797300674831292
0.0,0.10822294426393402
0.0,0.10847288177955511
0.0,0.1087228192951762
0.0,0.1089727568107973
0.0,0.1092226943264184
0.0,0.1094726318420395
0.0,0.10972256935766059
0.0,0.10997250687328168
0.0,0.11022244438890277
0.0,0.11047238190452387
0.0,0.11072231942014496
0.0,0.11097225693576605
0.0,0.11122219445138715
0.0,0.11147213196700825
0.0,0.11172206948262935
0.0,0.11197200699825044
0.0,0.11222194451387153
0.0,0.11247188202949263
0.0,0.11272181954511372
0.0,0.11297175706073481
0.0,0.1132216945763559
0.0,0.11347163209197701
0.0,0.1137215696075981
0.0,0.1139715071232192
0.0,0.11422144463884029
0.0,0.11447138215446138
0.0,0.11472131967008248
0.0,0.11497125718570357
0.0,0.11522119470132466
0.0,0.11547113221694576
0.0,0.11572106973256686
0.0,0.11597100724818796
0.0,0.11622094476380905
0.0,0.11647088227943014
0.0,0.11672081979505124
0.0,0.11697075731067233
0.0,0.11722069482629342
0.0,0.11747063234191452
0.0,0.11772056985753562
0.0,0.11797050737315672
0.0,0.11822044488877781
0.0,0.1184703824043989
0.0,0.11872031992002
0.0,0.11897025743564109
0.0,0.11922019495126218
0.0,0.11947013246688327
0.0,0.11972006998250437
0.0,0.11997000749812547
0.0,0.12021994501374657
0.0,0.12046988252936766
0.0,0.12071982004498875
0.0,0.12096975756060985
0.0,0.12121969507623094
0.0,0.12146963259185203
0.0,0.12171957010747313
0.0,0.12196950762309422
0.0,0.12221944513871533
0.0,0.12246938265433642
0.0,0.12271932016995751
0.0,0.1229692576855786
0.0,0.1232191952011997
0.0,0.12346913271682079
0.0,0.12371907023244189
0.0,0.12396900774806298
0.0,0.12421894526368409
0.0,0.12446888277930518
0.0,0.12471882029492627
0.0,0.12496875781054737
0.0,0.12521869532616844
0.0,0.12546863284178955
0.0,0.12571857035741066
0.0,0.12596850787303174
0.0,0.12621844538865284
0.0,0.12646838290427392
0.0,0.12671832041989503
0.0,0.1269682579355161
0.0,0.12721819545113722
0.0,0.12746813296675832
0.0,0.1277180704823794
0.0,0.1279680079980005
0.0,0.1282179455136216
0.0,0.1284678830292427
0.0,0.12871782054486378
0.0,0.12896775806048488
0.0,0.12921769557610596
0.0,0.12946763309172707
0.0,0.12971757060734818
0.0,0.12996750812296926
0.0,0.13021744563859036
0.0,0.13046738315421144
0.0,0.13071732066983255
0.0,0.13096725818545363
0.0,0.13121719570107473
0.0,0.13146713321669581
0.0,0.13171707073231692
0.0,0.13196700824793803
0.0,0.1322169457635591
0.0,0.13246688327918021
0.0,0.1327168207948013
0.0,0.1329667583104224
0.0,0.13321669582604348
0.0,0.1334666333416646
0.0,0.13371657085728567
0.0,0.13396650837290677
0.0,0.13421644588852788
0.0,0.13446638340414896
0.0,0.13471632091977007
0.0,0.13496625843539115
0.0,0.13521619595101225
0.0,0.13546613346663333
0.0,0.13571607098225444
0.0,0.13596600849787552
0.0,0.13621594601349662
0.0,0.13646588352911773
0.0,0.1367158210447388
0.0,0.13696575856035992
0.0,0.137215696075981
0.0,0.1374656335916021
0.0,0.13771557110722318
0.0,0.1379655086228443
0.0,0.13821544613846537
0.0,0.13846538365408648
0.0,0.13871532116970758
0.0,0.13896525868532866
0.0,0.13921519620094977
0.0,0.13946513371657085
0.0,0.13971507123219196
0.0,0.13996500874781304
0.0,0.14021494626343414
0.0,0.14046488377905525
0.0,0.14071482129467633
0.0,0.14096475881029744
0.0,0.14121469632591852
0.0,0.14146463384153962
0.0,0.1417145713571607
0.0,0.1419645088727818
0.0,0.1422144463884029
0.0,0.142464383904024
0.0,0.1427143214196451
0.0,0.14296425893526618
0.0,0.1432141964508873
0.0,0.14346413396650837
0.0,0.14371407148212947
0.0,0.14396400899775055
0.0,0.14421394651337166
0.0,0.14446388402899274
0.0,0.14471382154461385
0.0,0.14496375906023495
0.0,0.14521369657585603
0.0,0.14546363409147714
0.0,0.14571357160709822
0.0,0.14596350912271933
0.0,0.1462134466383404
0.0,0.1464633841539615
0.0,0.1467133216695826
0.0,0.1469632591852037
0.0,0.1472131967008248
0.0,0.14746313421644588
0.0,0.147713071732067
0.0,0.14796300924768807
0.0,0.14821294676330918
0.0,0.14846288427893026
0.0,0.14871282179455136
0.0,0.14896275931017244
0.0,0.14921269682579355
0.0,0.14946263434141466
0.0,0.14971257185703574
0.0,0.14996250937265684
0.0,0.15021244688827792
0.0,0.15046238440389903
0.0,0.1507123219195201
0.0,0.15096225943514122
0.0,0.15121219695076232
0.0,0.1514621344663834
0.0,0.1517120719820045
0.0,0.1519620094976256
0.0,0.1522119470132467
0.0,0.15246188452886777
0.0,0.15271182204448888
0.0,0.15296175956010996
0.0,0.15321169707573107
0.0,0.15346163459135218
0.0,0.15371157210697325
0.0,0.15396150962259436
0.0,0.15421144713821544
0.0,0.15446138465383655
0.0,0.15471132216945763
0.0,0.15496125968507873
0.0,0.1552111972006998
0.0,0.15546113471632092
0.0,0.15571107223194203
0.0,0.1559610097475631
0.0,0.1562109472631842
0.0,0.1564608847788053
0.0,0.1567108222944264
0.0,0.15696075981004748
0.0,0.15721069732566859
0.0,0.15746063484128967
0.0,0.15771057235691077
0.0,0.15796050987253188
0.0,0.15821044738815296
0.0,0.15846038490377407
0.0,0.15871032241939514
0.0,0.15896025993501625
0.0,0.15921019745063733
0.0,0.15946013496625844
0.0,0.15971007248187952
0.0,0.15996000999750062
0.0,0.16020994751312173
0.0,0.1604598850287428
0.0,0.16070982254436392
0.0,0.160959760059985
0.0,0.1612096975756061
0.0,0.16145963509122718
0.0,0.1617095726068483
0.0,0.16195951012246937
0.0,0.16220944763809048
0.0,0.16245938515371158
0.0,0.16270932266933266
0.0,0.16295926018495377
0.0,0.16320919770057485
0.0,0.16345913521619596
0.0,0.16370907273181703
0.0,0.16395901024743814
0.0,0.16420894776305925
0.0,0.16445888527868033
0.0,0.16470882279430143
0.0,0.16495876030992251
0.0,0.16520869782554362
0.0,0.1654586353411647
0.0,0.1657085728567858
0.0,0.1659585103724069
0.0,0.166208447888028
0.0,0.1664583854036491
0.0,0.16670832291927018
0.0,0.1669582604348913
0.0,0.16720819795051237
0.0,0.16745813546613347
0.0,0.16770807298175455
0.0,0.16795801049737566
0.0,0.16820794801299674
0.0,0.16845788552861785
0.0,0.16870782304423895
0.0,0.16895776055986003
0.0,0.16920769807548114
0.0,0.16945763559110222
0.0,0.16970757310672333
0.0,0.1699575106223444
0.0,0.1702074481379655
0.0,0.1704573856535866
0.0,0.1707073231692077
0.0,0.1709572606848288
0.0,0.17120719820044988
0.0,0.171457135716071
0.0,0.17170707323169207
0.0,0.17195701074731318
0.0,0.17220694826293426
0.0,0.17245688577855536
0.0,0.17270682329417644
0.0,0.17295676080979755
0.0,0.17320669832541866
0.0,0.17345663584103974
0.0,0.17370657335666084
0.0,0.17395651087228192
0.0,0.17420644838790303
0.0,0.1744563859035241
0.0,0.17470632341914522
0.0,0.17495626093476632
0.0,0.1752061984503874
0.0,0.1754561359660085
0.0,0.1757060734816296
0.0,0.1759560109972507
0.0,0.17620594851287177
0.0,0.17645588602849288
0.0,0.17670582354411396
0.0,0.17695576105973507
0.0,0.17720569857535617
0.0,0.17745563609097725
0.0,0.17770557360659836
0.0,0.17795551112221944
0.0,0.17820544863784055
0.0,0.17845538615346163
0.0,0.17870532366908273
0.0,0.1789552611847038
0.0,0.17920519870032492
0.0,0.17945513621594603
0.0,0.1797050737315671
0.0,0.1799550112471882
0.0,0.1802049487628093
0.0,0.1804548862784304
0.0,0.18070482379405148
0.0,0.18095476130967258
0.0,0.18120469882529366
0.0,0.18145463634091477
0.0,0.18170457385653588
0.0,0.18195451137215696
0.0,0.18220444888777806
0.0,0.18245438640339914
0.0,0.18270432391902025
0.0,0.18295426143464133
0.0,0.18320419895026244
0.0,0.18345413646588352
0.0,0.18370407398150462
0.0,0.18395401149712573
0.0,0.1842039490127468
0.0,0.18445388652836792
0.0,0.184703824043989
0.0,0.1849537615596101
0.0,0.18520369907523118
0.0,0.1854536365908523
0.0,0.18570357410647337
0.0,0.18595351162209448
0.0,0.18620344913771558
0.0,0.18645338665333666
0.0,0.18670332416895777
0.0,0.18695326168457885
0.0,0.18720319920019995
0.0,0.18745313671582103
0.0,0.18770307423144214
0.0,0.18795301174706325
0.0,0.18820294926268433
0.0,0.18845288677830543
0.0,0.1887028242939265
0.0,0.18895276180954762
0.0,0.1892026993251687
0.0,0.1894526368407898
0.0,0.18970257435641089
0.0,0.189952511872032
0.0,0.1902024493876531
0.0,0.19045238690327418
0.0,0.19070232441889529
0.0,0.19095226193451637
0.0,0.19120219945013747
0.0,0.19145213696575855
0.0,0.19170207448137966
0.0,0.19195201199700074
0.0,0.19220194951262184
0.0,0.19245188702824295
0.0,0.19270182454386403
0.0,0.19295176205948514
0.0,0.19320169957510622
0.0,0.19345163709072732
0.0,0.1937015746063484
0.0,0.1939515121219695
0.0,0.1942014496375906
0.0,0.1944513871532117
0.0,0.1947013246688328
0.0,0.19495126218445388
0.0,0.195201199700075
0.0,0.19545113721569607
0.0,0.19570107473131718
0.0,0.19595101224693826
0.0,0.19620094976255936
0.0,0.19645088727818044
0.0,0.19670082479380155
0.0,0.19695076230942266
0.0,0.19720069982504373
0.0,0.19745063734066484
0.0,0.19770057485628592
0.0,0.19795051237190703
0.0,0.1982004498875281
0.0,0.19845038740314921
0.0,0.1987003249187703
0.0,0.1989502624343914
0.0,0.1992001999500125
0.0,0.1994501374656336
0.0,0.1997000749812547
0.0,0.19995001249687577
0.0,0.20019995001249688
0.0,0.20044988752811796
0.0,0.20069982504373907
0.0,0.20094976255936017
0.0,0.20119970007498125
0.0,0.20144963759060236
0.0,0.20169957510622344
0.0,0.20194951262184455
0.0,0.20219945013746563
0.0,0.20244938765308673
0.0,0.2026993251687078
0.0,0.20294926268432892
0.0,0.20319920019995003
0.0,0.2034491377155711
0.0,0.2036990752311922
0.0,0.2039490127468133
0.0,0.2041989502624344
0.0,0.20444888777805548
0.0,0.20469882529367658
0.0,0.20494876280929766
0.0,0.20519870032491877
0.0,0.20544863784053988
0.0,0.20569857535616096
0.0,0.20594851287178206
0.0,0.20619845038740314
0.0,0.20644838790302425
0.0,0.20669832541864533
0.0,0.20694826293426644
0.0,0.20719820044988752
0.0,0.20744813796550862
0.0,0.20769807548112973
0.0,0.2079480129967508
0.0,0.20819795051237192
0.0,0.208447888027993
0.0,0.2086978255436141
0.0,0.20894776305923518
0.0,0.2091977005748563
0.0,0.20944763809047737
0.0,0.20969757560609847
0.0,0.20994751312171958
0.0,0.21019745063734066
0.0,0.21044738815296177
0.0,0.21069732566858285
0.0,0.21094726318420395
0.0,0.21119720069982503
0.0,0.21144713821544614
0.0,0.21169707573106725
0.0,0.21194701324668833
0.0,0.21219695076230943
0.0,0.2124468882779305
0.0,0.21269682579355162
0.0,0.2129467633091727
0.0,0.2131967008247938
0.0,0.21344663834041488
0.0,0.213696575856036
0.0,0.2139465133716571
0.0,0.21419645088727818
0.0,0.21444638840289929
0.0,0.21469632591852036
0.0,0.21494626343414147
0.0,0.21519620094976255
0.0,0.21544613846538366
0.0,0.21569607598100474
0.0,0.21594601349662584
0.0,0.21619595101224695
0.0,0.21644588852786803
0.0,0.21669582604348914
0.0,0.21694576355911022
0.0,0.21719570107473132
0.0,0.2174456385903524
0.0,0.2176955761059735
0.0,0.2179455136215946
0.0,0.2181954511372157
0.0,0.2184453886528368
0.0,0.21869532616845788
0.0,0.218945263684079
0.0,0.21919520119970007
0.0,0.21944513871532118
0.0,0.21969507623094225
0.0,0.21994501374656336
0.0,0.22019495126218444
0.0,0.22044488877780555
0.0,0.22069482629342665
0.0,0.22094476380904773
0.0,0.22119470132466884
0.0,0.22144463884028992
0.0,0.22169457635591103
0.0,0.2219445138715321
0.0,0.2221944513871532
0.0,0.2224443889027743
0.0,0.2226943264183954
0.0,0.2229442639340165
0.0,0.22319420144963759
0.0,0.2234441389652587
0.0,0.22369407648087977
0.0,0.22394401399650088
0.0,0.22419395151212196
0.0,0.22444388902774307
0.0,0.22469382654336417
0.0,0.22494376405898525
0.0,0.22519370157460636
0.0,0.22544363909022744
0.0,0.22569357660584854
0.0,0.22594351412146962
0.0,0.22619345163709073
0.0,0.2264433891527118
0.0,0.22669332666833292
0.0,0.22694326418395402
0.0,0.2271932016995751
0.0,0.2274431392151962
0.0,0.2276930767308173
0.0,0.2279430142464384
0.0,0.22819295176205948
0.0,0.22844288927768058
0.0,0.22869282679330166
0.0,0.22894276430892277
0.0,0.22919270182454388
0.0,0.22944263934016496
0.0,0.22969257685578606
0.0,0.22994251437140714
0.0,0.23019245188702825
0.0,0.23044238940264933
0.0,0.23069232691827044
0.0,0.23094226443389151
0.0,0.23119220194951262
0.0,0.23144213946513373
0.0,0.2316920769807548
0.0,0.23194201449637591
0.0,0.232191952011997
0.0,0.2324418895276181
0.0,0.23269182704323918
0.0,0.2329417645588603
0.0,0.23319170207448137
0.0,0.23344163959010247
0.0,0.23369157710572358
0.0,0.23394151462134466
0.0,0.23419145213696577
0.0,0.23444138965258685
0.0,0.23469132716820795
0.0,0.23494126468382903
0.0,0.23519120219945014
0.0,0.23544113971507125
0.0,0.23569107723069233
0.0,0.23594101474631343
0.0,0.2361909522619345
0.0,0.23644088977755562
0.0,0.2366908272931767
0.0,0.2369407648087978
0.0,0.23719070232441888
0.0,0.23744063984004
0.0,0.2376905773556611
0.0,0.23794051487128218
0.0,0.23819045238690328
0.0,0.23844038990252436
0.0,0.23869032741814547
0.0,0.23894026493376655
0.0,0.23919020244938766
0.0,0.23944013996500874
0.0,0.23969007748062984
0.0,0.23994001499625095
0.0,0.24018995251187203
0.0,0.24043989002749314
0.0,0.24068982754311422
0.0,0.24093976505873532
0.0,0.2411897025743564
0.0,0.2414396400899775
0.0,0.2416895776055986
0.0,0.2419395151212197
0.0,0.2421894526368408
0.0,0.24243939015246188
0.0,0.242689327668083
0.0,0.24293926518370407
0.0,0.24318920269932517
0.0,0.24343914021494625
0.0,0.24368907773056736
0.0,0.24393901524618844
0.0,0.24418895276180955
0.0,0.24443889027743065
0.0,0.24468882779305173
0.0,0.24493876530867284
0.0,0.24518870282429392
0.0,0.24543864033991503
0.0,0.2456885778555361
0.0,0.2459385153711572
0.0,0.2461884528867783
0.0,0.2464383904023994
0.0,0.2466883279180205
0.0,0.24693826543364158
0.0,0.2471882029492627
0.0,0.24743814046488377
0.0,0.24768807798050488
0.0,0.24793801549612596
0.0,0.24818795301174706
0.0,0.24843789052736817
0.0,0.24868782804298925
0.0,0.24893776555861036
0.0,0.24918770307423144
0.0,0.24943764058985254
0.0,0.24968757810547362
0.0,0.24993751562109473
0.0,0.2501874531367158
0.0,0.2504373906523369
0.0,0.250687328167958
0.0,0.2509372656835791
0.0,0.2511872031992002
0.0,0.2514371407148213
0.0,0.2516870782304424
0.0,0.2519370157460635
0.0,0.25218695326168455
0.0,0.2524368907773057
0.0,0.25268682829292677
0.0,0.25293676580854785
0.0,0.253186703324169
0.0,0.25343664083979006
0.0,0.25368657835541114
0.0,0.2539365158710322
0.0,0.25418645338665335
0.0,0.25443639090227443
0.0,0.2546863284178955
0.0,0.25493626593351665
0.0,0.2551862034491377
0.0,0.2554361409647588
0.0,0.2556860784803799
0.0,0.255936015996001
0.0,0.2561859535116221
0.0,0.2564358910272432
0.0,0.25668582854286426
0.0,0.2569357660584854
0.0,0.2571857035741065
0.0,0.25743564108972755
0.0,0.2576855786053487
0.0,0.25793551612096977
0.0,0.25818545363659084
0.0,0.2584353911522119
0.0,0.25868532866783306
0.0,0.25893526618345414
0.0,0.2591852036990752
0.0,0.25943514121469635
0.0,0.25968507873031743
0.0,0.2599350162459385
0.0,0.2601849537615596
0.0,0.2604348912771807
0.0,0.2606848287928018
0.0,0.2609347663084229
0.0,0.26118470382404396
0.0,0.2614346413396651
0.0,0.2616845788552862
0.0,0.26193451637090726
0.0,0.2621844538865284
0.0,0.26243439140214947
0.0,0.26268432891777055
0.0,0.26293426643339163
0.0,0.26318420394901276
0.0,0.26343414146463384
0.0,0.2636840789802549
0.0,0.26393401649587606
0.0,0.26418395401149714
0.0,0.2644338915271182
0.0,0.2646838290427393
0.0,0.26493376655836043
0.0,0.2651837040739815
0.0,0.2654336415896026
0.0,0.2656835791052237
0.0,0.2659335166208448
0.0,0.2661834541364659
0.0,0.26643339165208696
0.0,0.2666833291677081
0.0,0.2669332666833292
0.0,0.26718320419895025
0.0,0.26743314171457133
0.0,0.26768307923019247
0.0,0.26793301674581355
0.0,0.2681829542614346
0.0,0.26843289177705576
0.0,0.26868282929267684
0.0,0.2689327668082979
0.0,0.269182704323919
0.0,0.26943264183954013
0.0,0.2696825793551612
0.0,0.2699325168707823
0.0,0.2701824543864034
0.0,0.2704323919020245
0.0,0.2706823294176456
0.0,0.27093226693326666
0.0,0.2711822044488878
0.0,0.2714321419645089
0.0,0.27168207948012996
0.0,0.27193201699575104
0.0,0.27218195451137217
0.0,0.27243189202699325
0.0,0.27268182954261433
0.0,0.27293176705823546
0.0,0.27318170457385654
0.0,0.2734316420894776
0.0,0.2736815796050987
0.0,0.27393151712071984
0.0,0.2741814546363409
0.0,0.274431392151962
0.0,0.27468132966758313
0.0,0.2749312671832042
0.0,0.2751812046988253
0.0,0.27543114221444637
0.0,0.2756810797300675
0.0,0.2759310172456886
0.0,0.27618095476130966
0.0,0.27643089227693074
0.0,0.2766808297925519
0.0,0.27693076730817295
0.0,0.27718070482379403
0.0,0.27743064233941517
0.0,0.27768057985503625
0.0,0.2779305173706573
0.0,0.2781804548862784
0.0,0.27843039240189954
0.0,0.2786803299175206
0.0,0.2789302674331417
0.0,0.27918020494876283
0.0,0.2794301424643839
0.0,0.279680079980005
0.0,0.27993001749562607
0.0,0.2801799550112472
0.0,0.2804298925268683
0.0,0.28067983004248936
0.0,0.2809297675581105
0.0,0.2811797050737316
0.0,0.28142964258935266
0.0,0.28167958010497374
0.0,0.28192951762059487
0.0,0.28217945513621595
0.0,0.28242939265183703
0.0,0.2826793301674581
0.0,0.28292926768307924
0.0,0.2831792051987003
0.0,0.2834291427143214
0.0,0.28367908022994254
0.0,0.2839290177455636
0.0,0.2841789552611847
0.0,0.2844288927768058
0.0,0.2846788302924269
0.0,0.284928767808048
0.0,0.28517870532366907
0.0,0.2854286428392902
0.0,0.2856785803549113
0.0,0.28592851787053236
0.0,0.28617845538615344
0.0,0.2864283929017746
0.0,0.28667833041739565
0.0,0.28692826793301673
0.0,0.2871782054486378
0.0,0.28742814296425895
0.0,0.28767808047988
0.0,0.2879280179955011
0.0,0.28817795551112224
0.0,0.2884278930267433
0.0,0.2886778305423644
0.0,0.2889277680579855
0.0,0.2891777055736066
0.0,0.2894276430892277
0.0,0.2896775806048488
0.0,0.2899275181204699
0.0,0.290177455636091
0.0,0.29042739315171207
0.0,0.29067733066733314
0.0,0.2909272681829543
0.0,0.29117720569857536
0.0,0.29142714321419644
0.0,0.2916770807298176
0.0,0.29192701824543865
0.0,0.29217695576105973
0.0,0.2924268932766808
0.0,0.29267683079230195
0.0,0.292926768307923
0.0,0.2931767058235441
0.0,0.2934266433391652
0.0,0.2936765808547863
0.0,0.2939265183704074
0.0,0.2941764558860285
0.0,0.2944263934016496
0.0,0.2946763309172707
0.0,0.29492626843289177
0.0,0.29517620594851285
0.0,0.295426143464134
0.0,0.29567608097975506
0.0,0.29592601849537614
0.0,0.2961759560109973
0.0,0.29642589352661836
0.0,0.29667583104223944
0.0,0.2969257685578605
0.0,0.29717570607348165
0.0,0.29742564358910273
0.0,0.2976755811047238
0.0,0.2979255186203449
0.0,0.298175456135966
0.0,0.2984253936515871
0.0,0.2986753311672082
0.0,0.2989252686828293
0.0,0.2991752061984504
0.0,0.2994251437140715
0.0,0.29967508122969255
0.0,0.2999250187453137
0.0,0.30017495626093477
0.0,0.30042489377655585
0.0,0.300674831292177
0.0,0.30092476880779806
0.0,0.30117470632341914
0.0,0.3014246438390402
0.0,0.30167458135466135
0.0,0.30192451887028243
0.0,0.3021744563859035
0.0,0.30242439390152465
0.0,0.3026743314171457
0.0,0.3029242689327668
0.0,0.3031742064483879
0.0,0.303424143964009
0.0,0.3036740814796301
0.0,0.3039240189952512
0.0,0.30417395651087226
0.0,0.3044238940264934
0.0,0.30467383154211447
0.0,0.30492376905773555
0.0,0.3051737065733567
0.0,0.30542364408897776
0.0,0.30567358160459884
0.0,0.3059235191202199
0.0,0.30617345663584106
0.0,0.30642339415146214
0.0,0.3066733316670832
0.0,0.30692326918270435
0.0,0.30717320669832543
0.0,0.3074231442139465
0.0,0.3076730817295676
0.0,0.3079230192451887
0.0,0.3081729567608098
0.0,0.3084228942764309
0.0,0.30867283179205196
0.0,0.3089227693076731
0.0,0.3091727068232942
0.0,0.30942264433891525
0.0,0.3096725818545364
0.0,0.30992251937015747
0.0,0.31017245688577855
0.0,0.3104223944013996
0.0,0.31067233191702076
0.0,0.31092226943264184
0.0,0.3111722069482629
0.0,0.31142214446388405
0.0,0.31167208197950513
0.0,0.3119220194951262
0.0,0.3121719570107473
0.0,0.3124218945263684
0.0,0.3126718320419895
0.0,0.3129217695576106
0.0,0.31317170707323166
0.0,0.3134216445888528
0.0,0.3136715821044739
0.0,0.31392151962009496
0.0,0.3141714571357161
0.0,0.31442139465133717
0.0,0.31467133216695825
0.0,0.31492126968257933
0.0,0.31517120719820046
0.0,0.31542114471382154
0.0,0.3156710822294426
0.0,0.31592101974506376
0.0,0.31617095726068484
0.0,0.3164208947763059
0.0,0.316670832291927
0.0,0.31692076980754813
0.0,0.3171707073231692
0.0,0.3174206448387903
0.0,0.3176705823544114
0.0,0.3179205198700325
0.0,0.3181704573856536
0.0,0.31842039490127466
0.0,0.3186703324168958
0.0,0.3189202699325169
0.0,0.31917020744813795
0.0,0.31942014496375903
0.0,0.31967008247938017
0.0,0.31992001999500125
0.0,0.3201699575106223
0.0,0.32041989502624346
0.0,0.32066983254186454
0.0,0.3209197700574856
0.0,0.3211697075731067
0.0,0.32141964508872783
0.0,0.3216695826043489
0.0,0.32191952011997
0.0,0.3221694576355911
0.0,0.3224193951512122
0.0,0.3226693326668333
0.0,0.32291927018245437
0.0,0.3231692076980755
0.0,0.3234191452136966
0.0,0.32366908272931766
0.0,0.32391902024493874
0.0,0.3241689577605599
0.0,0.32441889527618095
0.0,0.32466883279180203
0.0,0.32491877030742317
0.0,0.32516870782304425
0.0,0.3254186453386653
0.0,0.3256685828542864
0.0,0.32591852036990754
0.0,0.3261684578855286
0.0,0.3264183954011497
0.0,0.32666833291677083
0.0,0.3269182704323919
0.0,0.327168207948013
0.0,0.32741814546363407
0.0,0.3276680829792552
0.0,0.3279180204948763
0.0,0.32816795801049736
0.0,0.3284178955261185
0.0,0.3286678330417396
0.0,0.32891777055736066
0.0,0.32916770807298174
0.0,0.32941764558860287
0.0,0.32966758310422395
0.0,0.32991752061984503
0.0,0.3301674581354661
0.0,0.33041739565108724
0.0,0.3306673331667083
0.0,0.3309172706823294
0.0,0.33116720819795054
0.0,0.3314171457135716
0.0,0.3316670832291927
0.0,0.3319170207448138
0.0,0.3321669582604349
0.0,0.332416895776056
0.0,0.33266683329167707
0.0,0.3329167708072982
0.0,0.3331667083229193
0.0,0.33341664583854036
0.0,0.33366658335416144
0.0,0.3339165208697826
0.0,0.33416645838540365
0.0,0.33441639590102473
0.0,0.3346663334166458
0.0,0.33491627093226695
0.0,0.335166208447888
0.0,0.3354161459635091
0.0,0.33566608347913024
0.0,0.3359160209947513
0.0,0.3361659585103724
0.0,0.3364158960259935
0.0,0.3366658335416146
0.0,0.3369157710572357
0.0,0.33716570857285677
0.0,0.3374156460884779
0.0,0.337665583604099
0.0,0.33791552111972006
0.0,0.33816545863534114
0.0,0.3384153961509623
0.0,0.33866533366658336
0.0,0.33891527118220444
0.0,0.33916520869782557
0.0,0.33941514621344665
0.0,0.33966508372906773
0.0,0.3399150212446888
0.0,0.34016495876030994
0.0,0.340414896275931
0.0,0.3406648337915521
0.0,0.3409147713071732
0.0,0.3411647088227943
0.0,0.3414146463384154
0.0,0.3416645838540365
0.0,0.3419145213696576
0.0,0.3421644588852787
0.0,0.34241439640089977
0.0,0.34266433391652085
0.0,0.342914271432142
0.0,0.34316420894776306
0.0,0.34341414646338414
0.0,0.3436640839790053
0.0,0.34391402149462635
0.0,0.34416395901024743
0.0,0.3444138965258685
0.0,0.34466383404148965
0.0,0.3449137715571107
0.0,0.3451637090727318
0.0,0.3454136465883529
0.0,0.345663584103974
0.0,0.3459135216195951
0.0,0.3461634591352162
0.0,0.3464133966508373
0.0,0.3466633341664584
0.0,0.34691327168207947
0.0,0.34716320919770055
0.0,0.3474131467133217
0.0,0.34766308422894276
0.0,0.34791302174456384
0.0,0.348162959260185
0.0,0.34841289677580606
0.0,0.34866283429142714
0.0,0.3489127718070482
0.0,0.34916270932266935
0.0,0.34941264683829043
0.0,0.3496625843539115
0.0,0.34991252186953264
0.0,0.3501624593851537
0.0,0.3504123969007748
0.0,0.3506623344163959
0.0,0.350912271932017
0.0,0.3511622094476381
0.0,0.3514121469632592
0.0,0.35166208447888025
0.0,0.3519120219945014
0.0,0.35216195951012247
0.0,0.35241189702574355
0.0,0.3526618345413647
0.0,0.35291177205698576
0.0,0.35316170957260684
0.0,0.3534116470882279
0.0,0.35366158460384906
0.0,0.35391152211947013
0.0,0.3541614596350912
0.0,0.35441139715071235
0.0,0.3546613346663334
0.0,0.3549112721819545
0.0,0.3551612096975756
0.0,0.3554111472131967
0.0,0.3556610847288178
0.0,0.3559110222444389
0.0,0.35616095976005996
0.0,0.3564108972756811
0.0,0.3566608347913022
0.0,0.35691077230692325
0.0,0.3571607098225444
0.0,0.35741064733816547
0.0,0.35766058485378655
0.0,0.3579105223694076
0.0,0.35816045988502876
0.0,0.35841039740064984
0.0,0.3586603349162709
0.0,0.35891027243189205
0.0,0.35916020994751313
0.0,0.3594101474631342
0.0,0.3596600849787553
0.0,0.3599100224943764
0.0,0.3601599600099975
0.0,0.3604098975256186
0.0,0.36065983504123966
0.0,0.3609097725568608
0.0,0.3611597100724819
0.0,0.36140964758810296
0.0,0.3616595851037241
0.0,0.36190952261934517
0.0,0.36215946013496625
0.0,0.36240939765058733
0.0,0.36265933516620846
0.0,0.36290927268182954
0.0,0.3631592101974506
0.0,0.36340914771307176
0.0,0.36365908522869284
0.0,0.3639090227443139
0.0,0.364158960259935
0.0,0.36440889777555613
0.0,0.3646588352911772
0.0,0.3649087728067983
0.0,0.3651587103224194
0.0,0.3654086478380405
0.0,0.3656585853536616
0.0,0.36590852286928266
0.0,0.3661584603849038
0.0,0.3664083979005249
0.0,0.36665833541614595
0.0,0.36690827293176703
0.0,0.36715821044738817
0.0,0.36740814796300925
0.0,0.3676580854786303
0.0,0.36790802299425146
0.0,0.36815796050987254
0.0,0.3684078980254936
0.0,0.3686578355411147
0.0,0.36890777305673583
0.0,0.3691577105723569
0.0,0.369407648087978
0.0,0.3696575856035991
0.0,0.3699075231192202
0.0,0.3701574606348413
0.0,0.37040739815046236
0.0,0.3706573356660835
0.0,0.3709072731817046
0.0,0.37115721069732566
0.0,0.37140714821294674
0.0,0.37165708572856787
0.0,0.37190702324418895
0.0,0.37215696075981003
0.0,0.37240689827543116
0.0,0.37265683579105224
0.0,0.3729067733066733
0.0,0.3731567108222944
0.0,0.37340664833791554
0.0,0.3736565858535366
0.0,0.3739065233691577
0.0,0.37415646088477883
0.0,0.3744063984003999
0.0,0.374656335916021
0.0,0.37490627343164207
0.0,0.3751562109472632
0.0,0.3754061484628843
0.0,0.37565608597850536
0.0,0.3759060234941265
0.0,0.3761559610097476
0.0,0.37640589852536865
0.0,0.37665583604098973
0.0,0.37690577355661087
0.0,0.37715571107223195
0.0,0.377405648587853
0.0,0.3776555861034741
0.0,0.37790552361909524
0.0,0.3781554611347163
0.0,0.3784053986503374
0.0,0.37865533616595853
0.0,0.3789052736815796
0.0,0.3791552111972007
0.0,0.37940514871282177
0.0,0.3796550862284429
0.0,0.379905023744064
0.0,0.38015496125968506
0.0,0.3804048987753062
0.0,0.3806548362909273
0.0,0.38090477380654836
0.0,0.38115471132216944
0.0,0.38140464883779057
0.0,0.38165458635341165
0.0,0.38190452386903273
0.0,0.3821544613846538
0.0,0.38240439890027494
0.0,0.382654336415896
0.0,0.3829042739315171
0.0,0.38315421144713824
0.0,0.3834041489627593
0.0,0.3836540864783804
0.0,0.3839040239940015
0.0,0.3841539615096226
0.0,0.3844038990252437
0.0,0.38465383654086477
0.0,0.3849037740564859
0.0,0.385153711572107
0.0,0.38540364908772806
0.0,0.38565358660334914
0.0,0.3859035241189703
0.0,0.38615346163459136
0.0,0.38640339915021243
0.0,0.38665333666583357
0.0,0.38690327418145465
0.0,0.3871532116970757
0.0,0.3874031492126968
0.0,0.38765308672831794
0.0,0.387903024243939
0.0,0.3881529617595601
0.0,0.3884028992751812
0.0,0.3886528367908023
0.0,0.3889027743064234
0.0,0.3891527118220445
0.0,0.3894026493376656
0.0,0.3896525868532867
0.0,0.38990252436890777
0.0,0.39015246188452885
0.0,0.39040239940015
0.0,0.39065233691577106
0.0,0.39090227443139214
0.0,0.3911522119470133
0.0,0.39140214946263435
0.0,0.39165208697825543
0.0,0.3919020244938765
0.0,0.39215196200949765
0.0,0.3924018995251187
0.0,0.3926518370407398
0.0,0.3929017745563609
0.0,0.393151712071982
0.0,0.3934016495876031
0.0,0.3936515871032242
0.0,0.3939015246188453
0.0,0.3941514621344664
0.0,0.39440139965008747
0.0,0.39465133716570855
0.0,0.3949012746813297
0.0,0.39515121219695076
0.0,0.39540114971257184
0.0,0.395651087228193
0.0,0.39590102474381406
0.0,0.39615096225943514
0.0,0.3964008997750562
0.0,0.39665083729067735
0.0,0.39690077480629843
0.0,0.3971507123219195
0.0,0.3974006498375406
0.0,0.3976505873531617
0.0,0.3979005248687828
0.0,0.3981504623844039
0.0,0.398400399900025
0.0,0.3986503374156461
0.0,0.3989002749312672
0.0,0.39915021244688825
0.0,0.3994001499625094
0.0,0.39965008747813047
0.0,0.39990002499375155
0.0,0.4001499625093727
0.0,0.40039990002499376
0.0,0.40064983754061484
0.0,0.4008997750562359
0.0,0.40114971257185705
0.0,0.40139965008747813
0.0,0.4016495876030992
0.0,0.40189952511872035
0.0,0.4021494626343414
0.0,0.4023994001499625
0.0,0.4026493376655836
0.0,0.4028992751812047
0.0,0.4031492126968258
0.0,0.4033991502124469
0.0,0.40364908772806796
0.0,0.4038990252436891
0.0,0.40414896275931017
0.0,0.40439890027493125
0.0,0.4046488377905524
0.0,0.40489877530617346
0.0,0.40514871282179454
0.0,0.4053986503374156
0.0,0.40564858785303676
0.0,0.40589852536865784
0.0,0.4061484628842789
0.0,0.40639840039990005
0.0,0.40664833791552113
0.0,0.4068982754311422
0.0,0.4071482129467633
0.0,0.4073981504623844
0.0,0.4076480879780055
0.0,0.4078980254936266
0.0,0.40814796300924766
0.0,0.4083979005248688
0.0,0.4086478380404899
0.0,0.40889777555611095
0.0,0.4091477130717321
0.0,0.40939765058735317
0.0,0.40964758810297425
0.0,0.4098975256185953
0.0,0.41014746313421646
0.0,0.41039740064983754
0.0,0.4106473381654586
0.0,0.41089727568107975
0.0,0.41114721319670083
0.0,0.4113971507123219
0.0,0.411647088227943
0.0,0.4118970257435641
0.0,0.4121469632591852
0.0,0.4123969007748063
0.0,0.4126468382904274
0.0,0.4128967758060485
0.0,0.4131467133216696
0.0,0.41339665083729066
0.0,0.4136465883529118
0.0,0.41389652586853287
0.0,0.41414646338415395
0.0,0.41439640089977503
0.0,0.41464633841539617
0.0,0.41489627593101724
0.0,0.4151462134466383
0.0,0.41539615096225946
0.0,0.41564608847788054
0.0,0.4158960259935016
0.0,0.4161459635091227
0.0,0.41639590102474383
0.0,0.4166458385403649
0.0,0.416895776055986
0.0,0.4171457135716071
0.0,0.4173956510872282
0.0,0.4176455886028493
0.0,0.41789552611847036
0.0,0.4181454636340915
0.0,0.4183954011497126
0.0,0.41864533866533366
0.0,0.41889527618095473
0.0,0.41914521369657587
0.0,0.41939515121219695
0.0,0.419645088727818
0.0,0.41989502624343916
0.0,0.42014496375906024
0.0,0.4203949012746813
0.0,0.4206448387903024
0.0,0.42089477630592353
0.0,0.4211447138215446
0.0,0.4213946513371657
0.0,0.42164458885278683
0.0,0.4218945263684079
0.0,0.422144463884029
0.0,0.42239440139965007
0.0,0.4226443389152712
0.0,0.4228942764308923
0.0,0.42314421394651336
0.0,0.4233941514621345
0.0,0.4236440889777556
0.0,0.42389402649337665
0.0,0.42414396400899773
0.0,0.42439390152461887
0.0,0.42464383904023995
0.0,0.424893776555861
0.0,0.4251437140714821
0.0,0.42539365158710324
0.0,0.4256435891027243
0.0,0.4258935266183454
0.0,0.42614346413396653
0.0,0.4263934016495876
0.0,0.4266433391652087
0.0,0.42689327668082977
0.0,0.4271432141964509
0.0,0.427393151712072
0.0,0.42764308922769306
0.0,0.4278930267433142
0.0,0.4281429642589353
0.0,0.42839290177455636
0.0,0.42864283929017744
0.0,0.42889277680579857
0.0,0.42914271432141965
0.0,0.42939265183704073
0.0,0.4296425893526618
0.0,0.42989252686828294
0.0,0.430142464383904
0.0,0.4303924018995251
0.0,0.43064233941514624
0.0,0.4308922769307673
0.0,0.4311422144463884
0.0,0.4313921519620095
0.0,0.4316420894776306
0.0,0.4318920269932517
0.0,0.43214196450887277
0.0,0.4323919020244939
0.0,0.432641839540115
0.0,0.43289177705573606
0.0,0.43314171457135714
0.0,0.4333916520869783
0.0,0.43364158960259935
0.0,0.43389152711822043
0.0,0.43414146463384157
0.0,0.43439140214946265
0.0,0.4346413396650837
0.0,0.4348912771807048
0.0,0.43514121469632594
0.0,0.435391152211947
0.0,0.4356410897275681
0.0,0.4358910272431892
0.0,0.4361409647588103
0.0,0.4363909022744314
0.0,0.43664083979005247
0.0,0.4368907773056736
0.0,0.4371407148212947
0.0,0.43739065233691576
0.0,0.43764058985253684
0.0,0.437890527368158
0.0,0.43814046488377906
0.0,0.43839040239940014
0.0,0.43864033991502127
0.0,0.43889027743064235
0.0,0.43914021494626343
0.0,0.4393901524618845
0.0,0.43964008997750564
0.0,0.4398900274931267
0.0,0.4401399650087478
0.0,0.4403899025243689
0.0,0.44063984003999
0.0,0.4408897775556111
0.0,0.4411397150712322
0.0,0.4413896525868533
0.0,0.4416395901024744
0.0,0.44188952761809547
0.0,0.44213946513371655
0.0,0.4423894026493377
0.0,0.44263934016495876
0.0,0.44288927768057984
0.0,0.443139215196201
0.0,0.44338915271182205
0.0,0.44363909022744313
0.0,0.4438890277430642
0.0,0.44413896525868535
0.0,0.4443889027743064
0.0,0.4446388402899275
0.0,0.4448887778055486
0.0,0.4451387153211697
0.0,0.4453886528367908
0.0,0.4456385903524119
0.0,0.445888527868033
0.0,0.4461384653836541
0.0,0.44638840289927517
0.0,0.44663834041489625
0.0,0.4468882779305174
0.0,0.44713821544613847
0.0,0.44738815296175954
0.0,0.4476380904773807
0.0,0.44788802799300176
0.0,0.44813796550862284
0.0,0.4483879030242439
0.0,0.44863784053986505
0.0,0.44888777805548613
0.0,0.4491377155711072
0.0,0.44938765308672834
0.0,0.4496375906023494
0.0,0.4498875281179705
0.0,0.4501374656335916
0.0,0.4503874031492127
0.0,0.4506373406648338
0.0,0.4508872781804549
0.0,0.45113721569607595
0.0,0.4513871532116971
0.0,0.45163709072731817
0.0,0.45188702824293925
0.0,0.4521369657585604
0.0,0.45238690327418146
0.0,0.45263684078980254
0.0,0.4528867783054236
0.0,0.45313671582104476
0.0,0.45338665333666583
0.0,0.4536365908522869
0.0,0.45388652836790805
0.0,0.45413646588352913
0.0,0.4543864033991502
0.0,0.4546363409147713
0.0,0.4548862784303924
0.0,0.4551362159460135
0.0,0.4553861534616346
0.0,0.45563609097725566
0.0,0.4558860284928768
0.0,0.4561359660084979
0.0,0.45638590352411895
0.0,0.4566358410397401
0.0,0.45688577855536117
0.0,0.45713571607098225
0.0,0.4573856535866033
0.0,0.45763559110222446
0.0,0.45788552861784554
0.0,0.4581354661334666
0.0,0.45838540364908775
0.0,0.45863534116470883
0.0,0.4588852786803299
0.0,0.459135216195951
0.0,0.4593851537115721
0.0,0.4596350912271932
0.0,0.4598850287428143
0.0,0.4601349662584354
0.0,0.4603849037740565
0.0,0.4606348412896776
0.0,0.46088477880529866
0.0,0.4611347163209198
0.0,0.46138465383654087
0.0,0.46163459135216195
0.0,0.46188452886778303
0.0,0.46213446638340416
0.0,0.46238440389902524
0.0,0.4626343414146463
0.0,0.46288427893026746
0.0,0.46313421644588854
0.0,0.4633841539615096
0.0,0.4636340914771307
0.0,0.46388402899275183
0.0,0.4641339665083729
0.0,0.464383904023994
0.0,0.4646338415396151
0.0,0.4648837790552362
0.0,0.4651337165708573
0.0,0.46538365408647836
0.0,0.4656335916020995
0.0,0.4658835291177206
0.0,0.46613346663334165
0.0,0.46638340414896273
0.0,0.46663334166458387
0.0,0.46688327918020495
0.0,0.467133216695826
0.0,0.46738315421144716
0.0,0.46763309172706824
0.0,0.4678830292426893
0.0,0.4681329667583104
0.0,0.46838290427393153
0.0,0.4686328417895526
0.0,0.4688827793051737
0.0,0.4691327168207948
0.0,0.4693826543364159
0.0,0.469632591852037
0.0,0.46988252936765806
0.0,0.4701324668832792
0.0,0.4703824043989003
0.0,0.47063234191452136
0.0,0.4708822794301425
0.0,0.47113221694576357
0.0,0.47138215446138465
0.0,0.47163209197700573
0.0,0.47188202949262686
0.0,0.47213196700824794
0.0,0.472381904523869
0.0,0.4726318420394901
0.0,0.47288177955511124
0.0,0.4731317170707323
0.0,0.4733816545863534
0.0,0.47363159210197453
0.0,0.4738815296175956
0.0,0.4741314671332167
0.0,0.47438140464883777
0.0,0.4746313421644589
0.0,0.47488127968008
0.0,0.47513121719570106
0.0,0.4753811547113222
0.0,0.4756310922269433
0.0,0.47588102974256435
0.0,0.47613096725818543
0.0,0.47638090477380657
0.0,0.47663084228942765
0.0,0.4768807798050487
0.0,0.4771307173206698
0.0,0.47738065483629094
0.0,0.477630592351912
0.0,0.4778805298675331
0.0,0.47813046738315423
0.0,0.4783804048987753
0.0,0.4786303424143964
0.0,0.47888027993001747
0.0,0.4791302174456386
0.0,0.4793801549612597
0.0,0.47963009247688076
0.0,0.4798800299925019
0.0,0.480129967508123
0.0,0.48037990502374406
0.0,0.48062984253936514
0.0,0.48087978005498627
0.0,0.48112971757060735
0.0,0.48137965508622843
0.0,0.4816295926018495
0.0,0.48187953011747064
0.0,0.4821294676330917
0.0,0.4823794051487128
0.0,0.48262934266433394
0.0,0.482879280179955
0.0,0.4831292176955761
0.0,0.4833791552111972
0.0,0.4836290927268183
0.0,0.4838790302424394
0.0,0.48412896775806047
0.0,0.4843789052736816
0.0,0.4846288427893027
0.0,0.48487878030492376
0.0,0.48512871782054484
0.0,0.485378655336166
0.0,0.48562859285178706
0.0,0.48587853036740813
0.0,0.48612846788302927
0.0,0.48637840539865035
0.0,0.48662834291427143
0.0,0.4868782804298925
0.0,0.48712821794551364
0.0,0.4873781554611347
0.0,0.4876280929767558
0.0,0.4878780304923769
0.0,0.488127968007998
0.0,0.4883779055236191
0.0,0.4886278430392402
0.0,0.4888777805548613
0.0,0.4891277180704824
0.0,0.48937765558610347
0.0,0.48962759310172455
0.0,0.4898775306173457
0.0,0.49012746813296676
0.0,0.49037740564858784
0.0,0.490627343164209
0.0,0.49087728067983005
0.0,0.49112721819545113
0.0,0.4913771557110722
0.0,0.49162709322669335
0.0,0.4918770307423144
0.0,0.4921269682579355
0.0,0.4923769057735566
0.0,0.4926268432891777
0.0,0.4928767808047988
0.0,0.4931267183204199
0.0,0.493376655836041
0.0,0.4936265933516621
0.0,0.49387653086728317
0.0,0.49412646838290425
0.0,0.4943764058985254
0.0,0.49462634341414646
0.0,0.49487628092976754
0.0,0.4951262184453887
0.0,0.49537615596100976
0.0,0.49562609347663084
0.0,0.4958760309922519
0.0,0.49612596850787305
0.0,0.49637590602349413
0.0,0.4966258435391152
0.0,0.49687578105473634
0.0,0.4971257185703574
0.0,0.4973756560859785
0.0,0.4976255936015996
0.0,0.4978755311172207
0.0,0.4981254686328418
0.0,0.4983754061484629
0.0,0.49862534366408395
0.0,0.4988752811797051
0.0,0.49912521869532617
0.0,0.49937515621094725
0.0,0.4996250937265684
0.0,0.49987503124218946
0.0,0.5001249687578105
0.0,0.5003749062734316
0.0,0.5006248437890527
0.0,0.5008747813046738
0.0,0.501124718820295
0.0,0.501374656335916
0.0,0.5016245938515371
0.0,0.5018745313671582
0.0,0.5021244688827793
0.0,0.5023744063984004
0.0,0.5026243439140214
0.0,0.5028742814296426
0.0,0.5031242189452637
0.0,0.5033741564608848
0.0,0.5036240939765059
0.0,0.503874031492127
0.0,0.504123969007748
0.0,0.5043739065233691
0.0,0.5046238440389903
0.0,0.5048737815546114
0.0,0.5051237190702325
0.0,0.5053736565858535
0.0,0.5056235941014746
0.0,0.5058735316170957
0.0,0.5061234691327168
0.0,0.506373406648338
0.0,0.506623344163959
0.0,0.5068732816795801
0.0,0.5071232191952012
0.0,0.5073731567108223
0.0,0.5076230942264434
0.0,0.5078730317420644
0.0,0.5081229692576856
0.0,0.5083729067733067
0.0,0.5086228442889278
0.0,0.5088727818045489
0.0,0.50912271932017
0.0,0.509372656835791
0.0,0.5096225943514121
0.0,0.5098725318670333
0.0,0.5101224693826544
0.0,0.5103724068982755
0.0,0.5106223444138965
0.0,0.5108722819295176
0.0,0.5111222194451387
0.0,0.5113721569607598
0.0,0.5116220944763809
0.0,0.511872031992002
0.0,0.5121219695076231
0.0,0.5123719070232442
0.0,0.5126218445388653
0.0,0.5128717820544864
0.0,0.5131217195701074
0.0,0.5133716570857285
0.0,0.5136215946013497
0.0,0.5138715321169708
0.0,0.5141214696325919
0.0,0.514371407148213
0.0,0.514621344663834
0.0,0.5148712821794551
0.0,0.5151212196950762
0.0,0.5153711572106974
0.0,0.5156210947263185
0.0,0.5158710322419395
0.0,0.5161209697575606
0.0,0.5163709072731817
0.0,0.5166208447888028
0.0,0.5168707823044238
0.0,0.517120719820045
0.0,0.5173706573356661
0.0,0.5176205948512872
0.0,0.5178705323669083
0.0,0.5181204698825294
0.0,0.5183704073981504
0.0,0.5186203449137715
0.0,0.5188702824293927
0.0,0.5191202199450138
0.0,0.5193701574606349
0.0,0.5196200949762559
0.0,0.519870032491877
0.0,0.5201199700074981
0.0,0.5203699075231192
0.0,0.5206198450387404
0.0,0.5208697825543614
0.0,0.5211197200699825
0.0,0.5213696575856036
0.0,0.5216195951012247
0.0,0.5218695326168458
0.0,0.5221194701324668
0.0,0.5223694076480879
0.0,0.5226193451637091
0.0,0.5228692826793302
0.0,0.5231192201949513
0.0,0.5233691577105724
0.0,0.5236190952261934
0.0,0.5238690327418145
0.0,0.5241189702574356
0.0,0.5243689077730568
0.0,0.5246188452886779
0.0,0.5248687828042989
0.0,0.52511872031992
0.0,0.5253686578355411
0.0,0.5256185953511622
0.0,0.5258685328667833
0.0,0.5261184703824044
0.0,0.5263684078980255
0.0,0.5266183454136466
0.0,0.5268682829292677
0.0,0.5271182204448888
0.0,0.5273681579605098
0.0,0.5276180954761309
0.0,0.5278680329917521
0.0,0.5281179705073732
0.0,0.5283679080229943
0.0,0.5286178455386153
0.0,0.5288677830542364
0.0,0.5291177205698575
0.0,0.5293676580854786
0.0,0.5296175956010998
0.0,0.5298675331167209
0.0,0.5301174706323419
0.0,0.530367408147963
0.0,0.5306173456635841
0.0,0.5308672831792052
0.0,0.5311172206948263
0.0,0.5313671582104474
0.0,0.5316170957260685
0.0,0.5318670332416896
0.0,0.5321169707573107
0.0,0.5323669082729318
0.0,0.5326168457885528
0.0,0.5328667833041739
0.0,0.533116720819795
0.0,0.5333666583354162
0.0,0.5336165958510373
0.0,0.5338665333666583
0.0,0.5341164708822794
0.0,0.5343664083979005
0.0,0.5346163459135216
0.0,0.5348662834291427
0.0,0.5351162209447639
0.0,0.5353661584603849
0.0,0.535616095976006
0.0,0.5358660334916271
0.0,0.5361159710072482
0.0,0.5363659085228693
0.0,0.5366158460384903
0.0,0.5368657835541115
0.0,0.5371157210697326
0.0,0.5373656585853537
0.0,0.5376155961009748
0.0,0.5378655336165958
0.0,0.5381154711322169
0.0,0.538365408647838
0.0,0.5386153461634592
0.0,0.5388652836790803
0.0,0.5391152211947013
0.0,0.5393651587103224
0.0,0.5396150962259435
0.0,0.5398650337415646
0.0,0.5401149712571857
0.0,0.5403649087728069
0.0,0.5406148462884279
0.0,0.540864783804049
0.0,0.5411147213196701
0.0,0.5413646588352912
0.0,0.5416145963509122
0.0,0.5418645338665333
0.0,0.5421144713821544
0.0,0.5423644088977756
0.0,0.5426143464133967
0.0,0.5428642839290178
0.0,0.5431142214446388
0.0,0.5433641589602599
0.0,0.543614096475881
0.0,0.5438640339915021
0.0,0.5441139715071233
0.0,0.5443639090227443
0.0,0.5446138465383654
0.0,0.5448637840539865
0.0,0.5451137215696076
0.0,0.5453636590852287
0.0,0.5456135966008497
0.0,0.5458635341164709
0.0,0.546113471632092
0.0,0.5463634091477131
0.0,0.5466133466633342
0.0,0.5468632841789552
0.0,0.5471132216945763
0.0,0.5473631592101974
0.0,0.5476130967258186
0.0,0.5478630342414397
0.0,0.5481129717570608
0.0,0.5483629092726818
0.0,0.5486128467883029
0.0,0.548862784303924
0.0,0.5491127218195451
0.0,0.5493626593351663
0.0,0.5496125968507873
0.0,0.5498625343664084
0.0,0.5501124718820295
0.0,0.5503624093976506
0.0,0.5506123469132717
0.0,0.5508622844288927
0.0,0.5511122219445139
0.0,0.551362159460135
0.0,0.5516120969757561
0.0,0.5518620344913772
0.0,0.5521119720069982
0.0,0.5523619095226193
0.0,0.5526118470382404
0.0,0.5528617845538615
0.0,0.5531117220694827
0.0,0.5533616595851037
0.0,0.5536115971007248
0.0,0.5538615346163459
0.0,0.554111472131967
0.0,0.5543614096475881
0.0,0.5546113471632091
0.0,0.5548612846788303
0.0,0.5551112221944514
0.0,0.5553611597100725
0.0,0.5556110972256936
0.0,0.5558610347413147
0.0,0.5561109722569357
0.0,0.5563609097725568
0.0,0.556610847288178
0.0,0.5568607848037991
0.0,0.5571107223194202
0.0,0.5573606598350412
0.0,0.5576105973506623
0.0,0.5578605348662834
0.0,0.5581104723819045
0.0,0.5583604098975257
0.0,0.5586103474131467
0.0,0.5588602849287678
0.0,0.5591102224443889
0.0,0.55936015996001
0.0,0.5596100974756311
0.0,0.5598600349912521
0.0,0.5601099725068733
0.0,0.5603599100224944
0.0,0.5606098475381155
0.0,0.5608597850537366
0.0,0.5611097225693576
0.0,0.5613596600849787
0.0,0.5616095976005998
0.0,0.561859535116221
0.0,0.5621094726318421
0.0,0.5623594101474632
0.0,0.5626093476630842
0.0,0.5628592851787053
0.0,0.5631092226943264
0.0,0.5633591602099475
0.0,0.5636090977255686
0.0,0.5638590352411897
0.0,0.5641089727568108
0.0,0.5643589102724319
0.0,0.564608847788053
0.0,0.5648587853036741
0.0,0.5651087228192951
0.0,0.5653586603349162
0.0,0.5656085978505374
0.0,0.5658585353661585
0.0,0.5661084728817796
0.0,0.5663584103974006
0.0,0.5666083479130217
0.0,0.5668582854286428
0.0,0.5671082229442639
0.0,0.5673581604598851
0.0,0.5676080979755062
0.0,0.5678580354911272
0.0,0.5681079730067483
0.0,0.5683579105223694
0.0,0.5686078480379905
0.0,0.5688577855536116
0.0,0.5691077230692327
0.0,0.5693576605848538
0.0,0.5696075981004749
0.0,0.569857535616096
0.0,0.5701074731317171
0.0,0.5703574106473381
0.0,0.5706073481629592
0.0,0.5708572856785804
0.0,0.5711072231942015
0.0,0.5713571607098226
0.0,0.5716070982254436
0.0,0.5718570357410647
0.0,0.5721069732566858
0.0,0.5723569107723069
0.0,0.5726068482879281
0.0,0.5728567858035492
0.0,0.5731067233191702
0.0,0.5733566608347913
0.0,0.5736065983504124
0.0,0.5738565358660335
0.0,0.5741064733816545
0.0,0.5743564108972756
0.0,0.5746063484128968
0.0,0.5748562859285179
0.0,0.575106223444139
0.0,0.57535616095976
0.0,0.5756060984753811
0.0,0.5758560359910022
0.0,0.5761059735066233
0.0,0.5763559110222445
0.0,0.5766058485378656
0.0,0.5768557860534866
0.0,0.5771057235691077
0.0,0.5773556610847288
0.0,0.5776055986003499
0.0,0.577855536115971
0.0,0.5781054736315921
0.0,0.5783554111472132
0.0,0.5786053486628343
0.0,0.5788552861784554
0.0,0.5791052236940765
0.0,0.5793551612096975
0.0,0.5796050987253186
0.0,0.5798550362409398
0.0,0.5801049737565609
0.0,0.580354911272182
0.0,0.580604848787803
0.0,0.5808547863034241
0.0,0.5811047238190452
0.0,0.5813546613346663
0.0,0.5816045988502875
0.0,0.5818545363659086
0.0,0.5821044738815296
0.0,0.5823544113971507
0.0,0.5826043489127718
0.0,0.5828542864283929
0.0,0.583104223944014
0.0,0.5833541614596351
0.0,0.5836040989752562
0.0,0.5838540364908773
0.0,0.5841039740064984
0.0,0.5843539115221195
0.0,0.5846038490377405
0.0,0.5848537865533616
0.0,0.5851037240689827
0.0,0.5853536615846039
0.0,0.585603599100225
0.0,0.585853536615846
0.0,0.5861034741314671
0.0,0.5863534116470882
0.0,0.5866033491627093
0.0,0.5868532866783304
0.0,0.5871032241939516
0.0,0.5873531617095726
0.0,0.5876030992251937
0.0,0.5878530367408148
0.0,0.5881029742564359
0.0,0.588352911772057
0.0,0.588602849287678
0.0,0.5888527868032992
0.0,0.5891027243189203
0.0,0.5893526618345414
0.0,0.5896025993501625
0.0,0.5898525368657835
0.0,0.5901024743814046
0.0,0.5903524118970257
0.0,0.5906023494126469
0.0,0.590852286928268
0.0,0.591102224443889
0.0,0.5913521619595101
0.0,0.5916020994751312
0.0,0.5918520369907523
0.0,0.5921019745063734
0.0,0.5923519120219946
0.0,0.5926018495376156
0.0,0.5928517870532367
0.0,0.5931017245688578
0.0,0.5933516620844789
0.0,0.5936015996001
0.0,0.593851537115721
0.0,0.5941014746313422
0.0,0.5943514121469633
0.0,0.5946013496625844
0.0,0.5948512871782055
0.0,0.5951012246938265
0.0,0.5953511622094476
0.0,0.5956010997250687
0.0,0.5958510372406898
0.0,0.596100974756311
0.0,0.596350912271932
0.0,0.5966008497875531
0.0,0.5968507873031742
0.0,0.5971007248187953
0.0,0.5973506623344164
0.0,0.5976005998500374
0.0,0.5978505373656586
0.0,0.5981004748812797
0.0,0.5983504123969008
0.0,0.5986003499125219
0.0,0.598850287428143
0.0,0.599100224943764
0.0,0.5993501624593851
0.0,0.5996000999750063
0.0,0.5998500374906274
0.0,0.6000999750062485
0.0,0.6003499125218695
0.0,0.6005998500374906
0.0,0.6008497875531117
0.0,0.6010997250687328
0.0,0.601349662584354
0.0,0.601599600099975
0.0,0.6018495376155961
0.0,0.6020994751312172
0.0,0.6023494126468383
0.0,0.6025993501624594
0.0,0.6028492876780804
0.0,0.6030992251937016
0.0,0.6033491627093227
0.0,0.6035991002249438
0.0,0.6038490377405649
0.0,0.6040989752561859
0.0,0.604348912771807
0.0,0.6045988502874281
0.0,0.6048487878030493
0.0,0.6050987253186704
0.0,0.6053486628342915
0.0,0.6055986003499125
0.0,0.6058485378655336
0.0,0.6060984753811547
0.0,0.6063484128967758
0.0,0.6065983504123968
0.0,0.606848287928018
0.0,0.6070982254436391
0.0,0.6073481629592602
0.0,0.6075981004748813
0.0,0.6078480379905024
0.0,0.6080979755061234
0.0,0.6083479130217445
0.0,0.6085978505373657
0.0,0.6088477880529868
0.0,0.6090977255686079
0.0,0.6093476630842289
0.0,0.60959760059985
0.0,0.6098475381154711
0.0,0.6100974756310922
0.0,0.6103474131467134
0.0,0.6105973506623344
0.0,0.6108472881779555
0.0,0.6110972256935766
0.0,0.6113471632091977
0.0,0.6115971007248188
0.0,0.6118470382404398
0.0,0.612096975756061
0.0,0.6123469132716821
0.0,0.6125968507873032
0.0,0.6128467883029243
0.0,0.6130967258185454
0.0,0.6133466633341664
0.0,0.6135966008497875
0.0,0.6138465383654087
0.0,0.6140964758810298
0.0,0.6143464133966509
0.0,0.6145963509122719
0.0,0.614846288427893
0.0,0.6150962259435141
0.0,0.6153461634591352
0.0,0.6155961009747564
0.0,0.6158460384903774
0.0,0.6160959760059985
0.0,0.6163459135216196
0.0,0.6165958510372407
0.0,0.6168457885528618
0.0,0.6170957260684828
0.0,0.6173456635841039
0.0,0.6175956010997251
0.0,0.6178455386153462
0.0,0.6180954761309673
0.0,0.6183454136465883
0.0,0.6185953511622094
0.0,0.6188452886778305
0.0,0.6190952261934516
0.0,0.6193451637090728
0.0,0.6195951012246939
0.0,0.6198450387403149
0.0,0.620094976255936
0.0,0.6203449137715571
0.0,0.6205948512871782
0.0,0.6208447888027993
0.0,0.6210947263184204
0.0,0.6213446638340415
0.0,0.6215946013496626
0.0,0.6218445388652837
0.0,0.6220944763809048
0.0,0.6223444138965258
0.0,0.6225943514121469
0.0,0.6228442889277681
0.0,0.6230942264433892
0.0,0.6233441639590103
0.0,0.6235941014746313
0.0,0.6238440389902524
0.0,0.6240939765058735
0.0,0.6243439140214946
0.0,0.6245938515371158
0.0,0.6248437890527369
0.0,0.6250937265683579
0.0,0.625343664083979
0.0,0.6255936015996001
0.0,0.6258435391152212
0.0,0.6260934766308422
0.0,0.6263434141464633
0.0,0.6265933516620845
0.0,0.6268432891777056
0.0,0.6270932266933267
0.0,0.6273431642089478
0.0,0.6275931017245688
0.0,0.6278430392401899
0.0,0.628092976755811
0.0,0.6283429142714322
0.0,0.6285928517870533
0.0,0.6288427893026743
0.0,0.6290927268182954
0.0,0.6293426643339165
0.0,0.6295926018495376
0.0,0.6298425393651587
0.0,0.6300924768807799
0.0,0.6303424143964009
0.0,0.630592351912022
0.0,0.6308422894276431
0.0,0.6310922269432642
0.0,0.6313421644588852
0.0,0.6315921019745063
0.0,0.6318420394901275
0.0,0.6320919770057486
0.0,0.6323419145213697
0.0,0.6325918520369908
0.0,0.6328417895526118
0.0,0.6330917270682329
0.0,0.633341664583854
0.0,0.6335916020994752
0.0,0.6338415396150963
0.0,0.6340914771307173
0.0,0.6343414146463384
0.0,0.6345913521619595
0.0,0.6348412896775806
0.0,0.6350912271932017
0.0,0.6353411647088228
0.0,0.6355911022244439
0.0,0.635841039740065
0.0,0.6360909772556861
0.0,0.6363409147713072
0.0,0.6365908522869282
0.0,0.6368407898025493
0.0,0.6370907273181704
0.0,0.6373406648337916
0.0,0.6375906023494127
0.0,0.6378405398650338
0.0,0.6380904773806548
0.0,0.6383404148962759
0.0,0.638590352411897
0.0,0.6388402899275181
0.0,0.6390902274431393
0.0,0.6393401649587603
0.0,0.6395901024743814
0.0,0.6398400399900025
0.0,0.6400899775056236
0.0,0.6403399150212447
0.0,0.6405898525368657
0.0,0.6408397900524869
0.0,0.641089727568108
0.0,0.6413396650837291
0.0,0.6415896025993502
0.0,0.6418395401149712
0.0,0.6420894776305923
0.0,0.6423394151462134
0.0,0.6425893526618346
0.0,0.6428392901774557
0.0,0.6430892276930767
0.0,0.6433391652086978
0.0,0.6435891027243189
0.0,0.64383904023994
0.0,0.6440889777555611
0.0,0.6443389152711823
0.0,0.6445888527868033
0.0,0.6448387903024244
0.0,0.6450887278180455
0.0,0.6453386653336666
0.0,0.6455886028492877
0.0,0.6458385403649087
0.0,0.6460884778805299
0.0,0.646338415396151
0.0,0.6465883529117721
0.0,0.6468382904273932
0.0,0.6470882279430142
0.0,0.6473381654586353
0.0,0.6475881029742564
0.0,0.6478380404898775
0.0,0.6480879780054987
0.0,0.6483379155211197
0.0,0.6485878530367408
0.0,0.6488377905523619
0.0,0.649087728067983
0.0,0.6493376655836041
0.0,0.6495876030992251
0.0,0.6498375406148463
0.0,0.6500874781304674
0.0,0.6503374156460885
0.0,0.6505873531617096
0.0,0.6508372906773306
0.0,0.6510872281929517
0.0,0.6513371657085728
0.0,0.651587103224194
0.0,0.6518370407398151
0.0,0.6520869782554362
0.0,0.6523369157710572
0.0,0.6525868532866783
0.0,0.6528367908022994
0.0,0.6530867283179205
0.0,0.6533366658335417
0.0,0.6535866033491627
0.0,0.6538365408647838
0.0,0.6540864783804049
0.0,0.654336415896026
0.0,0.6545863534116471
0.0,0.6548362909272681
0.0,0.6550862284428893
0.0,0.6553361659585104
0.0,0.6555861034741315
0.0,0.6558360409897526
0.0,0.6560859785053736
0.0,0.6563359160209947
0.0,0.6565858535366158
0.0,0.656835791052237
0.0,0.6570857285678581
0.0,0.6573356660834792
0.0,0.6575856035991002
0.0,0.6578355411147213
0.0,0.6580854786303424
0.0,0.6583354161459635
0.0,0.6585853536615845
0.0,0.6588352911772057
0.0,0.6590852286928268
0.0,0.6593351662084479
0.0,0.659585103724069
0.0,0.6598350412396901
0.0,0.6600849787553111
0.0,0.6603349162709322
0.0,0.6605848537865534
0.0,0.6608347913021745
0.0,0.6610847288177956
0.0,0.6613346663334166
0.0,0.6615846038490377
0.0,0.6618345413646588
0.0,0.6620844788802799
0.0,0.6623344163959011
0.0,0.6625843539115222
0.0,0.6628342914271432
0.0,0.6630842289427643
0.0,0.6633341664583854
0.0,0.6635841039740065
0.0,0.6638340414896275
0.0,0.6640839790052487
0.0,0.6643339165208698
0.0,0.6645838540364909
0.0,0.664833791552112
0.0,0.665083729067733
0.0,0.6653336665833541
0.0,0.6655836040989752
0.0,0.6658335416145964
0.0,0.6660834791302175
0.0,0.6663334166458386
0.0,0.6665833541614596
0.0,0.6668332916770807
0.0,0.6670832291927018
0.0,0.6673331667083229
0.0,0.6675831042239441
0.0,0.6678330417395651
0.0,0.6680829792551862
0.0,0.6683329167708073
0.0,0.6685828542864284
0.0,0.6688327918020495
0.0,0.6690827293176705
0.0,0.6693326668332916
0.0,0.6695826043489128
0.0,0.6698325418645339
0.0,0.670082479380155
0.0,0.670332416895776
0.0,0.6705823544113971
0.0,0.6708322919270182
0.0,0.6710822294426393
0.0,0.6713321669582605
0.0,0.6715821044738816
0.0,0.6718320419895026
0.0,0.6720819795051237
0.0,0.6723319170207448
0.0,0.6725818545363659
0.0,0.672831792051987
0.0,0.6730817295676081
0.0,0.6733316670832292
0.0,0.6735816045988503
0.0,0.6738315421144714
0.0,0.6740814796300925
0.0,0.6743314171457135
0.0,0.6745813546613346
0.0,0.6748312921769558
0.0,0.6750812296925769
0.0,0.675331167208198
0.0,0.675581104723819
0.0,0.6758310422394401
0.0,0.6760809797550612
0.0,0.6763309172706823
0.0,0.6765808547863035
0.0,0.6768307923019246
0.0,0.6770807298175456
0.0,0.6773306673331667
0.0,0.6775806048487878
0.0,0.6778305423644089
0.0,0.67808047988003
0.0,0.6783304173956511
0.0,0.6785803549112722
0.0,0.6788302924268933
0.0,0.6790802299425144
0.0,0.6793301674581355
0.0,0.6795801049737565
0.0,0.6798300424893776
0.0,0.6800799800049987
0.0,0.6803299175206199
0.0,0.680579855036241
0.0,0.680829792551862
0.0,0.6810797300674831
0.0,0.6813296675831042
0.0,0.6815796050987253
0.0,0.6818295426143464
0.0,0.6820794801299676
0.0,0.6823294176455886
0.0,0.6825793551612097
0.0,0.6828292926768308
0.0,0.6830792301924519
0.0,0.683329167708073
0.0,0.683579105223694
0.0,0.6838290427393152
0.0,0.6840789802549363
0.0,0.6843289177705574
0.0,0.6845788552861785
0.0,0.6848287928017995
0.0,0.6850787303174206
0.0,0.6853286678330417
0.0,0.6855786053486629
0.0,0.685828542864284
0.0,0.686078480379905
0.0,0.6863284178955261
0.0,0.6865783554111472
0.0,0.6868282929267683
0.0,0.6870782304423894
0.0,0.6873281679580105
0.0,0.6875781054736316
0.0,0.6878280429892527
0.0,0.6880779805048738
0.0,0.6883279180204949
0.0,0.688577855536116
0.0,0.688827793051737
0.0,0.6890777305673582
0.0,0.6893276680829793
0.0,0.6895776055986004
0.0,0.6898275431142215
0.0,0.6900774806298425
0.0,0.6903274181454636
0.0,0.6905773556610847
0.0,0.6908272931767058
0.0,0.691077230692327
0.0,0.691327168207948
0.0,0.6915771057235691
0.0,0.6918270432391902
0.0,0.6920769807548113
0.0,0.6923269182704324
0.0,0.6925768557860534
0.0,0.6928267933016746
0.0,0.6930767308172957
0.0,0.6933266683329168
0.0,0.6935766058485379
0.0,0.6938265433641589
0.0,0.69407648087978
0.0,0.6943264183954011
0.0,0.6945763559110223
0.0,0.6948262934266434
0.0,0.6950762309422645
0.0,0.6953261684578855
0.0,0.6955761059735066
0.0,0.6958260434891277
0.0,0.6960759810047488
0.0,0.69632591852037
0.0,0.696575856035991
0.0,0.6968257935516121
0.0,0.6970757310672332
0.0,0.6973256685828543
0.0,0.6975756060984754
0.0,0.6978255436140964
0.0,0.6980754811297176
0.0,0.6983254186453387
0.0,0.6985753561609598
0.0,0.6988252936765809
0.0,0.6990752311922019
0.0,0.699325168707823
0.0,0.6995751062234441
0.0,0.6998250437390653
0.0,0.7000749812546864
0.0,0.7003249187703074
0.0,0.7005748562859285
0.0,0.7008247938015496
0.0,0.7010747313171707
0.0,0.7013246688327918
0.0,0.7015746063484128
0.0,0.701824543864034
0.0,0.7020744813796551
0.0,0.7023244188952762
0.0,0.7025743564108973
0.0,0.7028242939265184
0.0,0.7030742314421394
0.0,0.7033241689577605
0.0,0.7035741064733817
0.0,0.7038240439890028
0.0,0.7040739815046239
0.0,0.7043239190202449
0.0,0.704573856535866
0.0,0.7048237940514871
0.0,0.7050737315671082
0.0,0.7053236690827294
0.0,0.7055736065983504
0.0,0.7058235441139715
0.0,0.7060734816295926
0.0,0.7063234191452137
0.0,0.7065733566608348
0.0,0.7068232941764558
0.0,0.707073231692077
0.0,0.7073231692076981
0.0,0.7075731067233192
0.0,0.7078230442389403
0.0,0.7080729817545613
0.0,0.7083229192701824
0.0,0.7085728567858035
0.0,0.7088227943014247
0.0,0.7090727318170458
0.0,0.7093226693326669
0.0,0.7095726068482879
0.0,0.709822544363909
0.0,0.7100724818795301
0.0,0.7103224193951512
0.0,0.7105723569107723
0.0,0.7108222944263934
0.0,0.7110722319420145
0.0,0.7113221694576356
0.0,0.7115721069732567
0.0,0.7118220444888778
0.0,0.7120719820044988
0.0,0.7123219195201199
0.0,0.7125718570357411
0.0,0.7128217945513622
0.0,0.7130717320669833
0.0,0.7133216695826043
0.0,0.7135716070982254
0.0,0.7138215446138465
0.0,0.7140714821294676
0.0,0.7143214196450888
0.0,0.7145713571607099
0.0,0.7148212946763309
0.0,0.715071232191952
0.0,0.7153211697075731
0.0,0.7155711072231942
0.0,0.7158210447388152
0.0,0.7160709822544364
0.0,0.7163209197700575
0.0,0.7165708572856786
0.0,0.7168207948012997
0.0,0.7170707323169208
0.0,0.7173206698325418
0.0,0.7175706073481629
0.0,0.7178205448637841
0.0,0.7180704823794052
0.0,0.7183204198950263
0.0,0.7185703574106473
0.0,0.7188202949262684
0.0,0.7190702324418895
0.0,0.7193201699575106
0.0,0.7195701074731318
0.0,0.7198200449887528
0.0,0.7200699825043739
0.0,0.720319920019995
0.0,0.7205698575356161
0.0,0.7208197950512372
0.0,0.7210697325668582
0.0,0.7213196700824793
0.0,0.7215696075981005
0.0,0.7218195451137216
0.0,0.7220694826293427
0.0,0.7223194201449638
0.0,0.7225693576605848
0.0,0.7228192951762059
0.0,0.723069232691827
0.0,0.7233191702074482
0.0,0.7235691077230693
0.0,0.7238190452386903
0.0,0.7240689827543114
0.0,0.7243189202699325
0.0,0.7245688577855536
0.0,0.7248187953011747
0.0,0.7250687328167958
0.0,0.7253186703324169
0.0,0.725568607848038
0.0,0.7258185453636591
0.0,0.7260684828792802
0.0,0.7263184203949012
0.0,0.7265683579105223
0.0,0.7268182954261435
0.0,0.7270682329417646
0.0,0.7273181704573857
0.0,0.7275681079730068
0.0,0.7278180454886278
0.0,0.7280679830042489
0.0,0.72831792051987
0.0,0.7285678580354912
0.0,0.7288177955511123
0.0,0.7290677330667333
0.0,0.7293176705823544
0.0,0.7295676080979755
0.0,0.7298175456135966
0.0,0.7300674831292177
0.0,0.7303174206448388
0.0,0.7305673581604599
0.0,0.730817295676081
0.0,0.7310672331917021
0.0,0.7313171707073232
0.0,0.7315671082229442
0.0,0.7318170457385653
0.0,0.7320669832541864
0.0,0.7323169207698076
0.0,0.7325668582854287
0.0,0.7328167958010497
0.0,0.7330667333166708
0.0,0.7333166708322919
0.0,0.733566608347913
0.0,0.7338165458635341
0.0,0.7340664833791553
0.0,0.7343164208947763
0.0,0.7345663584103974
0.0,0.7348162959260185
0.0,0.7350662334416396
0.0,0.7353161709572607
0.0,0.7355661084728817
0.0,0.7358160459885029
0.0,0.736065983504124
0.0,0.7363159210197451
0.0,0.7365658585353662
0.0,0.7368157960509872
0.0,0.7370657335666083
0.0,0.7373156710822294
0.0,0.7375656085978506
0.0,0.7378155461134717
0.0,0.7380654836290927
0.0,0.7383154211447138
0.0,0.7385653586603349
0.0,0.738815296175956
0.0,0.7390652336915771
0.0,0.7393151712071983
0.0,0.7395651087228193
0.0,0.7398150462384404
0.0,0.7400649837540615
0.0,0.7403149212696826
0.0,0.7405648587853036
0.0,0.7408147963009247
0.0,0.7410647338165459
0.0,0.741314671332167
0.0,0.7415646088477881
0.0,0.7418145463634092
0.0,0.7420644838790302
0.0,0.7423144213946513
0.0,0.7425643589102724
0.0,0.7428142964258935
0.0,0.7430642339415147
0.0,0.7433141714571357
0.0,0.7435641089727568
0.0,0.7438140464883779
0.0,0.744063984003999
0.0,0.7443139215196201
0.0,0.7445638590352411
0.0,0.7448137965508623
0.0,0.7450637340664834
0.0,0.7453136715821045
0.0,0.7455636090977256
0.0,0.7458135466133466
0.0,0.7460634841289677
0.0,0.7463134216445888
0.0,0.74656335916021
0.0,0.7468132966758311
0.0,0.7470632341914522
0.0,0.7473131717070732
0.0,0.7475631092226943
0.0,0.7478130467383154
0.0,0.7480629842539365
0.0,0.7483129217695577
0.0,0.7485628592851787
0.0,0.7488127968007998
0.0,0.7490627343164209
0.0,0.749312671832042
0.0,0.7495626093476631
0.0,0.7498125468632841
0.0,0.7500624843789053
0.0,0.7503124218945264
0.0,0.7505623594101475
0.0,0.7508122969257686
0.0,0.7510622344413896
0.0,0.7513121719570107
0.0,0.7515621094726318
0.0,0.751812046988253
0.0,0.7520619845038741
0.0,0.7523119220194951
0.0,0.7525618595351162
0.0,0.7528117970507373
0.0,0.7530617345663584
0.0,0.7533116720819795
0.0,0.7535616095976005
0.0,0.7538115471132217
0.0,0.7540614846288428
0.0,0.7543114221444639
0.0,0.754561359660085
0.0,0.754811297175706
0.0,0.7550612346913271
0.0,0.7553111722069482
0.0,0.7555611097225694
0.0,0.7558110472381905
0.0,0.7560609847538116
0.0,0.7563109222694326
0.0,0.7565608597850537
0.0,0.7568107973006748
0.0,0.7570607348162959
0.0,0.7573106723319171
0.0,0.7575606098475381
0.0,0.7578105473631592
0.0,0.7580604848787803
0.0,0.7583104223944014
0.0,0.7585603599100225
0.0,0.7588102974256435
0.0,0.7590602349412647
0.0,0.7593101724568858
0.0,0.7595601099725069
0.0,0.759810047488128
0.0,0.760059985003749
0.0,0.7603099225193701
0.0,0.7605598600349912
0.0,0.7608097975506124
0.0,0.7610597350662335
0.0,0.7613096725818546
0.0,0.7615596100974756
0.0,0.7618095476130967
0.0,0.7620594851287178
0.0,0.7623094226443389
0.0,0.7625593601599601
0.0,0.7628092976755811
0.0,0.7630592351912022
0.0,0.7633091727068233
0.0,0.7635591102224444
0.0,0.7638090477380655
0.0,0.7640589852536865
0.0,0.7643089227693076
0.0,0.7645588602849288
0.0,0.7648087978005499
0.0,0.765058735316171
0.0,0.765308672831792
0.0,0.7655586103474131
0.0,0.7658085478630342
0.0,0.7660584853786553
0.0,0.7663084228942765
0.0,0.7665583604098976
0.0,0.7668082979255186
0.0,0.7670582354411397
0.0,0.7673081729567608
0.0,0.7675581104723819
0.0,0.767808047988003
0.0,0.7680579855036241
0.0,0.7683079230192452
0.0,0.7685578605348663
0.0,0.7688077980504874
0.0,0.7690577355661085
0.0,0.7693076730817295
0.0,0.7695576105973506
0.0,0.7698075481129718
0.0,0.7700574856285929
0.0,0.770307423144214
0.0,0.770557360659835
0.0,0.7708072981754561
0.0,0.7710572356910772
0.0,0.7713071732066983
0.0,0.7715571107223195
0.0,0.7718070482379406
0.0,0.7720569857535616
0.0,0.7723069232691827
0.0,0.7725568607848038
0.0,0.7728067983004249
0.0,0.773056735816046
0.0,0.7733066733316671
0.0,0.7735566108472882
0.0,0.7738065483629093
0.0,0.7740564858785304
0.0,0.7743064233941515
0.0,0.7745563609097725
0.0,0.7748062984253936
0.0,0.7750562359410147
0.0,0.7753061734566359
0.0,0.775556110972257
0.0,0.775806048487878
0.0,0.7760559860034991
0.0,0.7763059235191202
0.0,0.7765558610347413
0.0,0.7768057985503624
0.0,0.7770557360659835
0.0,0.7773056735816046
0.0,0.7775556110972257
0.0,0.7778055486128468
0.0,0.7780554861284679
0.0,0.778305423644089
0.0,0.77855536115971
0.0,0.7788052986753312
0.0,0.7790552361909523
0.0,0.7793051737065734
0.0,0.7795551112221945
0.0,0.7798050487378155
0.0,0.7800549862534366
0.0,0.7803049237690577
0.0,0.7805548612846789
0.0,0.7808047988003
0.0,0.781054736315921
0.0,0.7813046738315421
0.0,0.7815546113471632
0.0,0.7818045488627843
0.0,0.7820544863784054
0.0,0.7823044238940265
0.0,0.7825543614096476
0.0,0.7828042989252687
0.0,0.7830542364408898
0.0,0.7833041739565109
0.0,0.7835541114721319
0.0,0.783804048987753
0.0,0.7840539865033742
0.0,0.7843039240189953
0.0,0.7845538615346164
0.0,0.7848037990502374
0.0,0.7850537365658585
0.0,0.7853036740814796
0.0,0.7855536115971007
0.0,0.7858035491127218
0.0,0.786053486628343
0.0,0.786303424143964
0.0,0.7865533616595851
0.0,0.7868032991752062
0.0,0.7870532366908273
0.0,0.7873031742064484
0.0,0.7875531117220694
0.0,0.7878030492376906
0.0,0.7880529867533117
0.0,0.7883029242689328
0.0,0.7885528617845539
0.0,0.7888027993001749
0.0,0.789052736815796
0.0,0.7893026743314171
0.0,0.7895526118470383
0.0,0.7898025493626594
0.0,0.7900524868782804
0.0,0.7903024243939015
0.0,0.7905523619095226
0.0,0.7908022994251437
0.0,0.7910522369407648
0.0,0.791302174456386
0.0,0.791552111972007
0.0,0.7918020494876281
0.0,0.7920519870032492
0.0,0.7923019245188703
0.0,0.7925518620344914
0.0,0.7928017995501124
0.0,0.7930517370657336
0.0,0.7933016745813547
0.0,0.7935516120969758
0.0,0.7938015496125969
0.0,0.7940514871282179
0.0,0.794301424643839
0.0,0.7945513621594601
0.0,0.7948012996750812
0.0,0.7950512371907024
0.0,0.7953011747063234
0.0,0.7955511122219445
0.0,0.7958010497375656
0.0,0.7960509872531867
0.0,0.7963009247688078
0.0,0.7965508622844288
0.0,0.79680079980005
0.0,0.7970507373156711
0.0,0.7973006748312922
0.0,0.7975506123469133
0.0,0.7978005498625343
0.0,0.7980504873781554
0.0,0.7983004248937765
0.0,0.7985503624093977
0.0,0.7988002999250188
0.0,0.7990502374406399
0.0,0.7993001749562609
0.0,0.799550112471882
0.0,0.7998000499875031
0.0,0.8000499875031242
0.0,0.8002999250187454
0.0,0.8005498625343664
0.0,0.8007998000499875
0.0,0.8010497375656086
0.0,0.8012996750812297
0.0,0.8015496125968508
0.0,0.8017995501124718
0.0,0.802049487628093
0.0,0.8022994251437141
0.0,0.8025493626593352
0.0,0.8027993001749563
0.0,0.8030492376905773
0.0,0.8032991752061984
0.0,0.8035491127218195
0.0,0.8037990502374407
0.0,0.8040489877530618
0.0,0.8042989252686829
0.0,0.8045488627843039
0.0,0.804798800299925
0.0,0.8050487378155461
0.0,0.8052986753311672
0.0,0.8055486128467882
0.0,0.8057985503624094
0.0,0.8060484878780305
0.0,0.8062984253936516
0.0,0.8065483629092727
0.0,0.8067983004248938
0.0,0.8070482379405148
0.0,0.8072981754561359
0.0,0.8075481129717571
0.0,0.8077980504873782
0.0,0.8080479880029993
0.0,0.8082979255186203
0.0,0.8085478630342414
0.0,0.8087978005498625
0.0,0.8090477380654836
0.0,0.8092976755811048
0.0,0.8095476130967258
0.0,0.8097975506123469
0.0,0.810047488127968
0.0,0.8102974256435891
0.0,0.8105473631592102
0.0,0.8107973006748312
0.0,0.8110472381904524
0.0,0.8112971757060735
0.0,0.8115471132216946
0.0,0.8117970507373157
0.0,0.8120469882529368
0.0,0.8122969257685578
0.0,0.8125468632841789
0.0,0.8127968007998001
0.0,0.8130467383154212
0.0,0.8132966758310423
0.0,0.8135466133466633
0.0,0.8137965508622844
0.0,0.8140464883779055
0.0,0.8142964258935266
0.0,0.8145463634091478
0.0,0.8147963009247688
0.0,0.8150462384403899
0.0,0.815296175956011
0.0,0.8155461134716321
0.0,0.8157960509872532
0.0,0.8160459885028742
0.0,0.8162959260184953
0.0,0.8165458635341165
0.0,0.8167958010497376
0.0,0.8170457385653587
0.0,0.8172956760809797
0.0,0.8175456135966008
0.0,0.8177955511122219
0.0,0.818045488627843
0.0,0.8182954261434642
0.0,0.8185453636590853
0.0,0.8187953011747063
0.0,0.8190452386903274
0.0,0.8192951762059485
0.0,0.8195451137215696
0.0,0.8197950512371907
0.0,0.8200449887528118
0.0,0.8202949262684329
0.0,0.820544863784054
0.0,0.8207948012996751
0.0,0.8210447388152962
0.0,0.8212946763309172
0.0,0.8215446138465383
0.0,0.8217945513621595
0.0,0.8220444888777806
0.0,0.8222944263934017
0.0,0.8225443639090227
0.0,0.8227943014246438
0.0,0.8230442389402649
0.0,0.823294176455886
0.0,0.8235441139715072
0.0,0.8237940514871283
0.0,0.8240439890027493
0.0,0.8242939265183704
0.0,0.8245438640339915
0.0,0.8247938015496126
0.0,0.8250437390652337
0.0,0.8252936765808548
0.0,0.8255436140964759
0.0,0.825793551612097
0.0,0.8260434891277181
0.0,0.8262934266433392
0.0,0.8265433641589602
0.0,0.8267933016745813
0.0,0.8270432391902024
0.0,0.8272931767058236
0.0,0.8275431142214447
0.0,0.8277930517370657
0.0,0.8280429892526868
0.0,0.8282929267683079
0.0,0.828542864283929
0.0,0.8287928017995501
0.0,0.8290427393151713
0.0,0.8292926768307923
0.0,0.8295426143464134
0.0,0.8297925518620345
0.0,0.8300424893776556
0.0,0.8302924268932766
0.0,0.8305423644088977
0.0,0.8307923019245189
0.0,0.83104223944014
0.0,0.8312921769557611
0.0,0.8315421144713822
0.0,0.8317920519870032
0.0,0.8320419895026243
0.0,0.8322919270182454
0.0,0.8325418645338666
0.0,0.8327918020494877
0.0,0.8330417395651087
0.0,0.8332916770807298
0.0,0.8335416145963509
0.0,0.833791552111972
0.0,0.8340414896275931
0.0,0.8342914271432142
0.0,0.8345413646588353
0.0,0.8347913021744564
0.0,0.8350412396900775
0.0,0.8352911772056986
0.0,0.8355411147213196
0.0,0.8357910522369407
0.0,0.8360409897525619
0.0,0.836290927268183
0.0,0.8365408647838041
0.0,0.8367908022994252
0.0,0.8370407398150462
0.0,0.8372906773306673
0.0,0.8375406148462884
0.0,0.8377905523619095
0.0,0.8380404898775307
0.0,0.8382904273931517
0.0,0.8385403649087728
0.0,0.8387903024243939
0.0,0.839040239940015
0.0,0.839290177455636
0.0,0.8395401149712571
0.0,0.8397900524868783
0.0,0.8400399900024994
0.0,0.8402899275181205
0.0,0.8405398650337416
0.0,0.8407898025493626
0.0,0.8410397400649837
0.0,0.8412896775806048
0.0,0.841539615096226
0.0,0.8417895526118471
0.0,0.8420394901274681
0.0,0.8422894276430892
0.0,0.8425393651587103
0.0,0.8427893026743314
0.0,0.8430392401899525
0.0,0.8432891777055737
0.0,0.8435391152211947
0.0,0.8437890527368158
0.0,0.8440389902524369
0.0,0.844288927768058
0.0,0.844538865283679
0.0,0.8447888027993001
0.0,0.8450387403149213
0.0,0.8452886778305424
0.0,0.8455386153461635
0.0,0.8457885528617846
0.0,0.8460384903774056
0.0,0.8462884278930267
0.0,0.8465383654086478
0.0,0.846788302924269
0.0,0.8470382404398901
0.0,0.8472881779555111
0.0,0.8475381154711322
0.0,0.8477880529867533
0.0,0.8480379905023744
0.0,0.8482879280179955
0.0,0.8485378655336165
0.0,0.8487878030492377
0.0,0.8490377405648588
0.0,0.8492876780804799
0.0,0.849537615596101
0.0,0.849787553111722
0.0,0.8500374906273431
0.0,0.8502874281429642
0.0,0.8505373656585854
0.0,0.8507873031742065
0.0,0.8510372406898276
0.0,0.8512871782054486
0.0,0.8515371157210697
0.0,0.8517870532366908
0.0,0.8520369907523119
0.0,0.8522869282679331
0.0,0.8525368657835541
0.0,0.8527868032991752
0.0,0.8530367408147963
0.0,0.8532866783304174
0.0,0.8535366158460385
0.0,0.8537865533616595
0.0,0.8540364908772807
0.0,0.8542864283929018
0.0,0.8545363659085229
0.0,0.854786303424144
0.0,0.855036240939765
0.0,0.8552861784553861
0.0,0.8555361159710072
0.0,0.8557860534866284
0.0,0.8560359910022495
0.0,0.8562859285178706
0.0,0.8565358660334916
0.0,0.8567858035491127
0.0,0.8570357410647338
0.0,0.8572856785803549
0.0,0.8575356160959761
0.0,0.8577855536115971
0.0,0.8580354911272182
0.0,0.8582854286428393
0.0,0.8585353661584604
0.0,0.8587853036740815
0.0,0.8590352411897025
0.0,0.8592851787053236
0.0,0.8595351162209448
0.0,0.8597850537365659
0.0,0.860034991252187
0.0,0.860284928767808
0.0,0.8605348662834291
0.0,0.8607848037990502
0.0,0.8610347413146713
0.0,0.8612846788302925
0.0,0.8615346163459136
0.0,0.8617845538615346
0.0,0.8620344913771557
0.0,0.8622844288927768
0.0,0.8625343664083979
0.0,0.862784303924019
0.0,0.8630342414396401
0.0,0.8632841789552612
0.0,0.8635341164708823
0.0,0.8637840539865034
0.0,0.8640339915021245
0.0,0.8642839290177455
0.0,0.8645338665333666
0.0,0.8647838040489878
0.0,0.8650337415646089
0.0,0.86528367908023
0.0,0.865533616595851
0.0,0.8657835541114721
0.0,0.8660334916270932
0.0,0.8662834291427143
0.0,0.8665333666583355
0.0,0.8667833041739565
0.0,0.8670332416895776
0.0,0.8672831792051987
0.0,0.8675331167208198
0.0,0.8677830542364409
0.0,0.8680329917520619
0.0,0.8682829292676831
0.0,0.8685328667833042
0.0,0.8687828042989253
0.0,0.8690327418145464
0.0,0.8692826793301675
0.0,0.8695326168457885
0.0,0.8697825543614096
0.0,0.8700324918770307
0.0,0.8702824293926519
0.0,0.870532366908273
0.0,0.870782304423894
0.0,0.8710322419395151
0.0,0.8712821794551362
0.0,0.8715321169707573
0.0,0.8717820544863784
0.0,0.8720319920019995
0.0,0.8722819295176206
0.0,0.8725318670332417
0.0,0.8727818045488628
0.0,0.8730317420644839
0.0,0.8732816795801049
0.0,0.873531617095726
0.0,0.8737815546113472
0.0,0.8740314921269683
0.0,0.8742814296425894
0.0,0.8745313671582104
0.0,0.8747813046738315
0.0,0.8750312421894526
0.0,0.8752811797050737
0.0,0.8755311172206949
0.0,0.875781054736316
0.0,0.876030992251937
0.0,0.8762809297675581
0.0,0.8765308672831792
0.0,0.8767808047988003
0.0,0.8770307423144214
0.0,0.8772806798300425
0.0,0.8775306173456636
0.0,0.8777805548612847
0.0,0.8780304923769058
0.0,0.8782804298925269
0.0,0.8785303674081479
0.0,0.878780304923769
0.0,0.8790302424393901
0.0,0.8792801799550113
0.0,0.8795301174706324
0.0,0.8797800549862534
0.0,0.8800299925018745
0.0,0.8802799300174956
0.0,0.8805298675331167
0.0,0.8807798050487378
0.0,0.881029742564359
0.0,0.88127968007998
0.0,0.8815296175956011
0.0,0.8817795551112222
0.0,0.8820294926268433
0.0,0.8822794301424643
0.0,0.8825293676580854
0.0,0.8827793051737066
0.0,0.8830292426893277
0.0,0.8832791802049488
0.0,0.8835291177205699
0.0,0.8837790552361909
0.0,0.884028992751812
0.0,0.8842789302674331
0.0,0.8845288677830543
0.0,0.8847788052986754
0.0,0.8850287428142964
0.0,0.8852786803299175
0.0,0.8855286178455386
0.0,0.8857785553611597
0.0,0.8860284928767808
0.0,0.886278430392402
0.0,0.886528367908023
0.0,0.8867783054236441
0.0,0.8870282429392652
0.0,0.8872781804548863
0.0,0.8875281179705073
0.0,0.8877780554861284
0.0,0.8880279930017496
0.0,0.8882779305173707
0.0,0.8885278680329918
0.0,0.8887778055486129
0.0,0.8890277430642339
0.0,0.889277680579855
0.0,0.8895276180954761
0.0,0.8897775556110972
0.0,0.8900274931267184
0.0,0.8902774306423394
0.0,0.8905273681579605
0.0,0.8907773056735816
0.0,0.8910272431892027
0.0,0.8912771807048238
0.0,0.8915271182204448
0.0,0.891777055736066
0.0,0.8920269932516871
0.0,0.8922769307673082
0.0,0.8925268682829293
0.0,0.8927768057985503
0.0,0.8930267433141714
0.0,0.8932766808297925
0.0,0.8935266183454137
0.0,0.8937765558610348
0.0,0.8940264933766559
0.0,0.8942764308922769
0.0,0.894526368407898
0.0,0.8947763059235191
0.0,0.8950262434391402
0.0,0.8952761809547614
0.0,0.8955261184703824
0.0,0.8957760559860035
0.0,0.8960259935016246
0.0,0.8962759310172457
0.0,0.8965258685328668
0.0,0.8967758060484878
0.0,0.897025743564109
0.0,0.8972756810797301
0.0,0.8975256185953512
0.0,0.8977755561109723
0.0,0.8980254936265933
0.0,0.8982754311422144
0.0,0.8985253686578355
0.0,0.8987753061734567
0.0,0.8990252436890778
0.0,0.8992751812046988
0.0,0.8995251187203199
0.0,0.899775056235941
0.0,0.9000249937515621
0.0,0.9002749312671832
0.0,0.9005248687828042
0.0,0.9007748062984254
0.0,0.9010247438140465
0.0,0.9012746813296676
0.0,0.9015246188452887
0.0,0.9017745563609098
0.0,0.9020244938765308
0.0,0.9022744313921519
0.0,0.9025243689077731
0.0,0.9027743064233942
0.0,0.9030242439390153
0.0,0.9032741814546363
0.0,0.9035241189702574
0.0,0.9037740564858785
0.0,0.9040239940014996
0.0,0.9042739315171208
0.0,0.9045238690327418
0.0,0.9047738065483629
0.0,0.905023744063984
0.0,0.9052736815796051
0.0,0.9055236190952262
0.0,0.9057735566108472
0.0,0.9060234941264684
0.0,0.9062734316420895
0.0,0.9065233691577106
0.0,0.9067733066733317
0.0,0.9070232441889527
0.0,0.9072731817045738
0.0,0.9075231192201949
0.0,0.9077730567358161
0.0,0.9080229942514372
0.0,0.9082729317670583
0.0,0.9085228692826793
0.0,0.9087728067983004
0.0,0.9090227443139215
0.0,0.9092726818295426
0.0,0.9095226193451638
0.0,0.9097725568607848
0.0,0.9100224943764059
0.0,0.910272431892027
0.0,0.9105223694076481
0.0,0.9107723069232692
0.0,0.9110222444388902
0.0,0.9112721819545113
0.0,0.9115221194701325
0.0,0.9117720569857536
0.0,0.9120219945013747
0.0,0.9122719320169957
0.0,0.9125218695326168
0.0,0.9127718070482379
0.0,0.913021744563859
0.0,0.9132716820794802
0.0,0.9135216195951013
0.0,0.9137715571107223
0.0,0.9140214946263434
0.0,0.9142714321419645
0.0,0.9145213696575856
0.0,0.9147713071732066
0.0,0.9150212446888278
0.0,0.9152711822044489
0.0,0.91552111972007
0.0,0.9157710572356911
0.0,0.9160209947513122
0.0,0.9162709322669332
0.0,0.9165208697825543
0.0,0.9167708072981755
0.0,0.9170207448137966
0.0,0.9172706823294177
0.0,0.9175206198450387
0.0,0.9177705573606598
0.0,0.9180204948762809
0.0,0.918270432391902
0.0,0.9185203699075232
0.0,0.9187703074231443
0.0,0.9190202449387653
0.0,0.9192701824543864
0.0,0.9195201199700075
0.0,0.9197700574856286
0.0,0.9200199950012496
0.0,0.9202699325168708
0.0,0.9205198700324919
0.0,0.920769807548113
0.0,0.9210197450637341
0.0,0.9212696825793552
0.0,0.9215196200949762
0.0,0.9217695576105973
0.0,0.9220194951262184
0.0,0.9222694326418396
0.0,0.9225193701574607
0.0,0.9227693076730817
0.0,0.9230192451887028
0.0,0.9232691827043239
0.0,0.923519120219945
0.0,0.9237690577355661
0.0,0.9240189952511872
0.0,0.9242689327668083
0.0,0.9245188702824294
0.0,0.9247688077980505
0.0,0.9250187453136716
0.0,0.9252686828292926
0.0,0.9255186203449137
0.0,0.9257685578605349
0.0,0.926018495376156
0.0,0.9262684328917771
0.0,0.9265183704073982
0.0,0.9267683079230192
0.0,0.9270182454386403
0.0,0.9272681829542614
0.0,0.9275181204698826
0.0,0.9277680579855037
0.0,0.9280179955011247
0.0,0.9282679330167458
0.0,0.9285178705323669
0.0,0.928767808047988
0.0,0.929017745563609
0.0,0.9292676830792302
0.0,0.9295176205948513
0.0,0.9297675581104724
0.0,0.9300174956260935
0.0,0.9302674331417146
0.0,0.9305173706573356
0.0,0.9307673081729567
0.0,0.9310172456885779
0.0,0.931267183204199
0.0,0.9315171207198201
0.0,0.9317670582354411
0.0,0.9320169957510622
0.0,0.9322669332666833
0.0,0.9325168707823044
0.0,0.9327668082979255
0.0,0.9330167458135467
0.0,0.9332666833291677
0.0,0.9335166208447888
0.0,0.9337665583604099
0.0,0.934016495876031
0.0,0.934266433391652
0.0,0.9345163709072731
0.0,0.9347663084228943
0.0,0.9350162459385154
0.0,0.9352661834541365
0.0,0.9355161209697576
0.0,0.9357660584853786
0.0,0.9360159960009997
0.0,0.9362659335166208
0.0,0.936515871032242
0.0,0.9367658085478631
0.0,0.9370157460634841
0.0,0.9372656835791052
0.0,0.9375156210947263
0.0,0.9377655586103474
0.0,0.9380154961259685
0.0,0.9382654336415897
0.0,0.9385153711572107
0.0,0.9387653086728318
0.0,0.9390152461884529
0.0,0.939265183704074
0.0,0.939515121219695
0.0,0.9397650587353161
0.0,0.9400149962509373
0.0,0.9402649337665584
0.0,0.9405148712821795
0.0,0.9407648087978006
0.0,0.9410147463134216
0.0,0.9412646838290427
0.0,0.9415146213446638
0.0,0.941764558860285
0.0,0.9420144963759061
0.0,0.9422644338915271
0.0,0.9425143714071482
0.0,0.9427643089227693
0.0,0.9430142464383904
0.0,0.9432641839540115
0.0,0.9435141214696325
0.0,0.9437640589852537
0.0,0.9440139965008748
0.0,0.9442639340164959
0.0,0.944513871532117
0.0,0.944763809047738
0.0,0.9450137465633591
0.0,0.9452636840789802
0.0,0.9455136215946014
0.0,0.9457635591102225
0.0,0.9460134966258436
0.0,0.9462634341414646
0.0,0.9465133716570857
0.0,0.9467633091727068
0.0,0.9470132466883279
0.0,0.9472631842039491
0.0,0.9475131217195701
0.0,0.9477630592351912
0.0,0.9480129967508123
0.0,0.9482629342664334
0.0,0.9485128717820545
0.0,0.9487628092976755
0.0,0.9490127468132967
0.0,0.9492626843289178
0.0,0.9495126218445389
0.0,0.94976255936016
0.0,0.950012496875781
0.0,0.9502624343914021
0.0,0.9505123719070232
0.0,0.9507623094226444
0.0,0.9510122469382655
0.0,0.9512621844538866
0.0,0.9515121219695076
0.0,0.9517620594851287
0.0,0.9520119970007498
0.0,0.9522619345163709
0.0,0.9525118720319921
0.0,0.9527618095476131
0.0,0.9530117470632342
0.0,0.9532616845788553
0.0,0.9535116220944764
0.0,0.9537615596100975
0.0,0.9540114971257185
0.0,0.9542614346413396
0.0,0.9545113721569608
0.0,0.9547613096725819
0.0,0.955011247188203
0.0,0.955261184703824
0.0,0.9555111222194451
0.0,0.9557610597350662
0.0,0.9560109972506873
0.0,0.9562609347663085
0.0,0.9565108722819295
0.0,0.9567608097975506
0.0,0.9570107473131717
0.0,0.9572606848287928
0.0,0.9575106223444139
0.0,0.9577605598600349
0.0,0.9580104973756561
0.0,0.9582604348912772
0.0,0.9585103724068983
0.0,0.9587603099225194
0.0,0.9590102474381405
0.0,0.9592601849537615
0.0,0.9595101224693826
0.0,0.9597600599850038
0.0,0.9600099975006249
0.0,0.960259935016246
0.0,0.960509872531867
0.0,0.9607598100474881
0.0,0.9610097475631092
0.0,0.9612596850787303
0.0,0.9615096225943515
0.0,0.9617595601099725
0.0,0.9620094976255936
0.0,0.9622594351412147
0.0,0.9625093726568358
0.0,0.9627593101724569
0.0,0.9630092476880779
0.0,0.963259185203699
0.0,0.9635091227193202
0.0,0.9637590602349413
0.0,0.9640089977505624
0.0,0.9642589352661834
0.0,0.9645088727818045
0.0,0.9647588102974256
0.0,0.9650087478130467
0.0,0.9652586853286679
0.0,0.965508622844289
0.0,0.96575856035991
0.0,0.9660084978755311
0.0,0.9662584353911522
0.0,0.9665083729067733
0.0,0.9667583104223944
0.0,0.9670082479380155
0.0,0.9672581854536366
0.0,0.9675081229692577
0.0,0.9677580604848788
0.0,0.9680079980004999
0.0,0.9682579355161209
0.0,0.968507873031742
0.0,0.9687578105473632
0.0,0.9690077480629843
0.0,0.9692576855786054
0.0,0.9695076230942264
0.0,0.9697575606098475
0.0,0.9700074981254686
0.0,0.9702574356410897
0.0,0.9705073731567109
0.0,0.970757310672332
0.0,0.971007248187953
0.0,0.9712571857035741
0.0,0.9715071232191952
0.0,0.9717570607348163
0.0,0.9720069982504373
0.0,0.9722569357660585
0.0,0.9725068732816796
0.0,0.9727568107973007
0.0,0.9730067483129218
0.0,0.9732566858285429
0.0,0.9735066233441639
0.0,0.973756560859785
0.0,0.9740064983754061
0.0,0.9742564358910273
0.0,0.9745063734066484
0.0,0.9747563109222694
0.0,0.9750062484378905
0.0,0.9752561859535116
0.0,0.9755061234691327
0.0,0.9757560609847538
0.0,0.976005998500375
0.0,0.976255936015996
0.0,0.9765058735316171
0.0,0.9767558110472382
0.0,0.9770057485628593
0.0,0.9772556860784803
0.0,0.9775056235941014
0.0,0.9777555611097226
0.0,0.9780054986253437
0.0,0.9782554361409648
0.0,0.9785053736565859
0.0,0.9787553111722069
0.0,0.979005248687828
0.0,0.9792551862034491
0.0,0.9795051237190703
0.0,0.9797550612346914
0.0,0.9800049987503124
0.0,0.9802549362659335
0.0,0.9805048737815546
0.0,0.9807548112971757
0.0,0.9810047488127968
0.0,0.981254686328418
0.0,0.981504623844039
0.0,0.9817545613596601
0.0,0.9820044988752812
0.0,0.9822544363909023
0.0,0.9825043739065233
0.0,0.9827543114221444
0.0,0.9830042489377656
0.0,0.9832541864533867
0.0,0.9835041239690078
0.0,0.9837540614846289
0.0,0.9840039990002499
0.0,0.984253936515871
0.0,0.9845038740314921
0.0,0.9847538115471132
0.0,0.9850037490627344
0.0,0.9852536865783554
0.0,0.9855036240939765
0.0,0.9857535616095976
0.0,0.9860034991252187
0.0,0.9862534366408398
0.0,0.9865033741564608
0.0,0.986753311672082
0.0,0.9870032491877031
0.0,0.9872531867033242
0.0,0.9875031242189453
0.0,0.9877530617345663
0.0,0.9880029992501874
0.0,0.9882529367658085
0.0,0.9885028742814297
0.0,0.9887528117970508
0.0,0.9890027493126718
0.0,0.9892526868282929
0.0,0.989502624343914
0.0,0.9897525618595351
0.0,0.9900024993751562
0.0,0.9902524368907774
0.0,0.9905023744063984
0.0,0.9907523119220195
0.0,0.9910022494376406
0.0,0.9912521869532617
0.0,0.9915021244688828
0.0,0.9917520619845038
0.0,0.992001999500125
0.0,0.9922519370157461
0.0,0.9925018745313672
0.0,0.9927518120469883
0.0,0.9930017495626093
0.0,0.9932516870782304
0.0,0.9935016245938515
0.0,0.9937515621094727
0.0,0.9940014996250938
0.0,0.9942514371407148
0.0,0.9945013746563359
0.0,0.994751312171957
0.0,0.9950012496875781
0.0,0.9952511872031992
0.0,0.9955011247188202
0.0,0.9957510622344414
0.0,0.9960009997500625
0.0,0.9962509372656836
0.0,0.9965008747813047
0.0,0.9967508122969257
0.0,0.9970007498125468
0.0,0.9972506873281679
0.0,0.9975006248437891
0.0,0.9977505623594102
0.0,0.9980004998750313
0.0,0.9982504373906523
0.0,0.9985003749062734
0.0,0.9987503124218945
0.0,0.9990002499375156
0.0,0.9992501874531368
0.0,0.9995001249687578
0.0,0.9997500624843789
