rule_type,rule_name,folds,f1_mean,f1_std,precision_mean,recall_mean,accuracy_mean,tp_total,fp_total,tn_total,fn_total,n_folds_successful
and_2,anom_swh_max_rel_change_14 > t1 AND anom_swh_p80_deseasonalized_rel_change_14_lag_14 > t2,6,0.16679423518264058,0.11799793604686573,0.12077179356591122,0.33172268907563024,0.7995433789954337,21,407,1730,32,6
single,anom_swh_p25_deseasonalized_detrended_rolling_mean_14_lag_5 > threshold,6,0.15304893046975446,0.1925457866133295,0.15058934820592587,0.5435924369747899,0.5625570776255707,30,935,1202,23,6
and_2,anom_swh_max_rel_change_5_lag_7 > t1 AND anom_swh_p25_deseasonalized_rel_change_14_lag_3 > t2,6,0.13990330656997324,0.11346155650617262,0.25372350960586254,0.21067927170868347,0.8319634703196348,11,326,1811,42,6
and_2,anom_swh_max_rel_change_14 > t1 AND swh_range_deseasonalized_detrended_persistence_14_lag_3 > t2,6,0.1302088225165148,0.22261718747583373,0.18852650242627844,0.1769607843137255,0.7890410958904109,13,422,1715,40,6
and_2,anom_swh_max_rel_change_14 > t1 AND anom_swh_sd_deseasonalized_detrended_persistence_14_lag_3 > t2,6,0.1288244766505636,0.22299616466396385,0.18779550827423167,0.16715686274509803,0.7876712328767123,12,424,1713,41,6
single,anom_swh_min_deseasonalized_persistence_14 > threshold,6,0.12620040702654697,0.17248324052276373,0.10285133546003111,0.5233718487394958,0.5515981735159817,29,958,1179,24,6
and_2,anom_swh_max_rel_change_5_lag_7 > t1 AND swh_range_deseasonalized_detrended_persistence_14_lag_3 > t2,6,0.12499001083972244,0.17008546003220992,0.11492641023589617,0.2307948179271709,0.7538812785388128,17,503,1634,36,6
single,anom_swh_median_persistence_7 > threshold,6,0.12077811655373631,0.13943443406929,0.09309724567776152,0.4275560224089636,0.6648401826484018,25,706,1431,28,6
single,anom_swh_p75_persistence_14_lag_3 > threshold,6,0.12037330970111415,0.1611891639611483,0.08857826949650027,0.3935924369747899,0.5863013698630136,24,877,1260,29,6
and_2,anom_swh_max_rel_change_5_lag_1 > t1 AND anom_swh_mean_deseasonalized_detrended_rel_change_14_lag_5 > t2,6,0.12034430216248398,0.116479630740833,0.11543040293040292,0.1968487394957983,0.8438356164383563,14,303,1834,39,6
single,anom_swh_p75_persistence_14_lag_5 > threshold,6,0.11938818653918458,0.1517370808693141,0.0828088447461039,0.4242296918767507,0.6210045662100457,26,803,1334,27,6
single,swh_max_deseasonalized_persistence_7_lag_7 > threshold,6,0.11917402029028966,0.14782858769113294,0.09677322796934866,0.3790266106442577,0.6264840182648402,22,787,1350,31,6
single,anom_swh_min_persistence_7 > threshold,6,0.11902286338407303,0.1313370437363841,0.08660532869866638,0.5719012605042016,0.5721461187214611,35,919,1218,18,6
single,anom_swh_p75_persistence_14 > threshold,6,0.1156355218855219,0.15723339455293323,0.08730859572443732,0.43942577030812324,0.5730593607305936,24,906,1231,29,6
single,anom_swh_p75_persistence_7_lag_7 > threshold,6,0.11308537673925512,0.12700006612608206,0.09060893175806484,0.3692226890756303,0.608675799086758,20,824,1313,33,6
single,anom_swh_p80_persistence_14_lag_3 > threshold,6,0.1126590854730561,0.14607545112045647,0.07730180185380181,0.4242296918767507,0.5652968036529681,26,925,1212,27,6
single,anom_swh_mean_deseasonalized > threshold,6,0.11119779230350794,0.10860112344905594,0.07673334624611824,0.4680497198879552,0.6310502283105023,29,784,1353,24,6
and_2,anom_swh_max_rel_change_5_lag_7 > t1 AND anom_swh_p80_deseasonalized_rel_change_14_lag_14 > t2,6,0.11019305162233699,0.07187923458006132,0.06954603610957898,0.3391631652661064,0.765296803652968,21,482,1655,32,6
and_2,anom_swh_max_rel_change_5_lag_7 > t1 AND anom_swh_sd_deseasonalized_detrended_persistence_14_lag_3 > t2,6,0.1099896808689426,0.14021236787377783,0.08623172263763962,0.2209908963585434,0.7520547945205479,16,506,1631,37,6
and_2,anom_swh_max_rel_change_5_lag_7 > t1 AND anom_swh_sd_deseasonalized_detrended_persistence_14_lag_3 > t2,6,0.1099896808689426,0.14021236787377783,0.08623172263763962,0.2209908963585434,0.7520547945205479,16,506,1631,37,6
single,anom_swh_p80_persistence_14_lag_1 > threshold,6,0.10873616921651856,0.1437217644550093,0.07530313668331585,0.426313025210084,0.5575342465753425,25,941,1196,28,6
single,anom_swe_cv > threshold,6,0.1066196041219601,0.07477402608351671,0.05832399978643704,0.6997198879551821,0.6114155251141552,48,846,1291,5,6
and_2,swh_max_deseasonalized_detrended_rel_change_14_lag_5 > t1 AND anom_swh_p80_deseasonalized_rel_change_14_lag_14 > t2,6,0.10214362931754235,0.09093399416741588,0.06915969322739578,0.21039915966386555,0.8351598173515983,11,319,1818,42,6
and_2,swh_max_deseasonalized_detrended_rel_change_14_lag_5 > t1 AND swh_range_deseasonalized_detrended_persistence_14_lag_3 > t2,6,0.1001058201058201,0.11503224724151823,0.07638238161493975,0.1657563025210084,0.84337899543379,9,299,1838,44,6
and_2,swh_max_rel_change_14_lag_1 > t1 AND anom_swh_p25_deseasonalized_rel_change_14_lag_3 > t2,6,0.0990873015873016,0.09088855831596099,0.11719383617193835,0.19282212885154063,0.8360730593607305,9,315,1822,44,6
and_2,swh_max_deseasonalized_detrended_rel_change_14_lag_7 > t1 AND anom_swh_mean_deseasonalized_detrended_rel_change_14_lag_5 > t2,6,0.0977643210670444,0.07134930115477775,0.08879551820728292,0.20945378151260505,0.8255707762557077,12,341,1796,41,6
and_2,anom_swh_max_rel_change_14 > t1 AND anom_swh_mean_deseasonalized_detrended_rel_change_14_lag_5 > t2,6,0.09770688977345322,0.052519157118075206,0.07000700229078245,0.30014005602240895,0.7730593607305937,21,465,1672,32,6
single,anom_swh_max_rel_change_5_lag_1 > threshold,6,0.09667799395426402,0.06939412169486119,0.05873986578156523,0.322093837535014,0.7392694063926942,22,540,1597,31,6
single,anom_swh_p80_deseasonalized > threshold,6,0.09664592411271707,0.09594468183076825,0.06291353383458646,0.4680497198879552,0.5803652968036529,28,894,1243,25,6
and_2,anom_swh_max_persistence_14_lag_3 > t1 AND anom_swh_p80_deseasonalized_rel_change_14_lag_14 > t2,6,0.09631467695983824,0.10813211731448866,0.07463941474238957,0.15791316526610644,0.7141552511415524,13,586,1551,40,6
single,swh_iqr_deseasonalized_detrended_rolling_mean_14_lag_3 > threshold,6,0.09624052070860582,0.11204377840107124,0.059471756752551654,0.3613795518207283,0.5684931506849314,25,917,1220,28,6
single,day_of_year > threshold,6,0.09395447177139016,0.09340723232593659,0.060552621835967185,0.29009103641456585,0.6337899543378995,19,768,1369,34,6
single,swh_p75_deseasonalized_persistence_2 > threshold,6,0.09239421692282594,0.08797168167436119,0.056752026673117066,0.42368697478991596,0.6100456621004566,26,827,1310,27,6
single,anom_swh_p75_deseasonalized_detrended_persistence_5 > threshold,6,0.09200122169853751,0.10558233962985829,0.07324546305977588,0.441281512605042,0.5762557077625571,23,898,1239,30,6
single,anom_swh_mean_deseasonalized_rel_change_14_lag_7 > threshold,6,0.09192384300237072,0.08776112811340839,0.06448133960872815,0.3052871148459384,0.6963470319634704,18,630,1507,35,6
and_2,anom_swh_max_rel_change_5_lag_7 > t1 AND anom_swh_mean_deseasonalized_detrended_rel_change_14_lag_5 > t2,6,0.09187895734750677,0.04977239141139439,0.057800319697715576,0.311782212885154,0.7552511415525115,21,504,1633,32,6
single,swh_p75_deseasonalized_detrended_persistence_2 > threshold,6,0.09102895391496751,0.083225817800859,0.05666721206009567,0.4242997198879552,0.5949771689497717,26,860,1277,27,6
and_2,swh_max_deseasonalized_detrended_rel_change_14_lag_5 > t1 AND anom_swh_sd_deseasonalized_detrended_persistence_14_lag_3 > t2,6,0.09055399254919168,0.09862634702276538,0.06612576902431976,0.1657563025210084,0.8401826484018265,9,306,1831,44,6
majority_3,"Majority of anom_swh_p25_deseasonalized_rel_change_14_lag_3, swh_range_deseasonalized_detrended_persistence_14_lag_3, anom_swh_p25_rel_change_14_lag_1",6,0.09022773704330389,0.08030194849151708,0.06022370598641785,0.35343137254901963,0.641552511415525,21,753,1384,32,6
single,anom_swh_p80_deseasonalized_persistence_3 > threshold,6,0.08944161974177929,0.09845737463080836,0.05560064780594646,0.3495448179271709,0.6470319634703197,21,741,1396,32,6
single,anom_swh_mean_abs_change_14 > threshold,6,0.08937671450564211,0.05784300893058044,0.052494328319839405,0.45617997198879556,0.6424657534246575,25,755,1382,28,6
single,anom_swh_max_rel_change_14 > threshold,6,0.08892360403029627,0.061403115612936106,0.05109843255923738,0.47869397759103643,0.5684931506849314,33,925,1212,20,6
single,swh_p75_deseasonalized_detrended_persistence_3 > threshold,6,0.08881197362148419,0.10565760797789224,0.056127191962400014,0.4037114845938375,0.6164383561643836,23,810,1327,30,6
single,swh_max_deseasonalized_detrended_abs_change_3 > threshold,6,0.08792323540650715,0.07173601177871294,0.0523410689313172,0.5394782913165266,0.545662100456621,32,974,1163,21,6
single,anom_swh_min_deseasonalized_rel_change_3_lag_3 > threshold,6,0.08759134124303158,0.07978844393435292,0.0680114496141466,0.2948704481792717,0.7251141552511416,16,565,1572,37,6
single,anom_swh_p75_persistence_7_lag_3 > threshold,6,0.08742783080004712,0.10816588615633457,0.06479500891265597,0.26150210084033615,0.6579908675799087,15,711,1426,38,6
single,anom_swh_p80_persistence_7_lag_3 > threshold,6,0.0874239511065444,0.10782954749722834,0.058741174582798455,0.28110994397759104,0.6616438356164384,17,705,1432,36,6
single,swh_p25_swan > threshold,6,0.08539682868282898,0.08538941099792399,0.06035739241025948,0.43592436974789917,0.5785388127853882,24,894,1243,29,6
and_2,anom_swh_max_rel_change_14 > t1 AND anom_swh_p25_deseasonalized_rel_change_14_lag_3 > t2,6,0.08530196054854777,0.10508699029301129,0.09948449784898383,0.15712535014005602,0.8465753424657533,8,291,1846,45,6
and_2,swh_max_rel_change_5_lag_5 > t1 AND anom_swh_mean_deseasonalized_detrended_rel_change_14_lag_5 > t2,6,0.08508117444466294,0.05310488837164899,0.05775146731430884,0.24900210084033614,0.7963470319634703,15,408,1729,38,6
and_2,swh_max_deseasonalized_detrended_rel_change_14_lag_5 > t1 AND anom_swh_p25_deseasonalized_rel_change_14_lag_3 > t2,6,0.08503787878787879,0.07288640655068297,0.08872837524522918,0.1836309523809524,0.8547945205479451,8,273,1864,45,6
single,anom_swh_mean_deseasonalized_rel_change_3 > threshold,6,0.08487586487586489,0.05375228843291171,0.05487117157137278,0.23744747899159666,0.7684931506849315,14,468,1669,39,6
and_2,anom_swh_max_rel_change_14 > t1 AND anom_swh_p25_rel_change_14_lag_1 > t2,6,0.08458683845680749,0.058596103012618375,0.05731708228680086,0.24070378151260505,0.7826484018264841,15,438,1699,38,6
single,anom_swh_sd_deseasonalized_detrended_trend_14 > threshold,6,0.08394247285992425,0.08764006865831893,0.05003635672558108,0.3712710084033613,0.6095890410958904,23,825,1312,30,6
and_2,swh_max_deseasonalized_detrended_rel_change_14_lag_7 > t1 AND anom_swh_p80_deseasonalized_rel_change_14_lag_14 > t2,6,0.08332902836381646,0.05664845633824951,0.06451267056530215,0.15203081232493,0.8429223744292238,9,300,1837,44,6
single,swh_max_deseasonalized_detrended_trend_5 > threshold,6,0.08314333508409757,0.06718712272748383,0.049098061590158976,0.5186449579831932,0.552054794520548,30,958,1179,23,6
single,anom_swh_p80_rel_change_3_lag_7 > threshold,6,0.08207502864598505,0.05509905656591116,0.04918584532156025,0.3061624649859944,0.6894977168949771,22,649,1488,31,6
single,anom_swh_max_deseasonalized_persistence_7 > threshold,6,0.08191650666223914,0.10128933032698413,0.05765113151811752,0.34483543417366946,0.5949771689497717,20,854,1283,33,6
and_2,swh_max_rel_change_5_lag_5 > t1 AND anom_swh_p25_deseasonalized_rel_change_14_lag_3 > t2,6,0.08117413632119515,0.07362152982089178,0.12751490312965721,0.13478641456582632,0.8671232876712329,7,245,1892,46,6
single,anom_swh_p80_abs_change_14 > threshold,6,0.08076083430208873,0.0509255239119837,0.04776052422120222,0.471656162464986,0.6315068493150685,24,778,1359,29,6
single,anom_swh_p80_deseasonalized_detrended_trend_3_lag_1 > threshold,6,0.08068523926137999,0.06602838879435936,0.04638367186583194,0.41118697478991595,0.6365296803652968,28,771,1366,25,6
and_2,swh_max_rel_change_14_lag_1 > t1 AND anom_swh_p80_deseasonalized_rel_change_14_lag_14 > t2,6,0.08044113820391545,0.055960764073530796,0.050671947522970544,0.21269257703081232,0.7940639269406393,13,411,1726,40,6
single,swh_max_deseasonalized_trend_7 > threshold,6,0.08037399871614719,0.0656779625557805,0.04465710380888952,0.5640756302521008,0.528310502283105,35,1015,1122,18,6
single,swh_range_rel_change_7 > threshold,6,0.08036321331301653,0.060637872338175344,0.04991564634097062,0.41153711484593836,0.6438356164383562,23,750,1387,30,6
single,anom_swh_p80_rel_change_7_lag_3 > threshold,6,0.08008665688572593,0.048907707837166546,0.04738999266649036,0.2951330532212885,0.7000000000000001,21,625,1512,32,6
single,anom_swh_p80_deseasonalized_detrended_trend_7 > threshold,6,0.07927393446289113,0.05669331062949086,0.044859369428694236,0.41619397759103643,0.6136986301369863,27,820,1317,26,6
single,anom_swh_p80_deseasonalized_trend_7 > threshold,6,0.07927393446289113,0.05669331062949086,0.044859369428694236,0.41619397759103643,0.6136986301369863,27,820,1317,26,6
single,anom_swh_p75_abs_change_14 > threshold,6,0.0790013134440379,0.052051990250119314,0.04614903725931483,0.4915966386554622,0.6077625570776256,25,831,1306,28,6
single,swh_p80_deseasonalized_abs_change_3 > threshold,6,0.07885985555069776,0.06428478945552658,0.047147358377346064,0.4644782913165266,0.5557077625570775,28,948,1189,25,6
single,swh_p80_deseasonalized_trend_7 > threshold,6,0.07871714367333892,0.05679692630485517,0.044131037604995156,0.4370273109243698,0.6036529680365297,29,844,1293,24,6
single,swh_p75_deseasonalized_trend_7 > threshold,6,0.07851718798188706,0.06071686121076179,0.0439937568017432,0.45724789915966385,0.5762557077625571,31,906,1231,22,6
and_2,swh_max_rel_change_5_lag_5 > t1 AND anom_swh_p25_rel_change_14_lag_1 > t2,6,0.07837343364163288,0.048647024712624755,0.04936273998058895,0.1966736694677871,0.8191780821917809,12,355,1782,41,6
and_2,swh_max_rel_change_5_lag_5 > t1 AND anom_swh_p80_deseasonalized_rel_change_14_lag_14 > t2,6,0.07835390946502058,0.08504539134865502,0.054971225283725285,0.2174719887955182,0.7995433789954337,12,398,1739,41,6
single,anom_swh_p80_deseasonalized_abs_change_5 > threshold,6,0.077683186039694,0.06545134987889248,0.045469261081220964,0.46839985994397754,0.6000000000000001,24,847,1290,29,6
and_2,swh_max_rel_change_5_lag_5 > t1 AND swh_range_deseasonalized_detrended_persistence_14_lag_3 > t2,6,0.07767265733722757,0.10723677009077663,0.049147361647361644,0.18884803921568627,0.8301369863013699,12,331,1806,41,6
single,swh_max_deseasonalized_detrended_rel_change_14_lag_7 > threshold,6,0.07748725446093867,0.05589756713605372,0.05022151149016821,0.2844537815126051,0.6977168949771689,16,625,1512,37,6
single,anom_swh_p75_deseasonalized_trend_7 > threshold,6,0.07747819830204651,0.057352937915757275,0.04424394959715733,0.4155812324929972,0.5904109589041096,27,871,1266,26,6
single,anom_swh_max_deseasonalized_abs_change_5_lag_1 > threshold,6,0.07746282683418321,0.06189084314318627,0.043953630550184586,0.4266106442577031,0.5844748858447488,28,885,1252,25,6
and_2,swh_max_rel_change_14_lag_1 > t1 AND swh_range_deseasonalized_detrended_persistence_14_lag_3 > t2,6,0.07741195741195742,0.07256220800039918,0.06246569874769246,0.1802170868347339,0.7963470319634703,13,406,1731,40,6
single,swh_p75_deseasonalized_abs_change_3 > threshold,6,0.07729898126382763,0.05777010002040888,0.04432857117431529,0.46150210084033616,0.5703196347031964,28,916,1221,25,6
single,anom_swh_min_deseasonalized_rel_change_7_lag_7 > threshold,6,0.07680977479547413,0.06164010405236275,0.05343559160438743,0.44845938375350136,0.5908675799086757,23,866,1271,30,6
single,anom_swh_p80_deseasonalized_abs_change_3 > threshold,6,0.07668804727553195,0.06700234945789092,0.04590545243284163,0.4177521008403362,0.5757990867579909,26,902,1235,27,6
single,anom_swh_p80_deseasonalized_detrended_abs_change_3 > threshold,6,0.07668804727553195,0.06700234945789092,0.04590545243284163,0.4177521008403362,0.5757990867579909,26,902,1235,27,6
single,anom_swh_max_rel_change_7 > threshold,6,0.07635556003674576,0.04895780772899683,0.04846441195754686,0.29548319327731093,0.706392694063927,16,606,1531,37,6
and_2,swh_max_rel_change_14_lag_1 > t1 AND anom_swh_sd_deseasonalized_detrended_persistence_14_lag_3 > t2,6,0.07623183554034618,0.0725308245443798,0.06271454894239992,0.17041316526610642,0.7958904109589041,12,406,1731,41,6
single,swh_max_deseasonalized_detrended_rel_change_14_lag_5 > threshold,6,0.07584299850100855,0.0537633569325965,0.044696755683217494,0.3838760504201681,0.6735159817351599,23,685,1452,30,6
single,anom_swh_mean_deseasonalized_rel_change_14_lag_5 > threshold,6,0.07581349320359372,0.05729121776695948,0.050802090568290124,0.37941176470588234,0.6698630136986301,19,689,1448,34,6
and_2,anom_swh_max_persistence_14_lag_3 > t1 AND anom_swh_mean_deseasonalized_detrended_rel_change_14_lag_5 > t2,6,0.07577317818281674,0.09641494342191942,0.05038357674805408,0.19030112044817926,0.7853881278538813,15,432,1705,38,6
and_2,anom_swh_max_rel_change_5_lag_7 > t1 AND anom_swh_p25_rel_change_14_lag_1 > t2,6,0.07556277056277057,0.06954786961097836,0.05421075837742504,0.20586484593837537,0.758447488584475,14,490,1647,39,6
single,clima_swh_mean_rel_change_5_lag_3 > threshold,6,0.07522763115185611,0.0561958389739791,0.044039364102543714,0.43799019607843137,0.593607305936073,26,863,1274,27,6
single,anom_swh_p80_deseasonalized_detrended_rel_change_3_lag_3 > threshold,6,0.07508098500866559,0.04751919775138116,0.04384342377336669,0.515406162464986,0.5872146118721462,28,879,1258,25,6
single,anom_swh_p80_trend_14 > threshold,6,0.07446166211726093,0.07168250105930711,0.047613882036948905,0.3269782913165266,0.6707762557077626,17,685,1452,36,6
single,anom_swh_p75_deseasonalized_abs_change_3 > threshold,6,0.07418766766791873,0.054817885645748306,0.04287967616783394,0.44066876750700285,0.5735159817351598,27,908,1229,26,6
single,anom_swh_p75_deseasonalized_detrended_abs_change_3 > threshold,6,0.07418766766791873,0.054817885645748306,0.04287967616783394,0.44066876750700285,0.5735159817351598,27,908,1229,26,6
and_2,swh_max_deseasonalized_detrended_rel_change_14_lag_7 > t1 AND swh_range_deseasonalized_detrended_persistence_14_lag_3 > t2,6,0.07390314999010651,0.06621866838091349,0.06764486260454002,0.13119747899159664,0.847488584474886,8,289,1848,45,6
single,swh_p80_deseasonalized_rel_change_5_lag_1 > threshold,6,0.07381728241805263,0.05501173560833842,0.039834710269034755,0.5773984593837534,0.5255707762557077,39,1025,1112,14,6
single,anom_swh_p80_deseasonalized_trend_5 > threshold,6,0.07373195253203053,0.05527164636995465,0.042431909225078106,0.4221988795518207,0.6031963470319636,23,839,1298,30,6
single,anom_swh_p80_deseasonalized_detrended_trend_5 > threshold,6,0.07373195253203053,0.05527164636995465,0.042431909225078106,0.4221988795518207,0.6031963470319636,23,839,1298,30,6
single,swh_p80_deseasonalized_detrended_trend_5 > threshold,6,0.07369792692373338,0.0554575330798627,0.04341741443257122,0.47612044817927174,0.5497716894977168,28,961,1176,25,6
single,anom_swh_p25_rel_change_5_lag_3 > threshold,6,0.07363928744334614,0.05804772366592426,0.061774915313922686,0.29609593837535014,0.6721461187214612,15,680,1457,38,6
single,anom_swh_max_rel_change_5_lag_7 > threshold,6,0.07351405189753359,0.053911227333502454,0.041240084015541925,0.49891456582633054,0.5041095890410959,34,1067,1070,19,6
single,anom_swh_sd_deseasonalized_detrended_persistence_7_lag_5 > threshold,6,0.07295506584535251,0.0656341965124975,0.04333759657762132,0.3467612044817927,0.58675799086758,25,877,1260,28,6
single,swh_sd_deseasonalized_detrended_persistence_7_lag_5 > threshold,6,0.07295506584535251,0.0656341965124975,0.04333759657762132,0.3467612044817927,0.58675799086758,25,877,1260,28,6
single,swh_sd_deseasonalized_detrended_rolling_mean_7_lag_5 > threshold,6,0.07295506584535251,0.0656341965124975,0.04333759657762132,0.3467612044817927,0.58675799086758,25,877,1260,28,6
single,swh_p80_deseasonalized_detrended_rel_change_3_lag_5 > threshold,6,0.07276730055556578,0.042485751260067386,0.040904489910300865,0.4108543417366946,0.6351598173515982,26,772,1365,27,6
single,swh_max_rel_change_14_lag_1 > threshold,6,0.0727450737828071,0.04778579832696089,0.040283824941979685,0.4512780112044818,0.5748858447488585,28,906,1231,25,6
and_2,swh_max_deseasonalized_detrended_rel_change_14_lag_5 > t1 AND anom_swh_mean_deseasonalized_detrended_rel_change_14_lag_5 > t2,6,0.07269568821949181,0.06316842578829232,0.04586603872318159,0.27554271708683475,0.7780821917808219,18,451,1686,35,6
single,anom_swh_p25_rel_change_3_lag_5 > threshold,6,0.07262197812106515,0.04637413987690633,0.052747467146062404,0.27317927170868345,0.7319634703196346,16,550,1587,37,6
single,anom_swh_p25_rel_change_7_lag_7 > threshold,6,0.07255130328857265,0.05695234414580176,0.04322951531455477,0.34124649859943973,0.6479452054794521,20,738,1399,33,6
single,swh_iqr_deseasonalized_detrended_rel_change_5_lag_7 > threshold,6,0.07252554384036225,0.04430931177144401,0.04393942528024717,0.3247373949579832,0.6831050228310502,24,665,1472,29,6
single,swh_sd_rel_change_7 > threshold,6,0.07231677651771505,0.053813041180361336,0.045395845982359954,0.32167366946778714,0.6680365296803652,21,695,1442,32,6
single,anom_swh_sd_rel_change_7 > threshold,6,0.07231677651771505,0.053813041180361336,0.045395845982359954,0.32167366946778714,0.6680365296803652,21,695,1442,32,6
and_2,swh_max_deseasonalized_detrended_rel_change_14_lag_7 > t1 AND anom_swh_sd_deseasonalized_detrended_persistence_14_lag_3 > t2,6,0.07197949982502827,0.06654876790417373,0.0648834178390345,0.13119747899159664,0.8424657534246576,8,300,1837,45,6
or_2,swh_max_deseasonalized_detrended_rel_change_14_lag_5 > t1 OR anom_swh_p25_deseasonalized_rel_change_14_lag_3 > t2,6,0.07195055578617222,0.05172241501891032,0.041239142040283394,0.4823529411764706,0.5470319634703196,29,968,1169,24,6
and_2,swh_max_rel_change_5_lag_5 > t1 AND anom_swh_sd_deseasonalized_detrended_persistence_14_lag_3 > t2,6,0.0718831779079014,0.0980525106939869,0.04545278036657347,0.17904411764705883,0.8296803652968037,11,331,1806,42,6
single,anom_swh_p25_deseasonalized_rel_change_14_lag_3 > threshold,6,0.07183648219886475,0.04549563989338935,0.05701758293979625,0.2821078431372549,0.728310502283105,14,556,1581,39,6
single,anom_swh_max_persistence_2 > threshold,6,0.07166307215708267,0.06043440470557296,0.040467617440135176,0.5382528011204482,0.5159817351598174,31,1038,1099,22,6
or_2,anom_swh_max_rel_change_14 > t1 OR anom_swh_p25_deseasonalized_rel_change_14_lag_3 > t2,6,0.07166073559161645,0.040363295101107574,0.038528039645737186,0.6036764705882353,0.45022831050228307,39,1190,947,14,6
single,anom_swh_p80_abs_change_3 > threshold,6,0.0716525666437013,0.056307385574740104,0.041762535357464554,0.4644782913165266,0.5452054794520548,28,971,1166,25,6
and_2,swh_max_deseasonalized_detrended_rel_change_14_lag_5 > t1 AND anom_swh_p25_rel_change_14_lag_1 > t2,6,0.07138962491903668,0.06166017138221428,0.0486565417821485,0.16664915966386554,0.8360730593607305,10,316,1821,43,6
single,swh_p80_deseasonalized_detrended_abs_change_3_lag_1 > threshold,6,0.07138001440235531,0.0490413004579812,0.03891778775571184,0.5468662464985995,0.5219178082191781,35,1029,1108,18,6
single,anom_swh_p80_deseasonalized_detrended_abs_change_3_lag_1 > threshold,6,0.0713216934150132,0.04948154986016293,0.04352703455964326,0.4114495798319328,0.6264840182648402,23,788,1349,30,6
single,anom_swh_p75_deseasonalized_trend_5 > threshold,6,0.07127416679176467,0.05380060674178677,0.039949608045501454,0.4141631652661064,0.5981735159817352,27,854,1283,26,6
single,anom_swh_p25_rel_change_7 > threshold,6,0.07109795653945812,0.06031056920711244,0.05196774829454681,0.358876050420168,0.6159817351598172,21,809,1328,32,6
single,swh_sd_deseasonalized_detrended_rolling_mean_14_lag_5 > threshold,6,0.0710510617990933,0.06794885972247448,0.041801210147314284,0.37538515406162465,0.5611872146118722,25,933,1204,28,6
single,anom_swh_sd_deseasonalized_detrended_rolling_mean_14_lag_5 > threshold,6,0.0710510617990933,0.06794885972247448,0.041801210147314284,0.37538515406162465,0.5611872146118722,25,933,1204,28,6
single,swh_sd_deseasonalized_detrended_persistence_14_lag_5 > threshold,6,0.07086080304719071,0.06790917747090042,0.041691464756620694,0.37538515406162465,0.5607305936073059,25,934,1203,28,6
single,anom_swh_sd_deseasonalized_detrended_persistence_14_lag_5 > threshold,6,0.07086080304719071,0.06790917747090042,0.041691464756620694,0.37538515406162465,0.5607305936073059,25,934,1203,28,6
single,swh_mean_deseasonalized_detrended_rel_change_5_lag_3 > threshold,6,0.07081724186935484,0.049458182380653117,0.038599693714224226,0.4738795518207282,0.5557077625570775,34,954,1183,19,6
single,anom_swh_p75_deseasonalized_rel_change_5_lag_1 > threshold,6,0.07073549862631523,0.04613102009252589,0.039838125930037,0.35334383753501397,0.6497716894977169,27,741,1396,26,6
single,anom_swh_p25_deseasonalized_rel_change_3_lag_7 > threshold,6,0.07060780423280423,0.05682130762624997,0.04952941185766754,0.36692927170868345,0.6223744292237443,20,794,1343,33,6
single,anom_swh_max_deseasonalized_trend_7_lag_1 > threshold,6,0.07040298974815018,0.05003915644800967,0.03950336752836007,0.4534488795518207,0.5835616438356165,26,885,1252,27,6
single,anom_swh_mean_deseasonalized_detrended_rel_change_14_lag_5 > threshold,6,0.06974341259575517,0.043330545851574837,0.03817533441043432,0.5209558823529412,0.5515981735159817,32,961,1176,21,6
single,anom_swh_p75_deseasonalized_rel_change_14_lag_1 > threshold,6,0.06951833104783416,0.047109329809349454,0.040390046793678074,0.282265406162465,0.7031963470319634,19,616,1521,34,6
single,swh_range_deseasonalized_detrended_rolling_mean_14_lag_5 > threshold,6,0.06946470468049162,0.06873019811724125,0.04099353943968955,0.38518907563025206,0.5484018264840183,26,962,1175,27,6
single,anom_swh_sd_deseasonalized_detrended_rolling_mean_14_lag_1 > threshold,6,0.06942924069664369,0.06423600690439314,0.03995475790703316,0.3980217086834734,0.5570776255707762,24,941,1196,29,6
single,anom_swh_sd_deseasonalized_detrended_trend_7_lag_1 > threshold,6,0.06936499651926041,0.04467083248623189,0.03778812731607531,0.5719012605042016,0.5470319634703197,33,972,1165,20,6
single,anom_swh_max_deseasonalized_detrended_trend_5_lag_1 > threshold,6,0.06930869468886112,0.04828228237805798,0.040151770976791255,0.48951330532212883,0.5474885844748858,29,967,1170,24,6
single,swh_p80_deseasonalized_detrended_rel_change_3_lag_3 > threshold,6,0.06926545367869061,0.04770150425717908,0.04080776800864929,0.4707633053221289,0.5894977168949772,26,872,1265,27,6
single,swh_range_deseasonalized_detrended_persistence_14_lag_5 > threshold,6,0.06918260529302689,0.06874048679376361,0.04100693589579153,0.3518557422969188,0.5657534246575343,25,923,1214,28,6
single,swh_p80_rel_change_14 > threshold,6,0.06899414909996922,0.05092656389318899,0.04047840947395271,0.39278711484593837,0.6424657534246575,19,749,1388,34,6
single,swh_range_deseasonalized_detrended_rolling_mean_14_lag_3 > threshold,6,0.06877552083660933,0.0671642372962526,0.04038121930786664,0.35157563025210087,0.563013698630137,24,928,1209,29,6
single,swh_range_deseasonalized_detrended_persistence_14_lag_3 > threshold,6,0.06877552083660933,0.0671642372962526,0.04038121930786664,0.35157563025210087,0.563013698630137,24,928,1209,29,6
single,swh_max_deseasonalized_detrended_rel_change_14_lag_1 > threshold,6,0.06867646954968055,0.05199090015033229,0.043234827646280456,0.32701330532212886,0.6146118721461187,21,812,1325,32,6
single,anom_swh_p80_deseasonalized_detrended_rel_change_7_lag_1 > threshold,6,0.06863648516734426,0.04650916298729989,0.03867413548956409,0.3700805322128851,0.6136986301369863,25,818,1319,28,6
single,anom_swh_min_deseasonalized_rel_change_5 > threshold,6,0.0684653451103114,0.05221411116259958,0.044406931117053815,0.389233193277311,0.5593607305936074,24,936,1201,29,6
or_2,anom_swh_max_rel_change_5_lag_1 > t1 OR anom_swh_sd_deseasonalized_detrended_persistence_14_lag_3 > t2,6,0.06837026331649898,0.05274134866940926,0.03751689432072583,0.5414040616246498,0.45981735159817355,34,1164,973,19,6
and_2,swh_max_rel_change_14_lag_1 > t1 AND anom_swh_mean_deseasonalized_detrended_rel_change_14_lag_5 > t2,6,0.06830628625517868,0.05944338114728874,0.040368323977116136,0.27517507002801117,0.7776255707762557,16,450,1687,37,6
single,swh_iqr_deseasonalized_detrended_rel_change_7_lag_5 > threshold,6,0.06817868819234998,0.04222943349038746,0.03770789397264765,0.41952030812324925,0.6296803652968036,29,787,1350,24,6
single,anom_swh_p25_deseasonalized_rel_change_7_lag_3 > threshold,6,0.06807743705113384,0.05701850820159196,0.05294764708350452,0.3802521008403361,0.6,19,842,1295,34,6
single,swh_p80_deseasonalized_rel_change_3_lag_1 > threshold,6,0.06804297804297804,0.04654489708852436,0.03694009646813892,0.4858543417366947,0.5735159817351597,32,913,1224,21,6
single,swh_p80_deseasonalized_trend_5_lag_1 > threshold,6,0.06798900766712755,0.04637743087393364,0.03921593371859911,0.3692577030812325,0.6356164383561643,21,766,1371,32,6
single,swh_p80_deseasonalized_detrended_rel_change_7_lag_7 > threshold,6,0.06776543279859418,0.040854938288581555,0.039481686941232885,0.3680672268907563,0.6255707762557077,23,790,1347,30,6
single,swh_p75_deseasonalized_trend_5_lag_1 > threshold,6,0.06776305801794964,0.04638972008153273,0.03890425242645804,0.3882528011204482,0.6232876712328766,23,795,1342,30,6
single,anom_swh_p75_deseasonalized_detrended_trend_5_lag_1 > threshold,6,0.06772723311577304,0.04356362739842503,0.038135992157422784,0.3986694677871148,0.626027397260274,24,790,1347,29,6
single,swh_p80_rolling_mean_14_lag_14 > threshold,6,0.06748621928743388,0.055294195880720015,0.03734213422332905,0.4176295518207283,0.5273972602739726,30,1012,1125,23,6
single,anom_swh_sd_rolling_mean_14_lag_14 > threshold,6,0.0673329678357213,0.05462962361714966,0.03750171397230221,0.4753151260504202,0.4789954337899543,36,1124,1013,17,6
single,clima_swh_mean_deseasonalized_detrended_trend_14_lag_1 > threshold,6,0.06709798366814407,0.04701427877851361,0.035927116315370024,0.5417191876750701,0.5223744292237442,39,1032,1105,14,6
single,anom_swh_p25_deseasonalized_rel_change_5_lag_5 > threshold,6,0.06707257082989314,0.06722811477552552,0.04066967602641574,0.35885854341736695,0.6470319634703195,21,741,1396,32,6
single,swh_p80_deseasonalized_trend_7_lag_1 > threshold,6,0.06656462229287817,0.05056257720146395,0.03694424857480199,0.44532563025210087,0.5506849315068493,30,961,1176,23,6
single,anom_swh_p25_deseasonalized_detrended_rel_change_14 > threshold,6,0.06637030002286105,0.04012539167503517,0.03711727137128124,0.3394432773109244,0.6292237442922375,24,783,1354,29,6
single,anom_swh_p80_deseasonalized_rel_change_14_lag_14 > threshold,6,0.0663495144322894,0.05387413198860971,0.037556016531229856,0.4575805322128852,0.4954337899543379,28,1080,1057,25,6
single,anom_swh_p75_deseasonalized_abs_change_7_lag_1 > threshold,6,0.06617237022623051,0.05095949190298217,0.03728447257442092,0.5119922969187675,0.5255707762557078,29,1015,1122,24,6
and_2,swh_max_deseasonalized_detrended_rel_change_14_lag_7 > t1 AND anom_swh_p25_deseasonalized_rel_change_14_lag_3 > t2,6,0.06597690808217123,0.0883409540195533,0.25606060606060604,0.12587535014005602,0.8429223744292238,7,298,1839,46,6
single,swh_iqr_rolling_mean_14_lag_14 > threshold,6,0.06590408738746335,0.05314303475517853,0.03787814008284878,0.461922268907563,0.49634703196347035,36,1086,1051,17,6
single,swh_iqr_persistence_14_lag_14 > threshold,6,0.06590408738746335,0.05314303475517853,0.03787814008284878,0.461922268907563,0.49634703196347035,36,1086,1051,17,6
single,swh_iqr_rolling_mean_7_lag_14 > threshold,6,0.0658006383959197,0.05320153647338108,0.035573675733295416,0.4985119047619048,0.46164383561643835,38,1164,973,15,6
single,swh_p75_rolling_mean_14_lag_14 > threshold,6,0.06578596999820345,0.05378371177040278,0.03573221413511794,0.459296218487395,0.49269406392694065,34,1092,1045,19,6
single,swh_p75_persistence_14_lag_14 > threshold,6,0.06578596999820345,0.05378371177040278,0.03573221413511794,0.459296218487395,0.49269406392694065,34,1092,1045,19,6
and_2,anom_swh_max_persistence_14_lag_3 > t1 AND anom_swh_p25_rel_change_14_lag_1 > t2,6,0.06570818129957916,0.07977009320704695,0.04586385836385837,0.14128151260504201,0.7666666666666666,10,468,1669,43,6
single,swh_sd_deseasonalized_detrended_rolling_mean_14_lag_3 > threshold,6,0.06568620112166433,0.06613817495396933,0.03863461772668934,0.34177170868347334,0.5570776255707762,23,940,1197,30,6
single,swh_sd_deseasonalized_detrended_persistence_14_lag_3 > threshold,6,0.06568620112166433,0.06613817495396933,0.03863461772668934,0.34177170868347334,0.55662100456621,23,941,1196,30,6
single,anom_swh_sd_deseasonalized_detrended_rolling_mean_14_lag_3 > threshold,6,0.06568620112166433,0.06613817495396933,0.03863461772668934,0.34177170868347334,0.5570776255707762,23,940,1197,30,6
single,anom_swh_sd_deseasonalized_detrended_persistence_14_lag_3 > threshold,6,0.06568620112166433,0.06613817495396933,0.03863461772668934,0.34177170868347334,0.55662100456621,23,941,1196,30,6
single,swh_p75_rel_change_14_lag_1 > threshold,6,0.06564232566999717,0.04929469649824724,0.03567043152220357,0.5027485994397759,0.4858447488584474,32,1105,1032,21,6
or_2,anom_swh_max_rel_change_5_lag_1 > t1 OR anom_swh_p80_deseasonalized_rel_change_14_lag_14 > t2,6,0.0654004654004654,0.042631597978312695,0.03525634462115494,0.6172969187675069,0.40821917808219177,38,1281,856,15,6
single,swh_p80_rel_change_14_lag_1 > threshold,6,0.06527146841789683,0.05086531350840096,0.035126891727282665,0.5116596638655463,0.49954337899543383,32,1075,1062,21,6
single,swh_p75_deseasonalized_detrended_rel_change_3_lag_1 > threshold,6,0.06497501249375312,0.05167377759235832,0.03971337554896833,0.2975140056022409,0.6730593607305936,18,681,1456,35,6
single,swh_range_deseasonalized_rel_change_14_lag_14 > threshold,6,0.06483915770218644,0.04585134976318877,0.04224422257958843,0.4163165266106443,0.606849315068493,23,831,1306,30,6
and_2,anom_swh_max_rel_change_5_lag_1 > t1 AND anom_swh_p80_deseasonalized_rel_change_14_lag_14 > t2,6,0.06482135537939634,0.08806469169952408,0.044642857142857144,0.16237745098039216,0.8264840182648402,12,339,1798,41,6
single,anom_swh_p75_deseasonalized_detrended_trend_7_lag_1 > threshold,6,0.064679532560051,0.04917733703458587,0.03783718537567455,0.3167717086834734,0.6337899543378994,22,771,1366,31,6
or_2,anom_swh_max_persistence_14_lag_3 > t1 OR anom_swh_p25_deseasonalized_rel_change_14_lag_3 > t2,6,0.0646426104591324,0.07250167365317282,0.036537142331247406,0.44203431372549024,0.4036529680365297,30,1283,854,23,6
single,anom_swh_max_persistence_7_lag_5 > threshold,6,0.06448323674949062,0.07116943175351335,0.0379871353712292,0.3447478991596638,0.536986301369863,22,983,1154,31,6
single,swh_p80_deseasonalized_detrended_rel_change_7_lag_1 > threshold,6,0.06443366713970626,0.04561319260682795,0.03622013828811143,0.32690826330532213,0.6598173515981735,23,715,1422,30,6
single,anom_swh_p75_deseasonalized_rel_change_5_lag_7 > threshold,6,0.0644016213048716,0.05123181688843507,0.036120896665139075,0.37485994397759104,0.5598173515981736,25,936,1201,28,6
single,anom_swh_p25_rel_change_7_lag_1 > threshold,6,0.06434758847966696,0.06043955774304229,0.048343406655577424,0.31125700280112045,0.6082191780821917,19,824,1313,34,6
and_2,anom_swh_max_rel_change_5_lag_1 > t1 AND anom_swh_p25_deseasonalized_rel_change_14_lag_3 > t2,6,0.06401950539881573,0.07874120796224071,0.08877233877233877,0.06425070028011204,0.8844748858447488,4,204,1933,49,6
single,anom_swh_mean_deseasonalized_rel_change_14 > threshold,6,0.06384030727386232,0.0422804819448547,0.03829563578367406,0.3105567226890756,0.6520547945205479,20,729,1408,33,6
single,clima_swh_mean_trend_14 > threshold,6,0.0637681919009939,0.05420435902806961,0.036446104455985576,0.3108893557422969,0.578082191780822,18,889,1248,35,6
or_2,swh_max_deseasonalized_detrended_rel_change_14_lag_5 > t1 OR anom_swh_mean_deseasonalized_detrended_rel_change_14_lag_5 > t2,6,0.06317549463616605,0.0346122450812529,0.033648983553252944,0.6292892156862745,0.44703196347031965,37,1195,942,16,6
single,pct_day_above_p60_trend_14_lag_3 > threshold,6,0.06316011829319815,0.07428472072652151,0.03853906900007315,0.27874649859943973,0.5652968036529681,18,917,1220,35,6
single,anom_swh_mean_deseasonalized_rel_change_5_lag_3 > threshold,6,0.06296772574752184,0.03808049126812441,0.03533463954457889,0.36505602240896357,0.6068493150684932,23,831,1306,30,6
single,swh_mean_rolling_mean_5_lag_3 > threshold,6,0.062235433090247656,0.07691464381503049,0.036372283103360395,0.29508053221288516,0.49269406392694065,22,1080,1057,31,6
single,swh_iqr_rel_change_14_lag_1 > threshold,6,0.06208003669303979,0.035578387335390614,0.03459937080734287,0.3073004201680672,0.6712328767123288,20,687,1450,33,6
single,anom_swh_max_rolling_mean_14_lag_3 > threshold,6,0.061827297077612114,0.0743133075794026,0.03579823635091954,0.25157563025210083,0.5378995433789955,21,980,1157,32,6
single,anom_swh_max_persistence_14_lag_3 > threshold,6,0.061827297077612114,0.0743133075794026,0.03579823635091954,0.25157563025210083,0.5378995433789955,21,980,1157,32,6
single,swh_p80_deseasonalized_detrended_rel_change_5_lag_3 > threshold,6,0.06182164879347978,0.04500419545878683,0.03511351458329189,0.2887605042016807,0.6835616438356165,23,663,1474,30,6
single,anom_swh_sd_deseasonalized_detrended_rel_change_14 > threshold,6,0.061779613416567174,0.03759500916614327,0.034037426773375866,0.41407563025210087,0.5748858447488585,29,907,1230,24,6
single,anom_swh_p25_deseasonalized_rel_change_3_lag_14 > threshold,6,0.06166034150283218,0.041655792713344734,0.04218566392479436,0.2407563025210084,0.7406392694063927,12,527,1610,41,6
single,swh_iqr_rel_change_14 > threshold,6,0.061524507602966044,0.04510260989908088,0.03436988880814792,0.42605042016806727,0.6082191780821918,24,829,1308,29,6
single,anom_swh_sd_deseasonalized_detrended_rel_change_3_lag_3 > threshold,6,0.0612855086585485,0.04716999015487213,0.03413367710721247,0.3885329131652661,0.5922374429223745,25,865,1272,28,6
single,swh_iqr_deseasonalized_trend_14_lag_7 > threshold,6,0.061180765937035746,0.04490947472454307,0.03305745236124983,0.4316001400560224,0.5493150684931507,33,967,1170,20,6
single,swh_p80_deseasonalized_detrended_rel_change_14_lag_1 > threshold,6,0.06082908282092533,0.03688785766823203,0.036429406595023216,0.23790266106442579,0.7018264840182648,18,618,1519,35,6
single,anom_swh_max_persistence_14_lag_1 > threshold,6,0.06008476507927158,0.07045665120469444,0.0347967208315232,0.26468837535014006,0.5310502283105022,20,994,1143,33,6
and_2,anom_swh_max_rel_change_5_lag_1 > t1 AND swh_range_deseasonalized_detrended_persistence_14_lag_3 > t2,6,0.059745102026981224,0.0672942549145935,0.061237373737373736,0.132265406162465,0.8374429223744292,12,315,1822,41,6
single,swh_p60_persistence_14 > threshold,6,0.05969447065969934,0.06408735395043157,0.032348064223604756,0.43723739495798314,0.4465753424657534,34,1193,944,19,6
single,swh_sd_deseasonalized_detrended_persistence_2 > threshold,6,0.059632315536757054,0.04831755191882288,0.03270396654289935,0.3668242296918767,0.5488584474885845,25,960,1177,28,6
majority_3,"Majority of anom_swh_p80_deseasonalized_rel_change_14_lag_14, anom_swh_mean_deseasonalized_detrended_rel_change_14_lag_5, swh_cv_deseasonalized_detrended_rolling_mean_14_lag_3",6,0.059262281952412704,0.05414522800764873,0.03251620838951293,0.40280112044817923,0.5073059360730593,29,1055,1082,24,6
single,swh_p60_rel_change_14_lag_7 > threshold,6,0.0592146432723043,0.04553193163497566,0.03215081157627741,0.46948529411764706,0.502283105022831,27,1064,1073,26,6
single,swh_p80_deseasonalized_detrended_rel_change_14 > threshold,6,0.05874720773338284,0.05023669769258049,0.034951447921298985,0.26321778711484595,0.5689497716894977,19,910,1227,34,6
single,anom_swh_mean_deseasonalized_detrended_rel_change_14 > threshold,6,0.058460783102056164,0.034861306688600956,0.0328366882908863,0.30460434173669465,0.6036529680365296,22,837,1300,31,6
single,anom_swh_min_deseasonalized_detrended_rel_change_3_lag_14 > threshold,6,0.05815864921740684,0.04091815251577491,0.032724894119135296,0.3376050420168067,0.5648401826484019,24,924,1213,29,6
single,anom_swh_min_deseasonalized_rel_change_3_lag_1 > threshold,6,0.057584190360959873,0.04780479148808918,0.03441484636346024,0.32907913165266106,0.5744292237442922,19,898,1239,34,6
single,swh_p75_rel_change_14_lag_7 > threshold,6,0.05695979830163624,0.04105726066162166,0.03055704666818815,0.4884803921568628,0.4990867579908676,29,1073,1064,24,6
single,swh_p80_deseasonalized_detrended_rel_change_7 > threshold,6,0.056781418149364736,0.03209301878816989,0.030560798260750168,0.44532563025210087,0.5406392694063927,31,984,1153,22,6
single,swh_mean_rolling_mean_7_lag_3 > threshold,6,0.05649047912195814,0.06728794445200252,0.031955958562084885,0.29446778711484595,0.482648401826484,23,1103,1034,30,6
and_2,anom_swh_max_rel_change_5_lag_1 > t1 AND anom_swh_sd_deseasonalized_detrended_persistence_14_lag_3 > t2,6,0.05645284751990202,0.06345570603629343,0.05432804232804233,0.12246148459383754,0.8360730593607305,11,317,1820,42,6
single,anom_swh_p75_deseasonalized_detrended_rel_change_3_lag_1 > threshold,6,0.05575065297408178,0.042544651336418285,0.033594951775859326,0.33979341736694674,0.5904109589041096,19,863,1274,34,6
single,swh_p80_persistence_3 > threshold,6,0.055176264188303216,0.04745300073564487,0.0297359943887447,0.41971288515406163,0.4712328767123288,31,1136,1001,22,6
and_2,anom_swh_max_rel_change_5_lag_7 > t1 AND swh_cv_deseasonalized_detrended_persistence_14_lag_5 > t2,6,0.05496243869125226,0.04136229152066516,0.03274211376129446,0.21094187675070028,0.7671232876712328,16,473,1664,37,6
or_2,swh_max_rel_change_5_lag_5 > t1 OR anom_swh_p25_deseasonalized_rel_change_14_lag_3 > t2,6,0.05474250287772955,0.04004254640998934,0.029939827870507748,0.4700980392156863,0.4657534246575343,27,1144,993,26,6
single,anom_swh_sd_deseasonalized_detrended_trend_14_lag_14 > threshold,6,0.05470970354751234,0.05755518501602877,0.031184645041999096,0.40344887955182074,0.508675799086758,23,1046,1091,30,6
single,anom_swh_sd_deseasonalized_trend_14_lag_14 > threshold,6,0.05470970354751234,0.05755518501602877,0.031184645041999096,0.40344887955182074,0.508675799086758,23,1046,1091,30,6
single,anom_swh_p75_trend_14_lag_7 > threshold,6,0.05463824443878449,0.041355791430233615,0.02937228563907758,0.48196778711484595,0.463013698630137,31,1154,983,22,6
single,swh_iqr_deseasonalized_detrended_rel_change_14_lag_3 > threshold,6,0.05461755317598773,0.04049056313046741,0.029475408532857406,0.41619397759103643,0.5136986301369862,29,1041,1096,24,6
single,swh_sd_deseasonalized_detrended_rel_change_5_lag_1 > threshold,6,0.05429882124241119,0.04343202735070501,0.029205614344503233,0.41524859943977593,0.53013698630137,30,1006,1131,23,6
or_2,anom_swh_max_rel_change_5_lag_7 > t1 OR anom_swh_sd_deseasonalized_detrended_persistence_14_lag_3 > t2,6,0.05410704080787813,0.03628247238837975,0.02845444892495393,0.6196953781512605,0.30867579908675796,41,1502,635,12,6
or_2,anom_swh_max_rel_change_5_lag_7 > t1 OR anom_swh_sd_deseasonalized_detrended_persistence_14_lag_3 > t2,6,0.05410704080787813,0.03628247238837975,0.02845444892495393,0.6196953781512605,0.30867579908675796,41,1502,635,12,6
single,swh_cv_deseasonalized_trend_7_lag_14 > threshold,6,0.053882953621384205,0.04835568415168196,0.03311604210641699,0.34786414565826335,0.5981735159817352,19,846,1291,34,6
single,pct_day_above_p60_rolling_mean_14 > threshold,6,0.05384519939093619,0.0564084355685313,0.02902903181418991,0.4170168067226891,0.43652968036529677,32,1213,924,21,6
single,anom_swh_p75_trend_14_lag_5 > threshold,6,0.05350994056159048,0.05285028033561255,0.02922201041517349,0.41946778711484595,0.49817351598173515,26,1072,1065,27,6
single,swh_min_deseasonalized_detrended_rel_change_5_lag_14 > threshold,6,0.05344573690304857,0.04053470931741279,0.03295780904564144,0.29250700280112046,0.610958904109589,19,818,1319,34,6
single,swh_iqr_rel_change_14_lag_7 > threshold,6,0.05327156694958277,0.03519872558403422,0.029185440257974538,0.36498599439775914,0.539269406392694,26,982,1155,27,6
single,swh_range_deseasonalized_detrended_persistence_5_lag_14 > threshold,6,0.0532556223375347,0.0425431283143,0.02835761839120555,0.5498074229691877,0.44337899543378995,34,1200,937,19,6
or_2,swh_max_rel_change_14_lag_1 > t1 OR anom_swh_p80_deseasonalized_rel_change_14_lag_14 > t2,6,0.05309101185529441,0.03607993117627131,0.027855971680602675,0.6961659663865546,0.2762557077625571,43,1575,562,10,6
single,clima_swh_mean_rel_change_5_lag_5 > threshold,6,0.053078970406081845,0.03787286717891828,0.03186849679637822,0.4151260504201681,0.5164383561643835,23,1029,1108,30,6
or_2,anom_swh_max_persistence_14_lag_3 > t1 OR anom_swh_p80_deseasonalized_rel_change_14_lag_14 > t2,6,0.05305775607837415,0.0408201540328713,0.028312698228282206,0.5512429971988796,0.31917808219178084,36,1474,663,17,6
single,anom_swh_mean_deseasonalized_rel_change_5_lag_14 > threshold,6,0.053001362190495484,0.03022906538724103,0.034266219650930185,0.3443277310924369,0.64337899543379,16,744,1393,37,6
single,anom_swh_p75_rel_change_5_lag_14 > threshold,6,0.052980514246153486,0.033296772485321875,0.02878390069462346,0.44089635854341735,0.5264840182648401,28,1012,1125,25,6
or_2,swh_max_rel_change_14_lag_1 > t1 OR anom_swh_p25_rel_change_14_lag_1 > t2,6,0.05287327514779668,0.03493431859588758,0.027723596869616066,0.630969887955182,0.32237442922374426,41,1472,665,12,6
single,swh_mean_deseasonalized_detrended_rel_change_7_lag_5 > threshold,6,0.05266883613040835,0.048700725088111324,0.03096030892250348,0.29009103641456585,0.5068493150684932,21,1048,1089,32,6
single,swh_max_rel_change_5_lag_5 > threshold,6,0.052661555249733864,0.045984126775069606,0.029668837845529577,0.3227766106442577,0.604566210045662,20,833,1304,33,6
single,swh_p80_rolling_mean_14 > threshold,6,0.05255025660793944,0.052214736205641564,0.028149195124359136,0.4268207282913165,0.4301369863013698,33,1228,909,20,6
single,swh_sd_deseasonalized_detrended_rolling_mean_7_lag_3 > threshold,6,0.05250386818720237,0.051311082284742224,0.03064199571753413,0.28671218487394956,0.5410958904109588,19,971,1166,34,6
single,anom_swh_sd_deseasonalized_detrended_rolling_mean_7_lag_3 > threshold,6,0.05250386818720237,0.051311082284742224,0.03064199571753413,0.28671218487394956,0.5410958904109588,19,971,1166,34,6
single,swh_iqr_deseasonalized_detrended_rel_change_3_lag_14 > threshold,6,0.052421695540920944,0.03461985708663767,0.028026211248191674,0.41645658263305324,0.5333333333333333,31,1000,1137,22,6
single,anom_swh_p80_trend_14_lag_7 > threshold,6,0.05236914016055594,0.039297511066159634,0.02821880292357146,0.45071778711484595,0.4858447488584475,28,1101,1036,25,6
single,clima_swh_mean_persistence_7_lag_3 > threshold,6,0.052226581215900285,0.042958593601985756,0.028185423474945532,0.4396883753501401,0.4141552511415525,32,1262,875,21,6
single,swh_iqr_persistence_3_lag_14 > threshold,6,0.052182709793748,0.0439684776438058,0.028630953747521906,0.4417016806722689,0.43607305936073065,34,1216,921,19,6
single,swh_sd_deseasonalized_detrended_persistence_7_lag_3 > threshold,6,0.05205823538862839,0.050920954353421026,0.030381782342566655,0.28671218487394956,0.5401826484018265,19,973,1164,34,6
single,anom_swh_sd_deseasonalized_detrended_persistence_7_lag_3 > threshold,6,0.05205823538862839,0.050920954353421026,0.030381782342566655,0.28671218487394956,0.5401826484018265,19,973,1164,34,6
and_2,anom_swh_max_persistence_14_lag_3 > t1 AND swh_range_deseasonalized_detrended_persistence_14_lag_3 > t2,6,0.05189599133261105,0.0824523100547294,0.03240816326530612,0.15073529411764705,0.7219178082191782,15,571,1566,38,6
single,anom_swh_sd_deseasonalized_detrended_rolling_mean_5_lag_5 > threshold,6,0.051273504483138464,0.04642231498642335,0.029413996675901433,0.31314775910364145,0.5821917808219178,22,884,1253,31,6
single,anom_swh_sd_deseasonalized_detrended_persistence_5_lag_5 > threshold,6,0.051273504483138464,0.04642231498642335,0.029413996675901433,0.31314775910364145,0.5821917808219178,22,884,1253,31,6
single,anom_swh_mean_deseasonalized_rel_change_5 > threshold,6,0.05101347837470455,0.0341202016224727,0.03080004019102144,0.43700980392156863,0.5301369863013697,25,1001,1136,28,6
single,clima_swh_mean_trend_14_lag_1 > threshold,6,0.05088941076844303,0.044837726633986594,0.028106360753795166,0.33319327731092435,0.5474885844748859,19,957,1180,34,6
single,swh_range_deseasonalized_detrended_trend_7_lag_14 > threshold,6,0.05084630160459355,0.03912190609000498,0.02899186677000996,0.3218837535014006,0.5917808219178082,19,860,1277,34,6
and_2,anom_swh_max_persistence_14_lag_3 > t1 AND anom_swh_p25_deseasonalized_rel_change_14_lag_3 > t2,6,0.04997012443820955,0.057100510475906946,0.06435185185185185,0.09164915966386555,0.8625570776255708,5,253,1884,48,6
single,swh_iqr_persistence_2_lag_14 > threshold,6,0.049919042526796104,0.04012084571700148,0.027192588382976415,0.3846288515406162,0.4566210045662101,28,1165,972,25,6
single,swh_iqr_abs_change_14_lag_5 > threshold,6,0.04990676065777457,0.03904245052564571,0.029048720429883188,0.35112044817927174,0.593607305936073,19,856,1281,34,6
single,anom_swh_p25_rel_change_14_lag_1 > threshold,6,0.04986750463809392,0.04652023151735853,0.027411571746087757,0.324562324929972,0.5515981735159817,22,951,1186,31,6
and_2,anom_swh_max_persistence_14_lag_3 > t1 AND anom_swh_sd_deseasonalized_detrended_persistence_14_lag_3 > t2,6,0.049681760320058194,0.08018702170561179,0.031160851437349132,0.1409313725490196,0.7141552511415524,14,587,1550,39,6
single,swh_p80_rel_change_14_lag_7 > threshold,6,0.0495661736338451,0.03217799603585103,0.026370165437066842,0.46825980392156863,0.5073059360730593,27,1053,1084,26,6
single,clima_swh_mean_persistence_14_lag_5 > threshold,6,0.04928768116238227,0.03899321844536827,0.026801354282971934,0.4261204481792717,0.46438356164383565,28,1148,989,25,6
single,swh_max_persistence_5_lag_3 > threshold,6,0.04914634253145344,0.051348015095301396,0.029242750740169136,0.23564425770308126,0.5077625570776255,17,1042,1095,36,6
single,anom_swh_sd_rel_change_5_lag_7 > threshold,6,0.04851829194153556,0.03680052763575192,0.025748727100178243,0.47657563025210087,0.4251141552511415,31,1237,900,22,6
single,anom_swh_p25_deseasonalized_rel_change_3_lag_1 > threshold,6,0.04835818868199565,0.04375655843272933,0.02778635351003772,0.3052871148459384,0.554337899543379,19,942,1195,34,6
single,swh_sd_rel_change_5_lag_14 > threshold,6,0.04816506068087057,0.04184960744611563,0.027835744584153915,0.24121148459383757,0.6388127853881278,17,755,1382,36,6
single,swh_range_deseasonalized_detrended_persistence_7_lag_3 > threshold,6,0.04722487277313022,0.04649077167684275,0.025804884348908857,0.3173494397759104,0.5009132420091323,22,1062,1075,31,6
single,swh_cv_swan > threshold,6,0.047129134797505114,0.03577280403112893,0.025168490313425284,0.4370273109243698,0.4292237442922375,29,1226,911,24,6
single,swh_p80_rolling_mean_7_lag_5 > threshold,6,0.047063171210159405,0.050260361975797085,0.025142611848936333,0.45036764705882354,0.3726027397260274,32,1353,784,21,6
single,anom_swh_min_deseasonalized_detrended_rel_change_5_lag_14 > threshold,6,0.046465062854998095,0.045452313362517704,0.02986177024579842,0.2945903361344538,0.5662100456621004,17,914,1223,36,6
single,swh_max_deseasonalized_detrended_rel_change_7_lag_14 > threshold,6,0.04622595121499706,0.027265399655943084,0.026258302609233675,0.29576330532212886,0.6013698630136987,19,839,1298,34,6
single,clima_swh_mean_rolling_mean_5_lag_5 > threshold,6,0.04617864749054107,0.03660742937952556,0.024477059145887308,0.45071778711484595,0.3986301369863014,32,1296,841,21,6
single,swh_p80_deseasonalized_detrended_rel_change_5_lag_7 > threshold,6,0.04613025216334713,0.044146692426246976,0.027158000981063662,0.2942752100840336,0.517351598173516,21,1025,1112,32,6
or_2,anom_swh_max_rel_change_14 > t1 OR anom_swh_p80_deseasonalized_rel_change_14_lag_14 > t2,6,0.04594393576654473,0.032568201131873704,0.023983489567084616,0.6045518207282914,0.2643835616438356,40,1598,539,13,6
single,clima_swh_mean_abs_change_14 > threshold,6,0.04572592552728725,0.04224610710943159,0.025495337995337996,0.31566876750700285,0.530593607305936,18,993,1144,35,6
single,swh_p75_trend_14_lag_5 > threshold,6,0.04542515186102656,0.04009344088475803,0.02420361091253556,0.42865896358543415,0.4488584474885844,27,1181,956,26,6
single,swh_p80_trend_14_lag_5 > threshold,6,0.04524309540995695,0.04272647698205003,0.02420047385460633,0.37449229691876756,0.4799086757990867,24,1110,1027,29,6
or_2,swh_max_rel_change_14_lag_1 > t1 OR swh_cv_deseasonalized_detrended_persistence_14_lag_3 > t2,6,0.04512343264817442,0.03668891587677473,0.02359024991383377,0.5884453781512605,0.26575342465753427,40,1595,542,13,6
single,swh_sd_persistence_3_lag_14 > threshold,6,0.045111429889421496,0.04356069741700813,0.02434480605013901,0.3417366946778711,0.4269406392694064,28,1230,907,25,6
single,anom_swh_sd_persistence_3_lag_14 > threshold,6,0.045111429889421496,0.04356069741700813,0.02434480605013901,0.3417366946778711,0.4269406392694064,28,1230,907,25,6
single,anom_swh_p25_rel_change_14 > threshold,6,0.04460927926535498,0.047259336142001625,0.024916133031676196,0.24063375350140057,0.5036529680365297,19,1053,1084,34,6
single,swh_range_trend_14_lag_14 > threshold,6,0.04343409620546498,0.03923795539711863,0.023766843176950003,0.39303221288515405,0.48812785388127855,21,1089,1048,32,6
single,swh_iqr_deseasonalized_detrended_rel_change_14_lag_5 > threshold,6,0.04147079418760466,0.041494146738931634,0.022193757062650032,0.3951155462184874,0.39406392694063924,28,1302,835,25,6
single,anom_swh_sd_deseasonalized_detrended_persistence_5_lag_3 > threshold,6,0.04135917143861275,0.0436993220400672,0.02198039430282187,0.39206932773109243,0.40502283105022835,26,1276,861,27,6
single,swh_cv_persistence_2 > threshold,6,0.041090767107764346,0.02715278835278717,0.021645092250596836,0.46889005602240896,0.3972602739726028,29,1296,841,24,6
and_2,swh_max_deseasonalized_detrended_rel_change_14_lag_5 > t1 AND swh_cv_deseasonalized_detrended_persistence_14_lag_5 > t2,6,0.0401073944381031,0.05062676871823063,0.023519948519948524,0.14047619047619048,0.8452054794520546,10,296,1841,43,6
or_2,swh_max_rel_change_5_lag_5 > t1 OR anom_swh_p25_rel_change_14_lag_1 > t2,6,0.03948771398907967,0.03337953427764416,0.020747783976514174,0.45066526610644253,0.336986301369863,30,1429,708,23,6
and_2,swh_max_rel_change_14_lag_1 > t1 AND anom_swh_p25_rel_change_14_lag_1 > t2,6,0.03940960999784529,0.04508789251870267,0.027830380978682553,0.14487044817927172,0.804109589041096,9,385,1752,44,6
single,clima_swh_mean_abs_change_14_lag_5 > threshold,6,0.03869113240719856,0.024556460165380108,0.020770519119748757,0.38473389355742293,0.48538812785388125,20,1094,1043,33,6
single,swh_cv_deseasonalized_detrended_persistence_14_lag_1 > threshold,6,0.03841019215191946,0.039347805603886,0.020273059354445334,0.44721638655462187,0.4474885844748859,29,1186,951,24,6
single,swh_cv_deseasonalized_detrended_rolling_mean_14_lag_1 > threshold,6,0.03839731119769837,0.0393559840428201,0.020266140854376148,0.44721638655462187,0.4465753424657534,29,1188,949,24,6
single,clima_swh_mean_trend_14_lag_3 > threshold,6,0.03783180314089797,0.0402083685841441,0.020250575715051348,0.41237745098039214,0.4602739726027398,20,1149,988,33,6
and_2,anom_swh_max_rel_change_5_lag_1 > t1 AND swh_cv_deseasonalized_detrended_persistence_14_lag_5 > t2,6,0.037736815156169994,0.04273796163961558,0.026626799991285973,0.08088235294117647,0.8625570776255707,7,255,1882,46,6
single,swh_cv_deseasonalized_detrended_persistence_14 > threshold,6,0.03688021688024642,0.04149947412006839,0.019461725563210085,0.4207107843137255,0.4424657534246575,29,1197,940,24,6
and_2,anom_swh_max_persistence_14_lag_3 > t1 AND swh_cv_deseasonalized_detrended_persistence_14_lag_5 > t2,6,0.03648816936488169,0.06634582568433556,0.02292020373514431,0.09191176470588236,0.7365296803652966,9,533,1604,44,6
single,swh_cv_deseasonalized_detrended_rolling_mean_5_lag_3 > threshold,6,0.03632313158737431,0.03970249526669184,0.01937579358569139,0.31685924369747903,0.4899543378995434,25,1089,1048,28,6
single,swh_cv_deseasonalized_detrended_persistence_5_lag_3 > threshold,6,0.03632313158737431,0.03970249526669184,0.01937579358569139,0.31685924369747903,0.4899543378995434,25,1089,1048,28,6
and_2,swh_max_deseasonalized_detrended_rel_change_14_lag_7 > t1 AND swh_cv_deseasonalized_detrended_persistence_14_lag_5 > t2,6,0.03582766439909297,0.057861798461208966,0.025252525252525252,0.0625,0.8648401826484018,4,247,1890,49,6
and_2,swh_max_deseasonalized_detrended_rel_change_14_lag_7 > t1 AND anom_swh_p25_rel_change_14_lag_1 > t2,6,0.03443223443223443,0.04029703609890699,0.027192118226600986,0.09164915966386555,0.8433789954337899,5,295,1842,48,6
and_2,anom_swh_max_rel_change_5_lag_7 > t1 AND swh_cv_deseasonalized_detrended_persistence_14_lag_3 > t2,6,0.03427566156330711,0.04632335932481771,0.019047759392586978,0.17760854341736695,0.7534246575342465,16,503,1634,37,6
and_2,anom_swh_max_persistence_14_lag_3 > t1 AND swh_cv_deseasonalized_detrended_persistence_14_lag_3 > t2,6,0.03423848878394333,0.06278949699566402,0.02120113493064313,0.09191176470588236,0.7442922374429224,9,516,1621,44,6
and_2,swh_max_rel_change_14_lag_1 > t1 AND swh_cv_deseasonalized_detrended_persistence_14_lag_5 > t2,6,0.034163459803247344,0.039641205085051555,0.01980817997648292,0.12463235294117647,0.7940639269406392,10,408,1729,43,6
single,swh_cv_deseasonalized_detrended_rolling_mean_14_lag_5 > threshold,6,0.032419600497765454,0.033326875942072585,0.017386443253832335,0.2722163865546218,0.48538812785388125,21,1095,1042,32,6
single,swh_cv_deseasonalized_detrended_persistence_14_lag_5 > threshold,6,0.032419600497765454,0.033326875942072585,0.017386443253832335,0.2722163865546218,0.48538812785388125,21,1095,1042,32,6
and_2,swh_max_deseasonalized_detrended_rel_change_14_lag_5 > t1 AND swh_cv_deseasonalized_detrended_persistence_14_lag_3 > t2,6,0.03145424836601307,0.05903590474845078,0.017953929539295393,0.12797619047619047,0.8356164383561643,11,318,1819,42,6
single,swh_cv_persistence_14_lag_14 > threshold,4,0.029216398546964194,0.03464450858574454,0.015086723314839734,0.4642857142857143,0.35136986301369866,14,941,499,6,4
majority_3,"Majority of swh_cv_deseasonalized_detrended_persistence_14_lag_3, swh_cv_deseasonalized_detrended_persistence_14_lag_5, anom_swh_sd_deseasonalized_detrended_persistence_14_lag_3",6,0.028718933981879403,0.0358574901172531,0.015389638911679637,0.23054971988795517,0.4808219178082192,19,1103,1034,34,6
single,swh_cv_deseasonalized_detrended_rolling_mean_14_lag_3 > threshold,6,0.028557373438891743,0.04156617332586148,0.015235167409080453,0.22846638655462184,0.4698630136986301,21,1129,1008,32,6
single,swh_cv_deseasonalized_detrended_persistence_14_lag_3 > threshold,6,0.028557373438891743,0.04156617332586148,0.015235167409080453,0.22846638655462184,0.4698630136986301,21,1129,1008,32,6
single,clima_swh_mean_trend_14_lag_5 > threshold,6,0.028235314562545685,0.024203439105162025,0.015145101907955108,0.2767331932773109,0.4479452054794521,15,1171,966,38,6
and_2,anom_swh_max_rel_change_14 > t1 AND swh_cv_deseasonalized_detrended_persistence_14_lag_3 > t2,6,0.026757566675499774,0.04447189983917091,0.014748534767820362,0.1481967787114846,0.7675799086757991,13,469,1668,40,6
and_2,swh_max_deseasonalized_detrended_rel_change_14_lag_7 > t1 AND swh_cv_deseasonalized_detrended_persistence_14_lag_3 > t2,6,0.026143790849673203,0.06403894752374323,0.019047619047619046,0.041666666666666664,0.8607305936073059,4,256,1881,49,6
single,swh_cv_rolling_mean_3_lag_14 > threshold,6,0.02498024746148143,0.026457891854235305,0.013469010666496263,0.19929971988795517,0.4114155251141553,16,1252,885,37,6
and_2,anom_swh_max_rel_change_14 > t1 AND swh_cv_deseasonalized_detrended_persistence_14_lag_5 > t2,6,0.024960898908201506,0.03616729665278608,0.014108965029210427,0.11694677871148458,0.7844748858447489,10,429,1708,43,6
and_2,anom_swh_max_rel_change_5_lag_1 > t1 AND swh_cv_deseasonalized_detrended_persistence_14_lag_3 > t2,6,0.024813350900307424,0.03982684279182994,0.01741440377804014,0.06004901960784314,0.8557077625570777,6,269,1868,47,6
and_2,swh_max_rel_change_5_lag_5 > t1 AND swh_cv_deseasonalized_detrended_persistence_14_lag_5 > t2,6,0.024321266968325792,0.034626194190260876,0.01503137974896201,0.09399509803921569,0.7835616438356164,7,428,1709,46,6
and_2,swh_max_rel_change_14_lag_1 > t1 AND swh_cv_deseasonalized_detrended_persistence_14_lag_3 > t2,6,0.023254023254023256,0.03736971684385737,0.013339883606681278,0.09129901960784315,0.7789954337899543,9,440,1697,44,6
and_2,swh_max_rel_change_5_lag_5 > t1 AND swh_cv_deseasonalized_detrended_persistence_14_lag_3 > t2,6,0.020107017419795866,0.03268025166072663,0.012154495679134507,0.07107843137254903,0.780365296803653,7,435,1702,46,6
and_2,anom_swh_max_rel_change_5_lag_1 > t1 AND anom_swh_p25_rel_change_14_lag_1 > t2,6,0.013550135501355013,0.0331909179238913,0.007861635220125786,0.049019607843137254,0.8447488584474886,5,292,1845,48,6
