date,estimated_probability,calibrated_probability,optimal_threshold,predicted_event,observed_event,feature_set,lr_variant,cv_f1_score
2024-01-01,0.0037754822476527266,0.004085595771588307,0.3857999999999997,0,0,GLOBAL,L1,0.7071447101031783
2024-01-02,0.0031715272044378342,0.003546976933822757,0.3857999999999997,0,0,GLOBAL,L1,0.7071447101031783
2024-01-03,0.0035143280551483257,0.0038292314817026684,0.3857999999999997,0,0,GLOBAL,L1,0.7071447101031783
2024-01-04,0.012164855780385076,0.011793300572253371,0.3857999999999997,0,0,GLOBAL,L1,0.7071447101031783
2024-01-05,0.1951218850875251,0.18775264175839368,0.3857999999999997,0,0,GLOBAL,L1,0.7071447101031783
2024-01-06,0.19423040521825402,0.19030285518069234,0.3857999999999997,0,0,GLOBAL,L1,0.7071447101031783
2024-01-07,0.037803618647122776,0.036842744168172716,0.3857999999999997,0,0,GLOBAL,L1,0.7071447101031783
2024-01-08,0.004241218210175335,0.004662844132086761,0.3857999999999997,0,0,GLOBAL,L1,0.7071447101031783
2024-01-09,0.0031443229989958784,0.003671210899605359,0.3857999999999997,0,0,GLOBAL,L1,0.7071447101031783
2024-01-10,0.004400417184029128,0.004935959400829634,0.3857999999999997,0,0,GLOBAL,L1,0.7071447101031783
2024-01-11,0.01317196087659771,0.013350784538127313,0.3857999999999997,0,0,GLOBAL,L1,0.7071447101031783
2024-01-12,0.12829837030088842,0.11895221818602096,0.3857999999999997,0,0,GLOBAL,L1,0.7071447101031783
2024-01-13,0.13800319329362695,0.12730165634813945,0.3857999999999997,0,0,GLOBAL,L1,0.7071447101031783
2024-01-14,0.05803019939399602,0.05623561721346806,0.3857999999999997,0,0,GLOBAL,L1,0.7071447101031783
2024-01-15,0.01859839616707732,0.01909291047109912,0.3857999999999997,0,0,GLOBAL,L1,0.7071447101031783
2024-01-16,0.0086543118065023,0.009364648160292524,0.3857999999999997,0,0,GLOBAL,L1,0.7071447101031783
2024-01-17,0.09163824579976777,0.09447566011586432,0.3857999999999997,0,0,GLOBAL,L1,0.7071447101031783
2024-01-18,0.047247181645736054,0.047783282917645824,0.3857999999999997,0,0,GLOBAL,L1,0.7071447101031783
2024-01-19,0.055904486398122885,0.05412345745851604,0.3857999999999997,0,0,GLOBAL,L1,0.7071447101031783
2024-01-20,0.03819331935614121,0.037088074799007664,0.3857999999999997,0,0,GLOBAL,L1,0.7071447101031783
2024-01-21,0.1427366871531752,0.1509759171313739,0.3857999999999997,0,0,GLOBAL,L1,0.7071447101031783
2024-01-22,0.23929008566470278,0.24190452001607787,0.3857999999999997,0,0,GLOBAL,L1,0.7071447101031783
2024-01-23,0.2807195730738313,0.29643867975444427,0.3857999999999997,0,0,GLOBAL,L1,0.7071447101031783
2024-01-24,0.1688322496759897,0.1746126996479436,0.3857999999999997,0,0,GLOBAL,L1,0.7071447101031783
2024-01-25,0.0206550039411539,0.02235029567987612,0.3857999999999997,0,0,GLOBAL,L1,0.7071447101031783
2024-01-26,0.01062685972717367,0.011364770934976514,0.3857999999999997,0,0,GLOBAL,L1,0.7071447101031783
2024-01-27,0.018980991969293065,0.020004300382528654,0.3857999999999997,0,0,GLOBAL,L1,0.7071447101031783
2024-01-28,0.020807628455236784,0.021132505720203462,0.3857999999999997,0,0,GLOBAL,L1,0.7071447101031783
2024-01-29,0.43182480296949044,0.41514403683008383,0.3857999999999997,1,1,GLOBAL,L1,0.7071447101031783
2024-01-30,0.758277146419181,0.7537768667223169,0.3857999999999997,1,0,GLOBAL,L1,0.7071447101031783
2024-01-31,0.26249161882847166,0.2566918925226985,0.3857999999999997,0,0,GLOBAL,L1,0.7071447101031783
2024-02-01,0.026908778543204472,0.027228239303304758,0.3857999999999997,0,0,GLOBAL,L1,0.7071447101031783
2024-02-02,0.08193070776572645,0.08657116414449804,0.3857999999999997,0,0,GLOBAL,L1,0.7071447101031783
2024-02-03,0.05063430855155756,0.0513935488868369,0.3857999999999997,0,0,GLOBAL,L1,0.7071447101031783
2024-02-04,0.015688406483799534,0.015683883039259282,0.3857999999999997,0,0,GLOBAL,L1,0.7071447101031783
2024-02-05,0.019859596927866815,0.01991038850618169,0.3857999999999997,0,0,GLOBAL,L1,0.7071447101031783
2024-02-06,0.010406975220617823,0.010628693983721004,0.3857999999999997,0,0,GLOBAL,L1,0.7071447101031783
2024-02-07,0.00534929833024185,0.005870745708142073,0.3857999999999997,0,0,GLOBAL,L1,0.7071447101031783
2024-02-08,0.00867540350548508,0.009439249110968015,0.3857999999999997,0,0,GLOBAL,L1,0.7071447101031783
2024-02-09,0.03480008890461,0.036409254143675567,0.3857999999999997,0,0,GLOBAL,L1,0.7071447101031783
2024-02-10,0.038590194029631396,0.038080251557115585,0.3857999999999997,0,0,GLOBAL,L1,0.7071447101031783
2024-02-11,0.06296965179908286,0.05876122774551831,0.3857999999999997,0,0,GLOBAL,L1,0.7071447101031783
2024-02-12,0.025011834880223308,0.023973260649231488,0.3857999999999997,0,0,GLOBAL,L1,0.7071447101031783
2024-02-13,0.018198134379054966,0.017577727000340784,0.3857999999999997,0,0,GLOBAL,L1,0.7071447101031783
2024-02-14,0.04599502931512701,0.04618051379749077,0.3857999999999997,0,0,GLOBAL,L1,0.7071447101031783
2024-02-15,0.04141716878326614,0.039729528501758204,0.3857999999999997,0,0,GLOBAL,L1,0.7071447101031783
2024-02-16,0.020582885906415806,0.020331006238244683,0.3857999999999997,0,0,GLOBAL,L1,0.7071447101031783
2024-02-17,0.009445268619136563,0.009874489867485707,0.3857999999999997,0,0,GLOBAL,L1,0.7071447101031783
2024-02-18,0.011681847081739572,0.012004587589923307,0.3857999999999997,0,0,GLOBAL,L1,0.7071447101031783
2024-02-19,0.03860644438965532,0.038162050851242996,0.3857999999999997,0,0,GLOBAL,L1,0.7071447101031783
2024-02-20,0.05421799526885871,0.05273090668857971,0.3857999999999997,0,0,GLOBAL,L1,0.7071447101031783
2024-02-21,0.03222972136148968,0.03251407087003647,0.3857999999999997,0,0,GLOBAL,L1,0.7071447101031783
2024-02-22,0.00896143446553913,0.009249936970157848,0.3857999999999997,0,0,GLOBAL,L1,0.7071447101031783
2024-02-23,0.010581218724412186,0.01084669135699218,0.3857999999999997,0,0,GLOBAL,L1,0.7071447101031783
2024-02-24,0.01999941010240553,0.01995660776134357,0.3857999999999997,0,0,GLOBAL,L1,0.7071447101031783
2024-02-25,0.08498387220025812,0.08261376112656367,0.3857999999999997,0,0,GLOBAL,L1,0.7071447101031783
2024-02-26,0.07013007269045822,0.07229109254676162,0.3857999999999997,0,0,GLOBAL,L1,0.7071447101031783
2024-02-27,0.047191256665294196,0.04988049724648173,0.3857999999999997,0,0,GLOBAL,L1,0.7071447101031783
2024-02-28,0.011589809379176835,0.011907287892508929,0.3857999999999997,0,0,GLOBAL,L1,0.7071447101031783
2024-02-29,0.0041704659835965965,0.00455669133722695,0.3857999999999997,0,0,GLOBAL,L1,0.7071447101031783
2024-03-01,0.00507814515254034,0.0055662460838881095,0.3857999999999997,0,0,GLOBAL,L1,0.7071447101031783
2024-03-02,0.020750331647222973,0.02180844572244958,0.3857999999999997,0,0,GLOBAL,L1,0.7071447101031783
2024-03-03,0.015376024480024817,0.016309696198926492,0.3857999999999997,0,0,GLOBAL,L1,0.7071447101031783
2024-03-04,0.006826980518160235,0.007544259030972736,0.3857999999999997,0,0,GLOBAL,L1,0.7071447101031783
2024-03-05,0.05222635763425919,0.051994047779982004,0.3857999999999997,0,0,GLOBAL,L1,0.7071447101031783
2024-03-06,0.06821104996947872,0.0661537644323751,0.3857999999999997,0,0,GLOBAL,L1,0.7071447101031783
2024-03-07,0.02310072554173043,0.02325891173102114,0.3857999999999997,0,0,GLOBAL,L1,0.7071447101031783
2024-03-08,0.0430922435947338,0.04466282251419414,0.3857999999999997,0,0,GLOBAL,L1,0.7071447101031783
2024-03-09,0.03890430411112421,0.039823968308758416,0.3857999999999997,0,0,GLOBAL,L1,0.7071447101031783
2024-03-10,0.4959540721746569,0.48106609178468157,0.3857999999999997,1,1,GLOBAL,L1,0.7071447101031783
2024-03-11,0.8064347592398383,0.8152569526611825,0.3857999999999997,1,1,GLOBAL,L1,0.7071447101031783
2024-03-12,0.6090244161932783,0.5972698491875718,0.3857999999999997,1,0,GLOBAL,L1,0.7071447101031783
2024-03-13,0.1125780564273774,0.11060623851302535,0.3857999999999997,0,0,GLOBAL,L1,0.7071447101031783
2024-03-14,0.21177795609453065,0.19561456681523862,0.3857999999999997,0,0,GLOBAL,L1,0.7071447101031783
2024-03-15,0.17836341030481953,0.16002867254529363,0.3857999999999997,0,1,GLOBAL,L1,0.7071447101031783
2024-03-16,0.6605321445090274,0.6705871446665123,0.3857999999999997,1,1,GLOBAL,L1,0.7071447101031783
2024-03-17,0.6230071171846753,0.6187781389893217,0.3857999999999997,1,1,GLOBAL,L1,0.7071447101031783
2024-03-18,0.3065940184126952,0.3192683938715706,0.3857999999999997,0,0,GLOBAL,L1,0.7071447101031783
2024-03-19,0.25483023772783686,0.25763377443532903,0.3857999999999997,0,0,GLOBAL,L1,0.7071447101031783
2024-03-20,0.13317276022591878,0.12288638218452025,0.3857999999999997,0,0,GLOBAL,L1,0.7071447101031783
2024-03-21,0.024402076074417644,0.025367977388629042,0.3857999999999997,0,0,GLOBAL,L1,0.7071447101031783
2024-03-22,0.00722985951818239,0.008150923557159472,0.3857999999999997,0,0,GLOBAL,L1,0.7071447101031783
2024-03-23,0.0038397549769872193,0.004412212916728259,0.3857999999999997,0,0,GLOBAL,L1,0.7071447101031783
2024-03-24,0.008115430291615471,0.008876801055668687,0.3857999999999997,0,0,GLOBAL,L1,0.7071447101031783
2024-03-25,0.005456094718266284,0.005809204920712717,0.3857999999999997,0,0,GLOBAL,L1,0.7071447101031783
2024-03-26,0.012483048844050866,0.012078632755577997,0.3857999999999997,0,0,GLOBAL,L1,0.7071447101031783
2024-03-27,0.010238446067535732,0.010845972700636032,0.3857999999999997,0,0,GLOBAL,L1,0.7071447101031783
2024-03-28,0.014075471471851887,0.014118446620337862,0.3857999999999997,0,0,GLOBAL,L1,0.7071447101031783
2024-03-29,0.012876122040769667,0.013053695850894602,0.3857999999999997,0,0,GLOBAL,L1,0.7071447101031783
2024-03-30,0.004859700225731367,0.005281587630831776,0.3857999999999997,0,0,GLOBAL,L1,0.7071447101031783
2024-03-31,0.0026662464338637463,0.002993711487207317,0.3857999999999997,0,0,GLOBAL,L1,0.7071447101031783
2024-04-01,0.002930287348988316,0.003283666959282111,0.3857999999999997,0,0,GLOBAL,L1,0.7071447101031783
2024-04-02,0.017033915734009582,0.01717979608467227,0.3857999999999997,0,0,GLOBAL,L1,0.7071447101031783
2024-04-03,0.027922440520034543,0.026806805612394024,0.3857999999999997,0,0,GLOBAL,L1,0.7071447101031783
2024-04-04,0.019722281825000652,0.019523003234716275,0.3857999999999997,0,0,GLOBAL,L1,0.7071447101031783
2024-04-05,0.12549374656247828,0.13548384963490684,0.3857999999999997,0,1,GLOBAL,L1,0.7071447101031783
2024-04-06,0.2349070962735428,0.22234935967505529,0.3857999999999997,0,1,GLOBAL,L1,0.7071447101031783
2024-04-07,0.4339421766183715,0.4403839179304471,0.3857999999999997,1,1,GLOBAL,L1,0.7071447101031783
2024-04-08,0.517768725518443,0.5210571749263706,0.3857999999999997,1,1,GLOBAL,L1,0.7071447101031783
2024-04-09,0.47715010464214597,0.4878886465637125,0.3857999999999997,1,0,GLOBAL,L1,0.7071447101031783
2024-04-10,0.11298673713170734,0.11515720534620144,0.3857999999999997,0,0,GLOBAL,L1,0.7071447101031783
2024-04-11,0.0624723046957915,0.06383694457408381,0.3857999999999997,0,0,GLOBAL,L1,0.7071447101031783
2024-04-12,0.029488990156579544,0.029962733752058792,0.3857999999999997,0,0,GLOBAL,L1,0.7071447101031783
2024-04-13,0.022921074011948893,0.02196183682612746,0.3857999999999997,0,0,GLOBAL,L1,0.7071447101031783
2024-04-14,0.013871314921409684,0.013308051036455949,0.3857999999999997,0,0,GLOBAL,L1,0.7071447101031783
2024-04-15,0.037385864747278716,0.0376744467444619,0.3857999999999997,0,0,GLOBAL,L1,0.7071447101031783
2024-04-16,0.0779244254848491,0.07716689742111606,0.3857999999999997,0,0,GLOBAL,L1,0.7071447101031783
2024-04-17,0.029999887287173937,0.030518389116079403,0.3857999999999997,0,0,GLOBAL,L1,0.7071447101031783
2024-04-18,0.12660480639395974,0.1249444754723486,0.3857999999999997,0,1,GLOBAL,L1,0.7071447101031783
2024-04-19,0.13692993744091653,0.14047757499536884,0.3857999999999997,0,0,GLOBAL,L1,0.7071447101031783
2024-04-20,0.03333737623744073,0.03478933796699942,0.3857999999999997,0,1,GLOBAL,L1,0.7071447101031783
2024-04-21,0.7073845981944681,0.7430533618588443,0.3857999999999997,1,1,GLOBAL,L1,0.7071447101031783
2024-04-22,0.6375322390905978,0.6482819006935279,0.3857999999999997,1,0,GLOBAL,L1,0.7071447101031783
2024-04-23,0.06648297512401402,0.06399588466438182,0.3857999999999997,0,0,GLOBAL,L1,0.7071447101031783
2024-04-24,0.007409674306750353,0.0077476493626901,0.3857999999999997,0,0,GLOBAL,L1,0.7071447101031783
2024-04-25,0.00778286583897711,0.008345648447301355,0.3857999999999997,0,0,GLOBAL,L1,0.7071447101031783
2024-04-26,0.006283120604017573,0.006818319930097892,0.3857999999999997,0,0,GLOBAL,L1,0.7071447101031783
2024-04-27,0.01839928264358292,0.018313328174940892,0.3857999999999997,0,0,GLOBAL,L1,0.7071447101031783
2024-04-28,0.13844340704386424,0.13369281754957996,0.3857999999999997,0,1,GLOBAL,L1,0.7071447101031783
2024-04-29,0.7023612368146998,0.7447576598097748,0.3857999999999997,1,1,GLOBAL,L1,0.7071447101031783
2024-04-30,0.4980226829107417,0.50464464455337,0.3857999999999997,1,0,GLOBAL,L1,0.7071447101031783
2024-05-01,0.38189769140385643,0.3683358220622188,0.3857999999999997,0,1,GLOBAL,L1,0.7071447101031783
2024-05-02,0.8957086514424666,0.9020798364074673,0.3857999999999997,1,1,GLOBAL,L1,0.7071447101031783
2024-05-03,0.8409930531144892,0.8432771316971488,0.3857999999999997,1,0,GLOBAL,L1,0.7071447101031783
2024-05-04,0.49536361181540933,0.4957169362140726,0.3857999999999997,1,0,GLOBAL,L1,0.7071447101031783
2024-05-05,0.1191187500991569,0.11514326736051983,0.3857999999999997,0,0,GLOBAL,L1,0.7071447101031783
2024-05-06,0.011320907262259428,0.012124732137284043,0.3857999999999997,0,0,GLOBAL,L1,0.7071447101031783
2024-05-07,0.14207525292425988,0.15596442789793497,0.3857999999999997,0,1,GLOBAL,L1,0.7071447101031783
2024-05-08,0.25141307112455924,0.25662888319430605,0.3857999999999997,0,0,GLOBAL,L1,0.7071447101031783
2024-05-09,0.09950501578892999,0.09448378030629116,0.3857999999999997,0,1,GLOBAL,L1,0.7071447101031783
2024-05-10,0.22632194375392795,0.2216397386836958,0.3857999999999997,0,0,GLOBAL,L1,0.7071447101031783
2024-05-11,0.09785082803700397,0.09667761463249958,0.3857999999999997,0,0,GLOBAL,L1,0.7071447101031783
2024-05-12,0.06557506887603376,0.06001951253648118,0.3857999999999997,0,0,GLOBAL,L1,0.7071447101031783
2024-05-13,0.21747579193538877,0.20441977828427826,0.3857999999999997,0,0,GLOBAL,L1,0.7071447101031783
2024-05-14,0.14412749064672242,0.13666557901521134,0.3857999999999997,0,0,GLOBAL,L1,0.7071447101031783
2024-05-15,0.04962119442600981,0.04750757554385531,0.3857999999999997,0,0,GLOBAL,L1,0.7071447101031783
2024-05-16,0.017958007851055176,0.018289793990585727,0.3857999999999997,0,0,GLOBAL,L1,0.7071447101031783
2024-05-17,0.007369397209032107,0.007748060356859039,0.3857999999999997,0,0,GLOBAL,L1,0.7071447101031783
2024-05-18,0.02773583564338637,0.027034798508831295,0.3857999999999997,0,0,GLOBAL,L1,0.7071447101031783
2024-05-19,0.05311089221717755,0.05005048068870908,0.3857999999999997,0,0,GLOBAL,L1,0.7071447101031783
2024-05-20,0.07258582829015382,0.06945588914167183,0.3857999999999997,0,0,GLOBAL,L1,0.7071447101031783
2024-05-21,0.2161843067442409,0.19990125179368748,0.3857999999999997,0,1,GLOBAL,L1,0.7071447101031783
2024-05-22,0.28033561326858436,0.27195803946699476,0.3857999999999997,0,0,GLOBAL,L1,0.7071447101031783
2024-05-23,0.09319086596203875,0.09379363464322965,0.3857999999999997,0,0,GLOBAL,L1,0.7071447101031783
2024-05-24,0.01626777076289618,0.016164984568322324,0.3857999999999997,0,0,GLOBAL,L1,0.7071447101031783
2024-05-25,0.05133544658218441,0.05064245211745693,0.3857999999999997,0,0,GLOBAL,L1,0.7071447101031783
2024-05-26,0.03917024941975114,0.03873342872274439,0.3857999999999997,0,0,GLOBAL,L1,0.7071447101031783
2024-05-27,0.02125844132241861,0.02118565287473562,0.3857999999999997,0,0,GLOBAL,L1,0.7071447101031783
2024-05-28,0.030082614677303443,0.029604320788998748,0.3857999999999997,0,0,GLOBAL,L1,0.7071447101031783
2024-05-29,0.03157239782778125,0.03239528742739795,0.3857999999999997,0,0,GLOBAL,L1,0.7071447101031783
2024-05-30,0.026928255209628372,0.028595388195619506,0.3857999999999997,0,0,GLOBAL,L1,0.7071447101031783
2024-05-31,0.055899920817694466,0.05473027045576364,0.3857999999999997,0,0,GLOBAL,L1,0.7071447101031783
2024-06-01,0.06196792062253169,0.06014247193543063,0.3857999999999997,0,0,GLOBAL,L1,0.7071447101031783
2024-06-02,0.013556731841164906,0.013756876111615718,0.3857999999999997,0,0,GLOBAL,L1,0.7071447101031783
2024-06-03,0.0017926532214950967,0.002166330001150733,0.3857999999999997,0,0,GLOBAL,L1,0.7071447101031783
2024-06-04,0.0039627687321253805,0.004389039392539587,0.3857999999999997,0,0,GLOBAL,L1,0.7071447101031783
2024-06-05,0.3878821901864317,0.38453876807352727,0.3857999999999997,0,0,GLOBAL,L1,0.7071447101031783
2024-06-06,0.24064214601114436,0.22573663629296473,0.3857999999999997,0,0,GLOBAL,L1,0.7071447101031783
2024-06-07,0.13666155725554113,0.13184059250007613,0.3857999999999997,0,0,GLOBAL,L1,0.7071447101031783
2024-06-08,0.13788550869233374,0.13104301230194507,0.3857999999999997,0,0,GLOBAL,L1,0.7071447101031783
2024-06-09,0.06378432815005942,0.06216097047988664,0.3857999999999997,0,0,GLOBAL,L1,0.7071447101031783
2024-06-10,0.02261154590018337,0.0222904350366422,0.3857999999999997,0,0,GLOBAL,L1,0.7071447101031783
2024-06-11,0.015309749508219738,0.014860683636149034,0.3857999999999997,0,0,GLOBAL,L1,0.7071447101031783
2024-06-12,0.00952116346581009,0.009888927011296412,0.3857999999999997,0,0,GLOBAL,L1,0.7071447101031783
2024-06-13,0.023704632370488407,0.02419725835008606,0.3857999999999997,0,0,GLOBAL,L1,0.7071447101031783
2024-06-14,0.8306233585283466,0.8386729437470325,0.3857999999999997,1,1,GLOBAL,L1,0.7071447101031783
2024-06-15,0.8073478082563275,0.8124528458972887,0.3857999999999997,1,1,GLOBAL,L1,0.7071447101031783
2024-06-16,0.20236052456312292,0.19944319920521902,0.3857999999999997,0,1,GLOBAL,L1,0.7071447101031783
2024-06-17,0.3824422428419559,0.3941945778007028,0.3857999999999997,1,1,GLOBAL,L1,0.7071447101031783
2024-06-18,0.25861078384425296,0.2628161549052707,0.3857999999999997,0,0,GLOBAL,L1,0.7071447101031783
2024-06-19,0.028229695765188374,0.027721064723744995,0.3857999999999997,0,0,GLOBAL,L1,0.7071447101031783
2024-06-20,0.019762631251714215,0.021381557110532533,0.3857999999999997,0,0,GLOBAL,L1,0.7071447101031783
2024-06-21,0.022723795655254335,0.023064814644263302,0.3857999999999997,0,0,GLOBAL,L1,0.7071447101031783
2024-06-22,0.031323173370164326,0.03311786089630429,0.3857999999999997,0,0,GLOBAL,L1,0.7071447101031783
2024-06-23,0.07870725348644116,0.08008904955047147,0.3857999999999997,0,0,GLOBAL,L1,0.7071447101031783
2024-06-24,0.04287264652051313,0.04269528926844398,0.3857999999999997,0,0,GLOBAL,L1,0.7071447101031783
2024-06-25,0.030369557731858832,0.03015859846721876,0.3857999999999997,0,0,GLOBAL,L1,0.7071447101031783
2024-06-26,0.08529221888985067,0.08159621815152125,0.3857999999999997,0,0,GLOBAL,L1,0.7071447101031783
2024-06-27,0.17542876118987102,0.15424056723452292,0.3857999999999997,0,0,GLOBAL,L1,0.7071447101031783
2024-06-28,0.03750183782483635,0.0374346585215728,0.3857999999999997,0,0,GLOBAL,L1,0.7071447101031783
2024-06-29,0.013251220583460963,0.013615525683450995,0.3857999999999997,0,0,GLOBAL,L1,0.7071447101031783
2024-06-30,0.0200531815582031,0.02036013788835971,0.3857999999999997,0,0,GLOBAL,L1,0.7071447101031783
2024-07-01,0.2931876881481342,0.28746340518523106,0.3857999999999997,0,1,GLOBAL,L1,0.7071447101031783
2024-07-02,0.45153254033436657,0.45364262945514944,0.3857999999999997,1,1,GLOBAL,L1,0.7071447101031783
2024-07-03,0.35946173577421725,0.35388250257036197,0.3857999999999997,0,0,GLOBAL,L1,0.7071447101031783
2024-07-04,0.30565396920562543,0.2938103068541811,0.3857999999999997,0,1,GLOBAL,L1,0.7071447101031783
2024-07-05,0.21123619849219127,0.19914915579608192,0.3857999999999997,0,1,GLOBAL,L1,0.7071447101031783
2024-07-06,0.7421975995466047,0.7382030585146814,0.3857999999999997,1,1,GLOBAL,L1,0.7071447101031783
2024-07-07,0.7202643548583466,0.7009804371815752,0.3857999999999997,1,0,GLOBAL,L1,0.7071447101031783
2024-07-08,0.1394071063733284,0.12587420359238513,0.3857999999999997,0,0,GLOBAL,L1,0.7071447101031783
2024-07-09,0.1528032189471715,0.14043077893714676,0.3857999999999997,0,0,GLOBAL,L1,0.7071447101031783
2024-07-10,0.03211464850266446,0.03254320714908197,0.3857999999999997,0,0,GLOBAL,L1,0.7071447101031783
2024-07-11,0.045590695230195995,0.04163552609998555,0.3857999999999997,0,0,GLOBAL,L1,0.7071447101031783
2024-07-12,0.0385331294649409,0.03473674811683904,0.3857999999999997,0,0,GLOBAL,L1,0.7071447101031783
2024-07-13,0.034184049480527674,0.03185434549750809,0.3857999999999997,0,0,GLOBAL,L1,0.7071447101031783
2024-07-14,0.04555253853503363,0.04369829800461275,0.3857999999999997,0,0,GLOBAL,L1,0.7071447101031783
2024-07-15,0.049867859368968134,0.04677180552269002,0.3857999999999997,0,0,GLOBAL,L1,0.7071447101031783
2024-07-16,0.11014147236930988,0.1056970857085835,0.3857999999999997,0,0,GLOBAL,L1,0.7071447101031783
2024-07-17,0.07152511458543996,0.07500462851626664,0.3857999999999997,0,0,GLOBAL,L1,0.7071447101031783
2024-07-18,0.011996223164506381,0.013056498607452989,0.3857999999999997,0,0,GLOBAL,L1,0.7071447101031783
2024-07-19,0.004981957964141141,0.005563162243417769,0.3857999999999997,0,0,GLOBAL,L1,0.7071447101031783
2024-07-20,0.046827252783177925,0.04462129656738101,0.3857999999999997,0,1,GLOBAL,L1,0.7071447101031783
2024-07-21,0.8626060134973652,0.8709037684215998,0.3857999999999997,1,1,GLOBAL,L1,0.7071447101031783
2024-07-22,0.8470252425736379,0.8423768678812218,0.3857999999999997,1,1,GLOBAL,L1,0.7071447101031783
2024-07-23,0.4763730626507853,0.4739011948146656,0.3857999999999997,1,0,GLOBAL,L1,0.7071447101031783
2024-07-24,0.46195604228679255,0.44484456602012784,0.3857999999999997,1,0,GLOBAL,L1,0.7071447101031783
2024-07-25,0.05836074431116532,0.05627029098927277,0.3857999999999997,0,0,GLOBAL,L1,0.7071447101031783
2024-07-26,0.022299781636802588,0.023473224298521746,0.3857999999999997,0,0,GLOBAL,L1,0.7071447101031783
2024-07-27,0.05323938691321887,0.06140876476163509,0.3857999999999997,0,0,GLOBAL,L1,0.7071447101031783
2024-07-28,0.15473688069330452,0.1562281474362469,0.3857999999999997,0,1,GLOBAL,L1,0.7071447101031783
2024-07-29,0.865709449972525,0.8724243279801372,0.3857999999999997,1,1,GLOBAL,L1,0.7071447101031783
2024-07-30,0.8797460402901709,0.8862316408269352,0.3857999999999997,1,1,GLOBAL,L1,0.7071447101031783
2024-07-31,0.2195004177633709,0.22461878676070066,0.3857999999999997,0,0,GLOBAL,L1,0.7071447101031783
2024-08-01,0.0077287570969895355,0.008795304040756636,0.3857999999999997,0,0,GLOBAL,L1,0.7071447101031783
2024-08-02,0.0009294245868630375,0.0012270212076614182,0.3857999999999997,0,0,GLOBAL,L1,0.7071447101031783
2024-08-03,0.3210830013255397,0.3652807554895871,0.3857999999999997,0,1,GLOBAL,L1,0.7071447101031783
2024-08-04,0.3471096329406332,0.35369005373724177,0.3857999999999997,0,1,GLOBAL,L1,0.7071447101031783
2024-08-05,0.15619124508933474,0.16443860585575615,0.3857999999999997,0,0,GLOBAL,L1,0.7071447101031783
2024-08-06,0.026729440355522344,0.02758865812697428,0.3857999999999997,0,0,GLOBAL,L1,0.7071447101031783
2024-08-07,0.09094096344320456,0.08721743777670915,0.3857999999999997,0,0,GLOBAL,L1,0.7071447101031783
2024-08-08,0.2312732433989025,0.24129045436645527,0.3857999999999997,0,0,GLOBAL,L1,0.7071447101031783
2024-08-09,0.20640872906088703,0.19907236354593025,0.3857999999999997,0,0,GLOBAL,L1,0.7071447101031783
2024-08-10,0.04603042510705651,0.044443233293310895,0.3857999999999997,0,0,GLOBAL,L1,0.7071447101031783
2024-08-11,0.01247163461245516,0.012897943274744167,0.3857999999999997,0,0,GLOBAL,L1,0.7071447101031783
2024-08-12,0.036856529046792146,0.03871638458352602,0.3857999999999997,0,0,GLOBAL,L1,0.7071447101031783
2024-08-13,0.03056215877839382,0.02955134015914057,0.3857999999999997,0,0,GLOBAL,L1,0.7071447101031783
2024-08-14,0.005767410629632656,0.0067103591971386265,0.3857999999999997,0,0,GLOBAL,L1,0.7071447101031783
2024-08-15,0.015115950658503269,0.01650349341886211,0.3857999999999997,0,0,GLOBAL,L1,0.7071447101031783
2024-08-16,0.039224283456166326,0.03827372805569739,0.3857999999999997,0,0,GLOBAL,L1,0.7071447101031783
2024-08-17,0.03493677468016813,0.035971634317440444,0.3857999999999997,0,0,GLOBAL,L1,0.7071447101031783
2024-08-18,0.052314744798726956,0.053260667960946806,0.3857999999999997,0,0,GLOBAL,L1,0.7071447101031783
2024-08-19,0.03717669870116116,0.037334469889974645,0.3857999999999997,0,0,GLOBAL,L1,0.7071447101031783
2024-08-20,0.030621398507181933,0.030745602273431167,0.3857999999999997,0,0,GLOBAL,L1,0.7071447101031783
2024-08-21,0.054043646437640036,0.05060539436232286,0.3857999999999997,0,0,GLOBAL,L1,0.7071447101031783
2024-08-22,0.22509172320240223,0.218608638115273,0.3857999999999997,0,0,GLOBAL,L1,0.7071447101031783
2024-08-23,0.24234224063063392,0.2178027824623552,0.3857999999999997,0,0,GLOBAL,L1,0.7071447101031783
2024-08-24,0.10292670602240715,0.10845928087986795,0.3857999999999997,0,0,GLOBAL,L1,0.7071447101031783
2024-08-25,0.04528965275328025,0.04673944336844211,0.3857999999999997,0,0,GLOBAL,L1,0.7071447101031783
2024-08-26,0.022453623616205613,0.02128877974718184,0.3857999999999997,0,0,GLOBAL,L1,0.7071447101031783
2024-08-27,0.07273841450002873,0.0661726887606496,0.3857999999999997,0,0,GLOBAL,L1,0.7071447101031783
2024-08-28,0.06159087406681153,0.057619200374354355,0.3857999999999997,0,0,GLOBAL,L1,0.7071447101031783
2024-08-29,0.046198015716397964,0.043395971743066274,0.3857999999999997,0,0,GLOBAL,L1,0.7071447101031783
2024-08-30,0.09128503195448931,0.08326989982071616,0.3857999999999997,0,0,GLOBAL,L1,0.7071447101031783
2024-08-31,0.07813227122144482,0.06991165189691809,0.3857999999999997,0,0,GLOBAL,L1,0.7071447101031783
2024-09-01,0.14258087461190125,0.13242399845613853,0.3857999999999997,0,0,GLOBAL,L1,0.7071447101031783
2024-09-02,0.03385768460391,0.03318396984634125,0.3857999999999997,0,0,GLOBAL,L1,0.7071447101031783
2024-09-03,0.047593504685033636,0.04504736587038461,0.3857999999999997,0,0,GLOBAL,L1,0.7071447101031783
2024-09-04,0.28174442213777484,0.2832289991328535,0.3857999999999997,0,1,GLOBAL,L1,0.7071447101031783
2024-09-05,0.6423275850998394,0.6561351981898698,0.3857999999999997,1,1,GLOBAL,L1,0.7071447101031783
2024-09-06,0.3479898131601185,0.3528785818406406,0.3857999999999997,0,1,GLOBAL,L1,0.7071447101031783
2024-09-07,0.3481041474690821,0.3497057712699303,0.3857999999999997,0,1,GLOBAL,L1,0.7071447101031783
2024-09-08,0.46109319954405364,0.46228240135840165,0.3857999999999997,1,1,GLOBAL,L1,0.7071447101031783
2024-09-09,0.8070683658501101,0.8112104555106376,0.3857999999999997,1,1,GLOBAL,L1,0.7071447101031783
2024-09-10,0.7312522260627912,0.7322321139878403,0.3857999999999997,1,0,GLOBAL,L1,0.7071447101031783
2024-09-11,0.28275255721331677,0.26288208094420723,0.3857999999999997,0,0,GLOBAL,L1,0.7071447101031783
2024-09-12,0.2723544517486987,0.25220155295559515,0.3857999999999997,0,0,GLOBAL,L1,0.7071447101031783
2024-09-13,0.13361835407293152,0.11600577945475803,0.3857999999999997,0,0,GLOBAL,L1,0.7071447101031783
2024-09-14,0.2633928668860951,0.22784653617430653,0.3857999999999997,0,0,GLOBAL,L1,0.7071447101031783
2024-09-15,0.25070295612163196,0.2079885466363625,0.3857999999999997,0,0,GLOBAL,L1,0.7071447101031783
2024-09-16,0.1609132086924537,0.14539579293154895,0.3857999999999997,0,0,GLOBAL,L1,0.7071447101031783
2024-09-17,0.18158862389451355,0.16949316342110884,0.3857999999999997,0,0,GLOBAL,L1,0.7071447101031783
2024-09-18,0.05461039055372696,0.05192309322907709,0.3857999999999997,0,0,GLOBAL,L1,0.7071447101031783
2024-09-19,0.011819823463280487,0.012510451634392862,0.3857999999999997,0,0,GLOBAL,L1,0.7071447101031783
2024-09-20,0.11821358543899077,0.1076740416918776,0.3857999999999997,0,1,GLOBAL,L1,0.7071447101031783
2024-09-21,0.641449881725318,0.6655374121164388,0.3857999999999997,1,1,GLOBAL,L1,0.7071447101031783
2024-09-22,0.2953378751229237,0.2951127116974912,0.3857999999999997,0,0,GLOBAL,L1,0.7071447101031783
2024-09-23,0.03247562154249191,0.031529697926169324,0.3857999999999997,0,0,GLOBAL,L1,0.7071447101031783
2024-09-24,0.026871187841579137,0.025919411146757887,0.3857999999999997,0,0,GLOBAL,L1,0.7071447101031783
2024-09-25,0.09449426360987802,0.09002218064691216,0.3857999999999997,0,0,GLOBAL,L1,0.7071447101031783
2024-09-26,0.48007089062579666,0.4882978898018719,0.3857999999999997,1,1,GLOBAL,L1,0.7071447101031783
2024-09-27,0.3874768173961045,0.37273471578797795,0.3857999999999997,0,1,GLOBAL,L1,0.7071447101031783
2024-09-28,0.2515928646790598,0.25194020391181643,0.3857999999999997,0,0,GLOBAL,L1,0.7071447101031783
2024-09-29,0.012759340227728061,0.014416165667333225,0.3857999999999997,0,0,GLOBAL,L1,0.7071447101031783
2024-09-30,0.0015666325819481597,0.0019194757923143093,0.3857999999999997,0,0,GLOBAL,L1,0.7071447101031783
2024-10-01,0.0031357076652774054,0.0035688629845324316,0.3857999999999997,0,0,GLOBAL,L1,0.7071447101031783
2024-10-02,0.005167967937831468,0.005552425775136947,0.3857999999999997,0,0,GLOBAL,L1,0.7071447101031783
2024-10-03,0.01167231111869853,0.011876371391225618,0.3857999999999997,0,0,GLOBAL,L1,0.7071447101031783
2024-10-04,0.014386301711305598,0.01418144552168926,0.3857999999999997,0,0,GLOBAL,L1,0.7071447101031783
2024-10-05,0.011001250552576006,0.011684887654481802,0.3857999999999997,0,0,GLOBAL,L1,0.7071447101031783
2024-10-06,0.0022107391948453137,0.002699912968758126,0.3857999999999997,0,0,GLOBAL,L1,0.7071447101031783
2024-10-07,0.0038904516387595943,0.0045347448877943244,0.3857999999999997,0,0,GLOBAL,L1,0.7071447101031783
2024-10-08,0.007837700794439597,0.008702455105371246,0.3857999999999997,0,0,GLOBAL,L1,0.7071447101031783
2024-10-09,0.007556185843690075,0.007993994204505932,0.3857999999999997,0,0,GLOBAL,L1,0.7071447101031783
2024-10-10,0.07470332851252356,0.06725892714943908,0.3857999999999997,0,0,GLOBAL,L1,0.7071447101031783
2024-10-11,0.10762021845588164,0.09380910780602379,0.3857999999999997,0,0,GLOBAL,L1,0.7071447101031783
2024-10-12,0.14257090216838472,0.13681280687293473,0.3857999999999997,0,0,GLOBAL,L1,0.7071447101031783
2024-10-13,0.07081252154604839,0.06617685676403133,0.3857999999999997,0,0,GLOBAL,L1,0.7071447101031783
2024-10-14,0.04438196180789743,0.04344169151580594,0.3857999999999997,0,0,GLOBAL,L1,0.7071447101031783
2024-10-15,0.007740568570429579,0.008174809517295016,0.3857999999999997,0,0,GLOBAL,L1,0.7071447101031783
2024-10-16,0.004263547619512158,0.00475528313731518,0.3857999999999997,0,0,GLOBAL,L1,0.7071447101031783
2024-10-17,0.004707499297637804,0.005113760024186617,0.3857999999999997,0,0,GLOBAL,L1,0.7071447101031783
2024-10-18,0.028263329179619448,0.02783292827648594,0.3857999999999997,0,0,GLOBAL,L1,0.7071447101031783
2024-10-19,0.0772563405789205,0.07817451290921602,0.3857999999999997,0,0,GLOBAL,L1,0.7071447101031783
2024-10-20,0.17320941719266966,0.1627689781907389,0.3857999999999997,0,0,GLOBAL,L1,0.7071447101031783
2024-10-21,0.26959713846722955,0.2604152177198692,0.3857999999999997,0,1,GLOBAL,L1,0.7071447101031783
2024-10-22,0.28358346766314596,0.27875585361508043,0.3857999999999997,0,0,GLOBAL,L1,0.7071447101031783
2024-10-23,0.2658557172146015,0.25441229205043886,0.3857999999999997,0,0,GLOBAL,L1,0.7071447101031783
2024-10-24,0.0880597587974536,0.08230988122548727,0.3857999999999997,0,0,GLOBAL,L1,0.7071447101031783
2024-10-25,0.0444576030548639,0.04405303609346378,0.3857999999999997,0,0,GLOBAL,L1,0.7071447101031783
2024-10-26,0.02915804558966441,0.030092686873946378,0.3857999999999997,0,0,GLOBAL,L1,0.7071447101031783
2024-10-27,0.06530450403509837,0.0664579963842633,0.3857999999999997,0,0,GLOBAL,L1,0.7071447101031783
2024-10-28,0.11282552861618564,0.10926996243106969,0.3857999999999997,0,0,GLOBAL,L1,0.7071447101031783
2024-10-29,0.10611535184313521,0.10691594177970225,0.3857999999999997,0,0,GLOBAL,L1,0.7071447101031783
2024-10-30,0.09247110084422508,0.08691350511657085,0.3857999999999997,0,0,GLOBAL,L1,0.7071447101031783
2024-10-31,0.35074230383151095,0.336690553749591,0.3857999999999997,0,1,GLOBAL,L1,0.7071447101031783
2024-11-01,0.3538649907770436,0.34068184035556764,0.3857999999999997,0,0,GLOBAL,L1,0.7071447101031783
2024-11-02,0.20145038736309334,0.1929564508028048,0.3857999999999997,0,0,GLOBAL,L1,0.7071447101031783
2024-11-03,0.025233927087781993,0.024846175438895664,0.3857999999999997,0,0,GLOBAL,L1,0.7071447101031783
2024-11-04,0.011492009970882407,0.011483859113259215,0.3857999999999997,0,1,GLOBAL,L1,0.7071447101031783
2024-11-05,0.8603367752858009,0.8412902056551556,0.3857999999999997,1,1,GLOBAL,L1,0.7071447101031783
2024-11-06,0.9488665824486299,0.945342239669983,0.3857999999999997,1,1,GLOBAL,L1,0.7071447101031783
2024-11-07,0.6911515700957733,0.6957124301375801,0.3857999999999997,1,0,GLOBAL,L1,0.7071447101031783
2024-11-08,0.07333300091615366,0.07502261173399549,0.3857999999999997,0,0,GLOBAL,L1,0.7071447101031783
2024-11-09,0.011660159714474446,0.012137775769465828,0.3857999999999997,0,0,GLOBAL,L1,0.7071447101031783
2024-11-10,0.011305439496852832,0.011890402381340088,0.3857999999999997,0,0,GLOBAL,L1,0.7071447101031783
2024-11-11,0.004901584659122147,0.005544519431546394,0.3857999999999997,0,0,GLOBAL,L1,0.7071447101031783
2024-11-12,0.05220128090201766,0.05723292028383125,0.3857999999999997,0,0,GLOBAL,L1,0.7071447101031783
2024-11-13,0.053481315745522534,0.05475552082833956,0.3857999999999997,0,0,GLOBAL,L1,0.7071447101031783
2024-11-14,0.026072532792141678,0.026027557856489043,0.3857999999999997,0,0,GLOBAL,L1,0.7071447101031783
2024-11-15,0.01782428080639496,0.019243979051412965,0.3857999999999997,0,0,GLOBAL,L1,0.7071447101031783
2024-11-16,0.016939502146813123,0.017569514277616185,0.3857999999999997,0,0,GLOBAL,L1,0.7071447101031783
2024-11-17,0.011820605949400285,0.011789502233203518,0.3857999999999997,0,0,GLOBAL,L1,0.7071447101031783
2024-11-18,0.11164462281014971,0.10479121156273334,0.3857999999999997,0,1,GLOBAL,L1,0.7071447101031783
2024-11-19,0.1380147949759214,0.13238189397303723,0.3857999999999997,0,0,GLOBAL,L1,0.7071447101031783
2024-11-20,0.0573178341044497,0.051447327016986184,0.3857999999999997,0,0,GLOBAL,L1,0.7071447101031783
2024-11-21,0.012544911202622227,0.013274411146364573,0.3857999999999997,0,0,GLOBAL,L1,0.7071447101031783
2024-11-22,0.003344050411746007,0.0038248993501384426,0.3857999999999997,0,0,GLOBAL,L1,0.7071447101031783
2024-11-23,0.002825903562456461,0.003203818809443337,0.3857999999999997,0,0,GLOBAL,L1,0.7071447101031783
2024-11-24,0.23190095138424108,0.22306196769204292,0.3857999999999997,0,1,GLOBAL,L1,0.7071447101031783
2024-11-25,0.8939516979912123,0.8971610002311298,0.3857999999999997,1,1,GLOBAL,L1,0.7071447101031783
2024-11-26,0.5191480557903879,0.5398716132851203,0.3857999999999997,1,0,GLOBAL,L1,0.7071447101031783
2024-11-27,0.20079847630358227,0.18985319814368565,0.3857999999999997,0,0,GLOBAL,L1,0.7071447101031783
2024-11-28,0.028843146590407237,0.027644109540252315,0.3857999999999997,0,0,GLOBAL,L1,0.7071447101031783
2024-11-29,0.02607130201042915,0.024947721052907577,0.3857999999999997,0,0,GLOBAL,L1,0.7071447101031783
2024-11-30,0.012175983008830858,0.01275285017346823,0.3857999999999997,0,0,GLOBAL,L1,0.7071447101031783
2024-12-01,0.004436415782315487,0.005084904234825222,0.3857999999999997,0,0,GLOBAL,L1,0.7071447101031783
2024-12-02,0.003932455136629744,0.00432928662308817,0.3857999999999997,0,0,GLOBAL,L1,0.7071447101031783
2024-12-03,0.028645675850269742,0.029198758012701036,0.3857999999999997,0,0,GLOBAL,L1,0.7071447101031783
2024-12-04,0.0510408871425603,0.04886370795336828,0.3857999999999997,0,0,GLOBAL,L1,0.7071447101031783
2024-12-05,0.030101728353491605,0.02980997555943594,0.3857999999999997,0,0,GLOBAL,L1,0.7071447101031783
2024-12-06,0.018997575271218953,0.019095480170130488,0.3857999999999997,0,0,GLOBAL,L1,0.7071447101031783
2024-12-07,0.03494679064848391,0.03529321262383416,0.3857999999999997,0,0,GLOBAL,L1,0.7071447101031783
2024-12-08,0.017196103246618674,0.018266553220635768,0.3857999999999997,0,0,GLOBAL,L1,0.7071447101031783
2024-12-09,0.01456971873381036,0.015639801185241605,0.3857999999999997,0,0,GLOBAL,L1,0.7071447101031783
2024-12-10,0.019638912246408128,0.02084499442099765,0.3857999999999997,0,0,GLOBAL,L1,0.7071447101031783
2024-12-11,0.020118105770519774,0.020917128382775426,0.3857999999999997,0,0,GLOBAL,L1,0.7071447101031783
2024-12-12,0.022250459221015574,0.02324978081709368,0.3857999999999997,0,0,GLOBAL,L1,0.7071447101031783
2024-12-13,0.031272859808852554,0.03122411638585067,0.3857999999999997,0,0,GLOBAL,L1,0.7071447101031783
2024-12-14,0.026924411013361994,0.027516130400233717,0.3857999999999997,0,0,GLOBAL,L1,0.7071447101031783
2024-12-15,0.19698523220871744,0.21184723886420728,0.3857999999999997,0,0,GLOBAL,L1,0.7071447101031783
2024-12-16,0.13209071474301715,0.13588605465129236,0.3857999999999997,0,0,GLOBAL,L1,0.7071447101031783
2024-12-17,0.018609204490589577,0.01902065577134539,0.3857999999999997,0,0,GLOBAL,L1,0.7071447101031783
2024-12-18,0.024411983048071854,0.025517096955891872,0.3857999999999997,0,0,GLOBAL,L1,0.7071447101031783
2024-12-19,0.07302341521326801,0.07158787638568452,0.3857999999999997,0,0,GLOBAL,L1,0.7071447101031783
2024-12-20,0.014140085997077218,0.014897653126068625,0.3857999999999997,0,0,GLOBAL,L1,0.7071447101031783
2024-12-21,0.020959196570181315,0.022102298816153637,0.3857999999999997,0,0,GLOBAL,L1,0.7071447101031783
2024-12-22,0.10759502293487119,0.10901609841006121,0.3857999999999997,0,0,GLOBAL,L1,0.7071447101031783
2024-12-23,0.04291901117353714,0.04462375912328717,0.3857999999999997,0,0,GLOBAL,L1,0.7071447101031783
2024-12-24,0.004081065391209676,0.004727955580919431,0.3857999999999997,0,0,GLOBAL,L1,0.7071447101031783
2024-12-25,0.0023653084199487607,0.002809399881964984,0.3857999999999997,0,0,GLOBAL,L1,0.7071447101031783
2024-12-26,0.002496677159730647,0.0029071384623350805,0.3857999999999997,0,0,GLOBAL,L1,0.7071447101031783
2024-12-27,0.007905247598206775,0.008100846879436789,0.3857999999999997,0,0,GLOBAL,L1,0.7071447101031783
2024-12-28,0.032320591573561895,0.03213675594773372,0.3857999999999997,0,0,GLOBAL,L1,0.7071447101031783
2024-12-29,0.019316033396787023,0.01922378723108747,0.3857999999999997,0,0,GLOBAL,L1,0.7071447101031783
2024-12-30,0.012593637442434772,0.01308502383936027,0.3857999999999997,0,0,GLOBAL,L1,0.7071447101031783
2024-12-31,0.01258423902363822,0.013339033040521744,0.3857999999999997,0,0,GLOBAL,L1,0.7071447101031783
