rule_name,rule_type,n_folds_successful,f1_mean,precision_mean,recall_mean,accuracy_mean,f1_std,precision_std,recall_std,accuracy_std,f1_min,f1_max,f1_stability,tp_total,fp_total,tn_total,fn_total
anom_swh_p75_deseasonalized_detrended > threshold,single,6,0.2111315887761552,0.17721712329644826,0.7929563492063493,0.85662100456621,0.18739424568512372,0.18854636982271625,0.30889597879879405,0.11064785309601918,0.045454545454545456,0.5142857142857142,1.1266645960213695,32,295,1844,19
anom_swh_max_swan > threshold,single,6,0.25559904204706185,0.2500846120085751,0.7802579365079364,0.8963470319634702,0.19557368827269805,0.2771025941244788,0.28001771907680517,0.08386277054498219,0.0594059405940594,0.5,1.3069126905147832,31,207,1932,20
anom_swh_p80_swan > threshold,single,6,0.25993663341489426,0.2603973912797442,0.7135912698412697,0.9100456621004566,0.21089140723454586,0.2767150988677245,0.28072539677379027,0.06260538747235903,0.05333333333333334,0.6,1.2325556753013087,29,175,1964,22
anom_swh_p80_deseasonalized_detrended > threshold,single,6,0.21090108018893786,0.17366652763997584,0.7929563492063493,0.8684931506849315,0.1841530906344464,0.18353737401697348,0.30889597879879405,0.08367609498661294,0.046511627906976744,0.5142857142857142,1.1452424405145871,32,269,1870,19
anom_swh_median > threshold,single,6,0.2699646906519277,0.26303661616161617,0.6691468253968255,0.9278538812785389,0.21198107754822848,0.27750486336389707,0.3064084095992913,0.03794957362391992,0.05555555555555555,0.5806451612903226,1.2735260158515405,29,136,2003,22
swh_p80_deseasonalized_detrended > threshold,single,6,0.21448315351019206,0.17569090477721142,0.7366071428571429,0.8835616438356165,0.1844221008400448,0.18470793495335328,0.2649962964486849,0.05836966851275891,0.04878048780487805,0.5,1.16299505069172,31,235,1904,20
anom_swh_p75_deseasonalized_detrended_max_2d > threshold,single,6,0.2138562091503268,0.1677574250367939,0.6810515873015873,0.8990867579908676,0.18452474163370564,0.17728902567602045,0.31315643451066855,0.04388410560172813,0.04,0.5142857142857142,1.1589505467201635,30,200,1939,21
anom_swh_p25_deseasonalized_detrended > threshold,single,6,0.20565021491193755,0.16294535268414656,0.7366071428571429,0.8771689497716895,0.17835785561390277,0.17079480908218794,0.2649962964486849,0.059330515668142264,0.044444444444444446,0.4864864864864865,1.1530137609601676,31,249,1890,20
swh_p75_deseasonalized_detrended > threshold,single,6,0.21162823649948673,0.1717956349206349,0.7366071428571429,0.8812785388127854,0.18093575111541046,0.17876549144242027,0.2649962964486849,0.05887968060919462,0.046511627906976744,0.4864864864864865,1.1696254917526385,31,240,1899,20
anom_swh_p75 > threshold,single,6,0.2595478595478595,0.2600034414292726,0.7135912698412697,0.910958904109589,0.21021221203384924,0.2766727449727517,0.28072539677379027,0.06026774563101976,0.05555555555555555,0.6,1.2346886146531373,29,173,1966,22
swh_p80_deseasonalized > threshold,single,6,0.24357006084284202,0.25486886407939036,0.7150793650793651,0.9059360730593607,0.19450572951809297,0.27886353810854114,0.294013075536694,0.0539848860695121,0.05405405405405406,0.5161290322580645,1.2522449040519454,29,184,1955,22
anom_swh_mean_waverys > threshold,single,6,0.19638001912511716,0.12604438997821352,0.7386904761904761,0.902283105022831,0.10641043122074517,0.0789866763499647,0.25699262586807214,0.028242664340893387,0.06060606060606061,0.3137254901960784,1.8454786001114547,31,194,1945,20
anom_swh_p75_deseasonalized_detrended_mean_2d > threshold,single,6,0.18821749732936585,0.13925110826489406,0.7239087301587301,0.8598173515981734,0.16894808631688166,0.1494020737498922,0.2394960035060904,0.07205878767343915,0.04395604395604396,0.46153846153846156,1.1140486251363577,30,286,1853,21
anom_swh_max_deseasonalized_detrended_mean_2d > threshold,single,6,0.2257069954827525,0.17817770318147877,0.7469246031746032,0.8858447488584474,0.1919144180108816,0.18507470304787565,0.22297857925482523,0.05847031517725473,0.047619047619047616,0.47368421052631576,1.1760753660237704,32,231,1908,19
anom_swh_max_deseasonalized > threshold,single,6,0.2476019628174929,0.2374272486772487,0.7594246031746031,0.9082191780821919,0.17788813605740003,0.24491281712551802,0.3031534042181286,0.05359649218446358,0.05405405405405406,0.4375,1.3918891749387012,29,179,1960,22
anom_swh_max_deseasonalized_detrended > threshold,single,6,0.2378542275093999,0.19414746517734568,0.8143849206349206,0.8767123287671232,0.20104745309123637,0.20497911910684252,0.24064127309483813,0.0779354545264618,0.047619047619047616,0.4827586206896552,1.1830691748792566,34,253,1886,17
anom_swh_median_deseasonalized_detrended > threshold,single,6,0.21802538573758956,0.17903810679994325,0.7485119047619048,0.8831050228310503,0.18455413426357992,0.18446239656854577,0.27297848783117346,0.05766890091707183,0.047619047619047616,0.4864864864864865,1.181356382240809,32,237,1902,19
anom_swh_min_waverys > threshold,single,6,0.1753758516275884,0.1051027919448972,0.7906746031746031,0.8726027397260273,0.1041317749387079,0.06878735079661841,0.17079980037020062,0.0331835001175666,0.06451612903225806,0.2857142857142857,1.6841561336554591,36,264,1875,15
swh_max_swan > threshold,single,6,0.2132131434457016,0.15924319548607976,0.6846230158730159,0.9095890410958906,0.15615586969448725,0.13703011345848376,0.32960723910022266,0.03021161370321145,0.046511627906976744,0.41025641025641024,1.3653779296603599,30,177,1962,21
swh_p75_swan > threshold,single,6,0.22508329936964974,0.15329538113695088,0.7492063492063492,0.9054794520547946,0.1626867579922869,0.1287991166646137,0.28045422610523674,0.028247093520618084,0.04878048780487805,0.4,1.3835294194681877,36,192,1947,15
anom_swh_p80_deseasonalized_detrended_max_2d > threshold,single,6,0.20266550268199615,0.16712629342202515,0.6595238095238095,0.9013698630136986,0.16180213437575808,0.16442282602308084,0.3337922011672692,0.04478425587222477,0.0425531914893617,0.4444444444444444,1.252543737572739,28,193,1946,23
anom_swh_mean_deseasonalized_detrended > threshold,single,6,0.21150126691040447,0.16973861606985297,0.7485119047619048,0.8789954337899544,0.17924387695157915,0.1736220643523715,0.27297848783117346,0.05745373797461654,0.043478260869565216,0.47368421052631576,1.1799571095554324,32,246,1893,19
swh_p75_deseasonalized_detrended_max_2d > threshold,single,6,0.2213495455047395,0.17078680046203884,0.7596230158730158,0.8789954337899544,0.19047655769783003,0.17919184608843233,0.25335067986470117,0.06888472543413368,0.044444444444444446,0.5142857142857142,1.162076772613203,33,247,1892,18
anom_swh_max_waverys > threshold,single,6,0.19188709492728728,0.12360829001695876,0.7573412698412699,0.8863013698630137,0.11433239752339258,0.09157485172258603,0.2139155753885209,0.056911172816002706,0.05714285714285714,0.34146341463414637,1.6783118413674993,33,231,1908,18
swh_p75_deseasonalized_detrended_max_3d > threshold,single,6,0.2042518521416854,0.17448658426919297,0.69375,0.8881278538812785,0.1738465223271294,0.18352135410320128,0.3495408694908858,0.06642164267484807,0.04081632653061224,0.47368421052631576,1.1748907859459974,31,225,1914,20
anom_swh_p25_deseasonalized_detrended_mean_2d > threshold,single,6,0.1780286739974546,0.12599947020236876,0.6794642857142857,0.8730593607305935,0.16146215325774366,0.14139454266627655,0.27765767670071545,0.051508792346523814,0.0425531914893617,0.46153846153846156,1.1025962915097254,30,257,1882,21
anom_swh_median_deseasonalized_detrended_max_3d > threshold,single,6,0.19844758127970288,0.1433036804747331,0.6912698412698411,0.893150684931507,0.15738087324412892,0.14988362534270358,0.26988561727086346,0.04665585305733261,0.05,0.45714285714285713,1.2609303548692252,31,214,1925,20
anom_swh_p80_waverys > threshold,single,6,0.17996219211838907,0.11017706414684876,0.7594246031746031,0.8821917808219178,0.10659146199993623,0.07228282791300115,0.21784752017086542,0.03373313747204684,0.06451612903225806,0.30303030303030304,1.6883200626184687,33,240,1899,18
swh_p75_waverys > threshold,single,6,0.17411733478806649,0.10632275498891353,0.7589285714285715,0.8561643835616438,0.1339245468801137,0.0916198812857581,0.2655522526099396,0.09873282325772222,0.04878048780487805,0.35714285714285715,1.3001054604162363,37,301,1838,14
anom_swh_p80_deseasonalized > threshold,single,6,0.23735564238942686,0.22237119826778387,0.7150793650793651,0.9050228310502284,0.18225138302026717,0.2243980647236061,0.294013075536694,0.056750477981337526,0.05405405405405406,0.5,1.3023458923060116,29,186,1953,22
anom_swh_median_deseasonalized_detrended_mean_2d > threshold,single,6,0.18390722470179835,0.13299238103548938,0.6683531746031747,0.880365296803653,0.1615969831251148,0.13995624289754657,0.2889794618068608,0.05089306887851871,0.045454545454545456,0.45,1.1380539604842157,29,240,1899,22
swh_max_deseasonalized_detrended > threshold,single,6,0.22698052400754107,0.18171504776658357,0.758829365079365,0.8803652968036529,0.1975514213596698,0.19280176221871687,0.2273280967820426,0.06147414492920585,0.043478260869565216,0.47368421052631576,1.148963512799945,33,244,1895,18
anom_swh_mean_deseasonalized_detrended_max_2d > threshold,single,6,0.2118179054707862,0.1650317745054587,0.6802579365079365,0.8958904109589042,0.18645192691854195,0.17900744071216793,0.29269750213980533,0.047072288427209924,0.05,0.5142857142857142,1.1360395836710344,30,207,1932,21
anom_swh_mean_swan > threshold,single,6,0.2672718871176094,0.26120527306967983,0.7247023809523809,0.9141552511415526,0.2132003987844966,0.27883682743128047,0.2600567240364173,0.05133362496556071,0.05555555555555555,0.5806451612903226,1.253612258837791,30,167,1972,21
swh_p80_waverys > threshold,single,6,0.1732829535322901,0.10546230257510986,0.7589285714285715,0.8547945205479452,0.13198740278889826,0.08974405966977927,0.2655522526099396,0.10221785263658975,0.047619047619047616,0.3508771929824561,1.312864993217913,37,304,1835,14
anom_swh_p25 > threshold,single,6,0.2546783039961511,0.23495546094416153,0.7127976190476191,0.9136986301369863,0.21052229528530797,0.25505465054856424,0.25833436196854676,0.04754036516619438,0.058823529411764705,0.6,1.2097393005890529,29,167,1972,22
swh_p80_swan > threshold,single,6,0.2180878739626064,0.15453118037729355,0.7046626984126984,0.9082191780821919,0.15849466579521512,0.13156967536020758,0.2891069447303327,0.026661349316609018,0.05,0.391304347826087,1.3759863581657028,32,182,1957,19
anom_swh_median_deseasonalized_detrended_max_2d > threshold,single,6,0.2133593624557697,0.15819528516896939,0.7024801587301587,0.8972602739726029,0.18219032859644785,0.1722294499867355,0.27145478587557514,0.04179317131661064,0.05263157894736842,0.5142857142857142,1.1710730916747347,32,206,1933,19
swh_p80_deseasonalized_detrended_max_3d > threshold,single,6,0.20130539151440494,0.16985721190639222,0.6461309523809523,0.9004566210045662,0.1644704571069987,0.1712768322345662,0.3174653707435115,0.03888738466144541,0.0425531914893617,0.43902439024390244,1.2239533537022385,27,194,1945,24
swh_max_waverys > threshold,single,6,0.17139579144908926,0.1027276575305003,0.8136904761904762,0.8388127853881278,0.12758604456598258,0.08505346642056395,0.1643094358305324,0.1087283553512911,0.047619047619047616,0.3384615384615385,1.3433635995890685,38,340,1799,13
anom_swe_p80 > threshold,single,6,0.1784027235341085,0.11332247138957753,0.7726190476190475,0.8826484018264841,0.10298194028587287,0.07152286664742102,0.30272290376280586,0.05378289911945178,0.06666666666666667,0.3188405797101449,1.7323522035676588,30,236,1903,21
swh_cv_deseasonalized_detrended_min_5d > threshold,single,6,0.06437525156690242,0.03883306660614325,0.4555555555555555,0.6283105022831049,0.08399990637201521,0.052861231638838886,0.3243226559850316,0.22012580491190795,0.0,0.20588235294117646,0.766363773288391,16,779,1360,35
anom_swh_median_deseasonalized > threshold,single,6,0.23880159554334854,0.20819950658660336,0.6706349206349206,0.9187214611872146,0.1910649531927984,0.2179823803983127,0.31887581254250214,0.036125619185610566,0.058823529411764705,0.5333333333333333,1.2498385586383445,29,156,1983,22
clima_swh_mean_deseasonalized_detrended_min_5d > threshold,single,6,0.062416860540339784,0.035794634541391396,0.5689484126984127,0.6452054794520549,0.05820643965494572,0.03597677344765563,0.39333672326933833,0.16926762646061763,0.0,0.16091954022988506,1.0723175750444882,24,750,1389,27
anom_swh_p80_deseasonalized_detrended_max_3d > threshold,single,6,0.2013906899079154,0.16841241196079904,0.6461309523809523,0.9031963470319635,0.15894499901760528,0.16709004334293054,0.3174653707435115,0.038810099289270844,0.0425531914893617,0.42857142857142855,1.2670384353972246,27,188,1951,24
anom_swh_p25_deseasonalized_detrended_max_2d > threshold,single,6,0.21559740881146308,0.1671470512324171,0.6802579365079365,0.9009132420091325,0.1863057482357414,0.1832968879273427,0.29269750213980533,0.04371272728912288,0.047619047619047616,0.5294117647058824,1.1572173893489839,30,196,1943,21
anom_swh_mean_deseasonalized_detrended_max_3d > threshold,single,6,0.19652442260981393,0.1418070205221908,0.6912698412698411,0.8926940639269406,0.1568582649541394,0.1495880637226222,0.26988561727086346,0.044054817238005015,0.05263157894736842,0.45714285714285713,1.2528709902298174,31,215,1924,20
swh_p80_deseasonalized_detrended_max_2d > threshold,single,6,0.21249677231532482,0.16509388419952498,0.6936507936507935,0.8958904109589042,0.17800863718463794,0.1697394837430199,0.3151023541251443,0.041405228465342586,0.043478260869565216,0.47058823529411764,1.1937374609382276,31,208,1931,20
anom_swh_min_deseasonalized_detrended > threshold,single,6,0.20518957964267567,0.16003532286427025,0.6795634920634921,0.8863013698630136,0.18490928929283693,0.16807952747782853,0.303102267403121,0.05373635800730882,0.034482758620689655,0.5,1.1096709676210772,30,228,1911,21
anom_swe_max > threshold,single,6,0.1761235486628705,0.11349019167415392,0.6933531746031747,0.8968036529680367,0.10467788656641885,0.08040896315645282,0.27772317348794406,0.030294317426797022,0.06451612903225806,0.3111111111111111,1.682512629240854,27,202,1937,24
swh_mean_waverys > threshold,single,6,0.17009697197703968,0.11169769856978973,0.6630952380952381,0.8931506849315068,0.12657020249491777,0.09477902882240177,0.3508452702091307,0.03161980941644606,0.046511627906976744,0.3333333333333333,1.3438836688295634,28,211,1928,23
swh_p25_deseasonalized_detrended > threshold,single,6,0.2066789293082397,0.1627199844965962,0.6810515873015873,0.8949771689497715,0.17236652404010133,0.16295574709972704,0.31315643451066855,0.05159615302949967,0.05,0.46153846153846156,1.1990595702944356,30,209,1930,21
swh_cv_deseasonalized_detrended_min_7d > threshold,single,6,0.053708969048719,0.03017252283812166,0.5214285714285714,0.6278538812785388,0.05903571821918594,0.03445905382271673,0.32595577235704815,0.16900727146921873,0.0,0.14678899082568808,0.9097553297138473,18,782,1357,33
anom_swh_p75_deseasonalized_detrended_max_3d > threshold,single,6,0.2069087289059929,0.1811099526560053,0.6357142857142857,0.9077625570776257,0.16516743814804397,0.18404325891399495,0.32175468465510443,0.04142939259256166,0.046511627906976744,0.45714285714285713,1.2527134798025772,26,177,1962,25
anom_swh_p75_deseasonalized > threshold,single,6,0.23197749473611542,0.20513955984970478,0.7150793650793651,0.9036529680365297,0.17873899952187924,0.20228954442904315,0.294013075536694,0.05613207668661417,0.05405405405405406,0.5,1.2978488047255448,29,189,1950,22
anom_swh_p25_deseasonalized > threshold,single,6,0.23561764158406626,0.20879136347886348,0.6587301587301587,0.9178082191780822,0.19241665661302043,0.22997458354487668,0.3117744790305235,0.04089448363188011,0.05263157894736842,0.5517241379310345,1.224511542918991,28,157,1982,23
swh_p80_deseasonalized_detrended_mean_2d > threshold,single,6,0.19759872939433776,0.14647178004394149,0.735813492063492,0.8684931506849315,0.17121610259243517,0.1538169754016074,0.24069427189026768,0.06852601951063444,0.045454545454545456,0.47368421052631576,1.1540828947719164,31,268,1871,20
anom_swh_mean_deseasonalized > threshold,single,6,0.2309368801945684,0.17830319322254806,0.7470238095238096,0.898173515981735,0.18261373195687164,0.16713805939577717,0.2579174290868249,0.048991837714379934,0.04878048780487805,0.5,1.2646125409482794,32,204,1935,19
anom_swh_mean_deseasonalized_detrended_mean_2d > threshold,single,6,0.18443941436135228,0.133577630946052,0.6683531746031747,0.8794520547945206,0.16323355398705083,0.1405003147686947,0.2889794618068608,0.04764288245322556,0.043478260869565216,0.45,1.1299042381430073,29,242,1897,22
swh_max_deseasonalized > threshold,single,6,0.24939688948584526,0.19329850036371776,0.758829365079365,0.9105022831050228,0.1865943125902018,0.17904794064603324,0.2273280967820426,0.03258623579819156,0.05263157894736842,0.45161290322580644,1.3365656726520643,33,178,1961,18
swh_p80_deseasonalized_detrended_std_2d > threshold,single,6,0.12414063757393057,0.08427119494521455,0.5171626984126984,0.8853881278538812,0.07654983585347726,0.06549913657268944,0.2778558209527729,0.04315974392115834,0.05714285714285714,0.24390243902439024,1.6216757947822145,18,218,1921,33
anom_swh_p75_deseasonalized_detrended_std_2d > threshold,single,6,0.11668688138142473,0.07505596255596256,0.5513888888888888,0.8611872146118723,0.07276526022950518,0.05683212700510779,0.25768287285530433,0.06263535415335984,0.043478260869565216,0.2153846153846154,1.6035849721202338,21,274,1865,30
anom_cv > threshold,single,6,0.1091017059381376,0.061531672706072044,0.8243055555555555,0.65662100456621,0.09520448601559961,0.05574113799182159,0.25860760529906796,0.18452551409791385,0.013986013986013986,0.22608695652173913,1.1459602855266247,43,744,1395,8
swh_mean_swan > threshold,single,6,0.23938951304174458,0.16881284835084723,0.7380952380952381,0.9123287671232877,0.17994143926469183,0.1455198449486937,0.2825218471274539,0.02425856835197662,0.05,0.4444444444444444,1.330367166411517,35,176,1963,16
anom_swh_p80_deseasonalized_detrended_std_7d > threshold,single,6,0.15959417899649836,0.11682942908124584,0.6847222222222221,0.8168949771689498,0.12750489253487976,0.1146543411841928,0.346025716235508,0.15542160933981458,0.015151515151515152,0.3157894736842105,1.2516612042289788,30,380,1759,21
anom_swh_max_deseasonalized_detrended_min_2d > threshold,single,6,0.17226581214136308,0.1302997916826419,0.6912698412698411,0.869406392694064,0.14383561073461795,0.1314963239658782,0.2858795818147282,0.0563522861903498,0.04081632653061224,0.41025641025641024,1.1976492720563174,27,262,1877,24
swh_median_swan > threshold,single,6,0.23578139114724483,0.16524073199003228,0.7380952380952381,0.9105022831050228,0.1771285397108183,0.1421055882460023,0.2825218471274539,0.02699244303475602,0.047619047619047616,0.4444444444444444,1.3311240549271541,35,180,1959,16
swh_min_waverys > threshold,single,6,0.18829558613957717,0.12511958628150532,0.6853174603174604,0.8990867579908676,0.14650907262485927,0.11268904535547017,0.33996937526031723,0.03561292571368272,0.046511627906976744,0.4186046511627907,1.2852057388689595,30,200,1939,21
swh_p60_deseasonalized_detrended > threshold,single,6,0.21532935828607144,0.17632252697551207,0.7485119047619048,0.8776255707762557,0.18825925330685694,0.18579697278291668,0.27297848783117346,0.060761828064967806,0.044444444444444446,0.5,1.1437855548568339,32,249,1890,19
anom_swh_p80_deseasonalized_detrended_max_5d > threshold,single,6,0.20141154148908838,0.15214834916327455,0.656547619047619,0.9013698630136986,0.16790262861887906,0.14909091643997566,0.3151896722268324,0.04314524862472226,0.0392156862745098,0.4878048780487805,1.199566341393778,28,193,1946,23
swh_median_deseasonalized_detrended_max_3d > threshold,single,6,0.20884116539112604,0.16365950818755196,0.6912698412698411,0.8922374429223745,0.18345246969967854,0.19455861644111505,0.26988561727086346,0.041138486296070344,0.045454545454545456,0.5161290322580645,1.1383876561888324,31,216,1923,20
swh_p25_waverys > threshold,single,6,0.18859315378624322,0.12580895897870717,0.7408730158730158,0.8858447488584474,0.1511773408573588,0.11813673193340687,0.2952396953361658,0.04021584349084314,0.05405405405405406,0.42857142857142855,1.247487918683976,31,230,1909,20
anom_swh_p80_deseasonalized_detrended_max_14d > threshold,single,6,0.1602205082355942,0.11205325176675696,0.6906746031746032,0.8205479452054796,0.1534290034197875,0.12086792409670627,0.28875408397605323,0.09580034909563515,0.023255813953488372,0.38461538461538464,1.0442579982040914,31,373,1766,20
swh_p80_deseasonalized_detrended_std_14d > threshold,single,6,0.12379768592201368,0.07818953103429292,0.6325396825396825,0.8022831050228311,0.10953715414553045,0.07440970817038214,0.29277647617897734,0.0772275587330076,0.01834862385321101,0.27586206896551724,1.1301786750718683,26,408,1731,25
anom_swh_median_deseasonalized_detrended_mean_3d > threshold,single,6,0.17306984559352281,0.12780204012146226,0.6468253968253969,0.8799086757990867,0.14726969433944787,0.13400545467711286,0.30728740292595236,0.05823233802380143,0.043478260869565216,0.42105263157894735,1.1751818402825605,27,239,1900,24
swh_median_deseasonalized_detrended > threshold,single,6,0.21362058115169077,0.17441655566655567,0.7485119047619048,0.8789954337899543,0.18166464887122372,0.17997386245252756,0.27297848783117346,0.059229218562457484,0.046511627906976744,0.47368421052631576,1.1758996952864698,32,246,1893,19
swh_median_deseasonalized_detrended_mean_2d > threshold,single,6,0.19127543874053388,0.15330522530037755,0.6572420634920635,0.8785388127853881,0.17010867783374636,0.16338745884442202,0.30233417726583334,0.05803220042125027,0.034482758620689655,0.43902439024390244,1.1244242019403121,28,243,1896,23
anom_swh_p80_deseasonalized_detrended_mean_2d > threshold,single,6,0.18991520591328037,0.14115432634641736,0.7239087301587301,0.8621004566210044,0.17121228381808887,0.15393634809974158,0.2394960035060904,0.07158326188955408,0.044444444444444446,0.47368421052631576,1.1092317236030702,30,281,1858,21
anom_swe_mean > threshold,single,6,0.1807990184801779,0.1101974213321731,0.7386904761904761,0.8926940639269406,0.098511542474238,0.06632640644967215,0.25699262586807214,0.035146175376353714,0.07142857142857142,0.34285714285714286,1.8352893341216792,31,215,1924,20
anom_swh_max_deseasonalized_detrended_max_2d > threshold,single,6,0.22635105484900753,0.1760608105916024,0.8039682539682539,0.869406392694064,0.18464305599047828,0.17544283875609967,0.25466917167031455,0.10009065759868682,0.04838709677419355,0.47058823529411764,1.2258778309152827,33,268,1871,18
swh_p60_deseasonalized > threshold,single,6,0.24141930318400906,0.2133596801943576,0.6706349206349206,0.9196347031963471,0.19374033095169443,0.22226818366127846,0.31887581254250214,0.03472722071567405,0.058823529411764705,0.5333333333333333,1.2460908676435292,29,154,1985,22
swh_median_deseasonalized > threshold,single,6,0.24280513329737685,0.21120837283825397,0.6706349206349206,0.9214611872146118,0.19272427750066998,0.21768822541103017,0.31887581254250214,0.031508834561238847,0.058823529411764705,0.5333333333333333,1.2598509985102124,29,150,1989,22
anom_swh_p25_deseasonalized_detrended_max_5d > threshold,single,6,0.19787959213788384,0.1446162325262533,0.7024801587301587,0.8808219178082192,0.1764468548604735,0.1698093395914208,0.27145478587557514,0.05320291177868139,0.038461538461538464,0.5142857142857142,1.1214621582923607,32,242,1897,19
swh_iqr_deseasonalized_detrended_max_14d > threshold,single,6,0.11600360693827433,0.07173608911413788,0.6246031746031746,0.8470319634703195,0.06875024310944937,0.04717048531380812,0.3129178989591999,0.05389443380926681,0.034482758620689655,0.19753086419753085,1.6872946828554212,24,308,1831,27
anom_swh_mean_deseasonalized_detrended_max_14d > threshold,single,6,0.16604835118109454,0.11584138486312401,0.6906746031746032,0.8351598173515983,0.1546122883814809,0.12055319177681664,0.28875408397605323,0.06895007408685085,0.02666666666666667,0.38461538461538464,1.0739591203273529,31,341,1798,20
swh_p75_deseasonalized_detrended_std_3d > threshold,single,6,0.12781262465751797,0.08513694168028406,0.6220238095238095,0.8648401826484018,0.08058093232788895,0.06626620090577919,0.31693843511844505,0.04124781658679895,0.045454545454545456,0.23255813953488372,1.5861201260035154,21,266,1873,30
anom_swh_p75_deseasonalized_detrended_min_2d > threshold,single,6,0.15899546296404285,0.11538025179329525,0.6357142857142857,0.8726027397260275,0.13782480006283018,0.12105301307871397,0.32175468465510443,0.05984279148109616,0.043478260869565216,0.4,1.1535972429803572,26,254,1885,25
swh_p60_deseasonalized_detrended_max_2d > threshold,single,6,0.2179312534151244,0.16836246574754235,0.7040674603174603,0.8963470319634702,0.18763411894710194,0.17853091786303874,0.3083816878490107,0.047276484546947675,0.044444444444444446,0.5142857142857142,1.1614630280196296,32,208,1931,19
clima_swh_mean_swan > threshold,single,6,0.0871594383287189,0.04994423640839533,0.7867063492063493,0.6968036529680365,0.07056591802974402,0.04049152037176064,0.3489621936869765,0.1814821211724395,0.02702702702702703,0.21138211382113822,1.2351317127379875,31,644,1495,20
clima_swh_mean_deseasonalized_detrended_min_7d > threshold,single,6,0.06315036247736942,0.03498908400516304,0.6307539682539682,0.5835616438356164,0.07318008143936526,0.04138494804263893,0.4154270107792203,0.1159393011936355,0.0,0.19718309859154928,0.8629328951594291,30,891,1248,21
anom_swh_p80_deseasonalized_detrended_max_7d > threshold,single,6,0.1946777634177745,0.147223421978531,0.6438492063492064,0.8872146118721461,0.18273917375156934,0.16222133534922373,0.30070817460391824,0.04489864039061764,0.03225806451612903,0.5128205128205128,1.0653254805505112,27,223,1916,24
swh_p75_deseasonalized_detrended_std_2d > threshold,single,6,0.1208428826075885,0.08160329284468833,0.5275793650793651,0.8721461187214613,0.07476693825488485,0.06452648981850435,0.26970044761492074,0.07177175863866789,0.05714285714285714,0.22727272727272727,1.6162393323677533,19,248,1891,32
anom_swh_min_swan > threshold,single,6,0.22480020755882824,0.18043333450803742,0.7121031746031745,0.9050228310502283,0.18244857791709224,0.17869560493397726,0.27343703096277666,0.04612731056146078,0.05128205128205128,0.5405405405405406,1.232122376632632,29,186,1953,22
anom_swh_p25_deseasonalized_detrended_max_3d > threshold,single,6,0.21017018165511173,0.1659869497958376,0.669047619047619,0.9,0.17712027783896556,0.19241861697780724,0.28402277063707904,0.04563926369577447,0.046511627906976744,0.5161290322580645,1.1865891225457026,29,197,1942,22
swh_mean_deseasonalized_detrended > threshold,single,6,0.21169197773594975,0.17179623276548292,0.7485119047619048,0.8757990867579909,0.1836412630009268,0.17965516240489118,0.27297848783117346,0.06166919823245345,0.043478260869565216,0.4864864864864865,1.152741064484058,32,253,1886,19
anom_swh_p75_deseasonalized_detrended_max_7d > threshold,single,6,0.20128286180917762,0.15314064634818345,0.6438492063492064,0.8931506849315068,0.18535393241446607,0.16784612670492557,0.30070817460391824,0.04417675478519753,0.03333333333333333,0.5263157894736842,1.0859320504031456,27,210,1929,24
swh_p75_deseasonalized_detrended_mean_2d > threshold,single,6,0.19516713910196648,0.14328948824272383,0.735813492063492,0.8657534246575342,0.1677676204125536,0.14801003596245865,0.24069427189026768,0.07198757216401093,0.043010752688172046,0.46153846153846156,1.163311342860412,31,274,1865,20
swh_max_deseasonalized_detrended_min_2d > threshold,single,6,0.17417189206477568,0.13291907017786478,0.6912698412698411,0.8703196347031964,0.14682278547728053,0.1365715728437799,0.2858795818147282,0.060016052563746106,0.045454545454545456,0.42105263157894735,1.186264824180868,27,260,1879,24
anom_swh_min_deseasonalized_detrended_std_7d > threshold,single,6,0.14370866184775957,0.10240567587058814,0.652281746031746,0.7785388127853881,0.119013878483315,0.10129103330194336,0.28738608525682685,0.1842792488555521,0.010526315789473684,0.3181818181818182,1.2074848428963985,26,460,1679,25
swh_p80_deseasonalized_detrended_std_3d > threshold,single,6,0.12953486287046653,0.09371170518809968,0.6160714285714286,0.8730593607305938,0.09139439765639217,0.07395569211770421,0.35226329277635743,0.046094753933081926,0.047619047619047616,0.24390243902439024,1.4173018137900395,20,247,1892,31
swh_p75_deseasonalized_detrended_max_5d > threshold,single,6,0.19305308276804908,0.14489797005535585,0.6669642857142857,0.882191780821918,0.1783440110711681,0.15072633106396982,0.31497123784392483,0.05460240292976709,0.02857142857142857,0.5,1.0824697680554225,29,236,1903,22
swh_p60 > threshold,single,6,0.2330728596331433,0.16085514718843644,0.7380952380952381,0.9114155251141552,0.1691871770066172,0.13346036009068984,0.2825218471274539,0.02579807651474982,0.05,0.425531914893617,1.37759543105679,35,178,1961,16
anom_swh_mean_deseasonalized_detrended_max_5d > threshold,single,6,0.19979843552404009,0.14870370179731496,0.6669642857142857,0.8949771689497718,0.17359918824860834,0.1477354908911648,0.31497123784392483,0.045898929216909856,0.041666666666666664,0.5,1.1509113990009845,29,208,1931,22
duration_intensity_p60_waverys > threshold,single,6,0.17942819887534925,0.12002205117093893,0.6742063492063491,0.8949771689497718,0.1403404314438248,0.1095276514970297,0.3443763190621031,0.03402852960270064,0.045454545454545456,0.3902439024390244,1.278511962072796,29,208,1931,22
anom_swh_min_deseasonalized_detrended_max_14d > threshold,single,6,0.1768001945157641,0.15237647570443702,0.5649801587301587,0.8648401826484018,0.1691029284281953,0.17490496770376515,0.2704662390928673,0.078370851514918,0.02702702702702703,0.4117647058823529,1.0455120478814706,26,271,1868,25
swh_cv_deseasonalized_detrended_min_3d > threshold,single,6,0.06888906525973125,0.04140023872496099,0.5510912698412698,0.7022831050228312,0.05471276624753205,0.04000775699466597,0.2944378595828103,0.20281129182401111,0.01818181818181818,0.16666666666666666,1.259081031784,21,622,1517,30
swh_min_deseasonalized_detrended > threshold,single,6,0.2087465120936973,0.1622749157817689,0.6795634920634921,0.8922374429223744,0.18318445565801486,0.16681954248380013,0.303102267403121,0.050952029781332626,0.037037037037037035,0.5,1.1395364950992717,30,215,1924,21
anom_swh_p75_deseasonalized_detrended_max_5d > threshold,single,6,0.20221857161821322,0.1503508399013992,0.6669642857142857,0.8981735159817351,0.17361112377594384,0.14743008621572035,0.31497123784392483,0.041852995526043706,0.041666666666666664,0.5,1.164772178463686,29,201,1938,22
swh_p25_deseasonalized > threshold,single,6,0.24033070326173775,0.21491603690060912,0.6587301587301587,0.9200913242009131,0.1940349082385241,0.2321366369784977,0.3117744790305235,0.03856758431740397,0.05,0.5517241379310345,1.2385888026782366,28,152,1987,23
anom_swh_p75_deseasonalized_detrended_max_14d > threshold,single,6,0.16431171883958262,0.11466444258933102,0.7144841269841269,0.8168949771689498,0.15350351564331363,0.12192594169485499,0.30366284026751583,0.12073978094209603,0.025,0.39215686274509803,1.0704031614378096,33,383,1756,18
swh_p80_deseasonalized_detrended_max_5d > threshold,single,6,0.1929465656674633,0.14425015301176292,0.6907738095238095,0.8757990867579908,0.17965729195332172,0.15128845287406187,0.32451860169457925,0.06088523587214809,0.028985507246376812,0.5,1.0739641547833154,31,252,1887,20
swh_p75_deseasonalized_detrended_min_2d > threshold,single,6,0.17301525642148932,0.13725140814924097,0.6912698412698411,0.8461187214611873,0.15651478620540824,0.14864570976721841,0.2858795818147282,0.09963591693864551,0.03333333333333333,0.43243243243243246,1.1054172912272728,27,313,1826,24
anom_swh_p80_deseasonalized_detrended_std_14d > threshold,single,6,0.13647594042330882,0.08584365057300464,0.5715277777777777,0.8534246575342466,0.11237977734815745,0.0766696671821682,0.22454300297534366,0.03503208726724498,0.027777777777777776,0.2807017543859649,1.2144064460464103,27,297,1842,24
anom_swh_mean_deseasonalized_detrended_max_7d > threshold,single,6,0.20332457650149469,0.16087463261376303,0.668452380952381,0.8831050228310501,0.1906000706835526,0.17375853046143117,0.3191308970915509,0.054179193426192235,0.030303030303030304,0.5263157894736842,1.0667546397945813,29,234,1905,22
anom_swh_min_deseasonalized > threshold,single,6,0.21975442758535083,0.18704278720035025,0.6468253968253969,0.9086757990867581,0.18268132034928122,0.20136629457485747,0.30728740292595236,0.044267281016988354,0.04,0.5161290322580645,1.2029321018322365,27,176,1963,24
anom_swh_p75_deseasonalized_detrended_std_7d > threshold,single,6,0.16372216372216372,0.11139554304450366,0.7263888888888888,0.8105022831050229,0.13092928065616155,0.10673157383836118,0.3149257702074264,0.15445268758286473,0.015151515151515152,0.32432432432432434,1.250453011340574,34,398,1741,17
swh_max_deseasonalized_detrended_max_3d > threshold,single,6,0.21380001778552504,0.17373498080019822,0.7366071428571429,0.8703196347031964,0.1759606283919238,0.1741221156500209,0.2649962964486849,0.09261192572849108,0.034782608695652174,0.42857142857142855,1.215037731461105,31,264,1875,20
swh_min_deseasonalized_detrended_min_14d > threshold,single,6,0.09277153434795211,0.051788145232870786,0.854563492063492,0.5748858447488584,0.09455338643893291,0.055564982619492144,0.13095328282517724,0.16329701790539886,0.016260162601626018,0.25688073394495414,0.981144691873896,42,922,1217,9
clima_swh_mean_deseasonalized_detrended_max_14d > threshold,single,5,0.07387459075541992,0.04065201227716761,0.6992857142857142,0.6334246575342466,0.05795864815268802,0.03447900597242682,0.366453633228165,0.252132209671955,0.016736401673640166,0.16494845360824742,1.2745865979173272,25,646,1131,23
swh_sd_deseasonalized_detrended_max_14d > threshold,single,6,0.10431211298569283,0.06282824246694425,0.5711309523809524,0.8388127853881279,0.0507357408817925,0.03375851946930922,0.345378409499348,0.07409257985582379,0.027777777777777776,0.16901408450704225,2.0559482373674993,19,321,1818,32
swh_p60_deseasonalized_detrended_max_3d > threshold,single,6,0.2022871903380378,0.17674547016652278,0.6833333333333332,0.8917808219178082,0.16532195403221864,0.18545884617164252,0.35512126254437526,0.07250186841213224,0.05,0.45714285714285713,1.2235880463315183,30,216,1923,21
anom_swh_p25_deseasonalized_detrended_lag_1d > threshold,single,6,0.14882803520981105,0.1183843899391574,0.6022817460317461,0.7995433789954337,0.13956500353888548,0.13208667578954336,0.3403888534060034,0.20246865748870377,0.00909090909090909,0.3888888888888889,1.066363092988795,23,411,1728,28
swh_range_deseasonalized_detrended_lag_7d > threshold,single,6,0.08908237152162983,0.06228063101592235,0.5481150793650794,0.7589041095890411,0.08651398186200585,0.0742279059765934,0.3678572231211707,0.16918113246653987,0.013333333333333334,0.2564102564102564,1.0296756654670407,17,494,1645,34
anom_swh_p25_deseasonalized_detrended_max_7d > threshold,single,6,0.2072939724780949,0.15157876413710034,0.6899801587301587,0.8817351598173516,0.20004921265132541,0.1739451346433758,0.3019237302200548,0.05234000214087775,0.029411764705882353,0.5641025641025641,1.0362097082065835,31,239,1900,20
swh_sd_deseasonalized_detrended > threshold,single,6,0.09945774257214934,0.07339025112523097,0.4437499999999999,0.8666666666666667,0.09325610835767663,0.07424419377198932,0.31769296410912923,0.04622484286700917,0.02702702702702703,0.2222222222222222,1.066489668441047,15,256,1883,36
anom_swe_range > threshold,single,6,0.09455688909904879,0.05469483291271795,0.6572420634920635,0.7493150684931505,0.05746226689386335,0.03828142353116101,0.30233417726583334,0.22692309037925087,0.037037037037037035,0.1694915254237288,1.6455188542221006,28,526,1613,23
swh_p25_swan > threshold,single,6,0.23057477780384183,0.150956200662083,0.7804563492063492,0.9009132420091325,0.1744902384498656,0.12737772372542994,0.25656085389203676,0.029478060091731782,0.044444444444444446,0.4489795918367347,1.3214117789076842,39,205,1934,12
swh_p75_deseasonalized_detrended_lag_7d > threshold,single,6,0.10181811134124148,0.08914847675093578,0.5249007936507937,0.7634703196347031,0.08711729728064838,0.09703351762493795,0.3786332715035666,0.22735874680732368,0.016260162601626018,0.21428571428571427,1.1687339459039034,16,483,1656,35
swh_median_deseasonalized_detrended_max_2d > threshold,single,6,0.21374599635469202,0.1672590974916556,0.6802579365079365,0.8981735159817351,0.18562201875182827,0.1798989202742719,0.29269750213980533,0.050262337996550305,0.05128205128205128,0.5142857142857142,1.1515058735278043,30,202,1937,21
clima_swh_mean_waverys > threshold,single,6,0.08678083360479005,0.050251933128645454,0.6382936507936509,0.7835616438356164,0.052833666753535326,0.032650970020476754,0.3602093878551993,0.17856625464986656,0.034482758620689655,0.1839080459770115,1.6424979835608273,26,449,1690,25
anom_swh_sd_deseasonalized_detrended_max_7d > threshold,single,6,0.11031724514998602,0.0636593385047322,0.8121031746031746,0.6675799086757991,0.08271179386985233,0.05035449240353767,0.21363713575770096,0.1964722973040511,0.007936507936507936,0.19753086419753085,1.333738590955699,34,711,1428,17
swh_cv_swan > threshold,single,6,0.05778879770766431,0.03718898649897206,0.4199404761904762,0.7452054794520547,0.04796304699628135,0.03195251543260926,0.31798725489298535,0.16287895893470006,0.011111111111111112,0.13114754098360656,1.204835732734243,13,520,1619,38
clima_swh_mean_deseasonalized_detrended_mean_5d > threshold,single,6,0.08010082721926716,0.055702197320808305,0.5655753968253968,0.6872146118721462,0.06361608956895753,0.058942940943967105,0.32288260554763637,0.2536661813425076,0.009302325581395349,0.1875,1.2591086414357597,23,657,1482,28
anom_swh_p25_deseasonalized_detrended_lag_7d > threshold,single,6,0.08789054125242723,0.06733534057242409,0.44156746031746036,0.8059360730593607,0.07123784072922203,0.0701093354631658,0.30001663234947323,0.11598353286637564,0.014705882352941176,0.1875,1.2337446869257478,15,389,1750,36
swh_iqr_deseasonalized_detrended_mean_2d > threshold,single,6,0.11115657538574365,0.08249336962463381,0.5097222222222222,0.8328767123287671,0.09247028086983096,0.07885449853827162,0.30733697876844973,0.10127355662157082,0.015503875968992248,0.23529411764705882,1.202065920793456,17,332,1807,34
anom_swh_p80_deseasonalized_detrended_min_2d > threshold,single,6,0.17245172753244106,0.1350425289095701,0.6357142857142857,0.8789954337899545,0.1498696706818323,0.14172348792515027,0.32175468465510443,0.06149245745933858,0.043478260869565216,0.42105263157894735,1.1506702862399754,26,240,1899,25
anom_swh_p80_deseasonalized_detrended_std_2d > threshold,single,6,0.11611776010665709,0.07455357988894575,0.5618055555555556,0.854337899543379,0.0733350219692283,0.057003655328062064,0.2502834041789575,0.06816175537078967,0.047619047619047616,0.21212121212121213,1.58336595016539,22,290,1849,29
anom_swh_min_deseasonalized_detrended_lag_5d > threshold,single,6,0.10068173230457943,0.06109224067888417,0.5174603174603175,0.8328767123287671,0.08464591152135281,0.05541296004414684,0.27241536024211777,0.04604044172624661,0.024390243902439025,0.2318840579710145,1.1894318468923903,22,337,1802,29
swh_iqr_deseasonalized_detrended_std_7d > threshold,single,6,0.13358667947445083,0.0820089722057143,0.766765873015873,0.734703196347032,0.10552996876027376,0.07049017491050243,0.25812214778740405,0.17653206621163978,0.011764705882352941,0.2857142857142857,1.2658528680610235,30,560,1579,21
swh_p75_deseasonalized_detrended_std_7d > threshold,single,6,0.1487853204494035,0.10020194927485047,0.7040674603174603,0.8155251141552511,0.12011272136766978,0.09764935028455783,0.3083816878490107,0.11960611739767596,0.017094017094017096,0.3157894736842105,1.2387037780135841,32,385,1754,19
anom_swh_max_deseasonalized_detrended_max_3d > threshold,single,6,0.21359662555482992,0.17809839884307968,0.7713293650793651,0.8639269406392694,0.1650745108440154,0.17288216872623113,0.30578335535464085,0.12348436871247918,0.041666666666666664,0.4117647058823529,1.2939328460213795,30,277,1862,21
anom_swh_p75_deseasonalized_detrended_std_14d > threshold,single,6,0.14063266435439084,0.09037356042715274,0.561111111111111,0.8611872146118721,0.11669416046864277,0.08197883309295582,0.22648685678488345,0.0350713469158482,0.02857142857142857,0.2857142857142857,1.2051285056690961,26,279,1860,25
anom_swh_median_deseasonalized_detrended_lag_1d > threshold,single,6,0.15660818494053005,0.11666824296441776,0.6808531746031745,0.8105022831050229,0.13854504973863277,0.12763174902610097,0.29522859447718913,0.17892249935203564,0.019801980198019802,0.3888888888888889,1.1303691822031123,26,390,1749,25
anom_swh_p80_deseasonalized_detrended_lag_5d > threshold,single,6,0.09094303142386273,0.05665977120027079,0.5777777777777777,0.7579908675799087,0.07580212588750056,0.048956447366499775,0.3538151850686813,0.21441164272593935,0.01606425702811245,0.2077922077922078,1.1997266650828002,21,500,1639,30
anom_swh_p25_deseasonalized_detrended_max_14d > threshold,single,6,0.19029834820999625,0.14470050364159762,0.6899801587301587,0.8616438356164382,0.16425433650199536,0.14982692657196375,0.3019237302200548,0.0780845950122834,0.02857142857142857,0.4230769230769231,1.1585519975339402,31,283,1856,20
swh_range_deseasonalized_detrended > threshold,single,6,0.10021273016629055,0.06460469524681985,0.5016865079365079,0.8374429223744292,0.09638354881500669,0.06165056604454436,0.32406336703509,0.07915232394528017,0.017543859649122806,0.23529411764705882,1.0397177908528823,20,325,1814,31
swh_p25_deseasonalized_detrended_max_2d > threshold,single,6,0.21695068633808293,0.16988489058391296,0.6802579365079365,0.9018264840182648,0.18781142998365938,0.18533306863331375,0.29269750213980533,0.045496503377769906,0.05,0.5294117647058824,1.1551455159648312,30,194,1945,21
day_of_year > threshold,single,6,0.07717548220552184,0.04770122628392548,0.7513888888888888,0.4753424657534246,0.08382368769315857,0.06015928250488606,0.31756087197167004,0.22840016504209318,0.008264462809917356,0.22641509433962265,0.9206772411490963,36,1134,1005,15
swh_p75_deseasonalized > threshold,single,6,0.23319725255209126,0.2162105119825708,0.6595238095238095,0.9182648401826484,0.18723092483314152,0.22216895269454454,0.3337922011672692,0.03557074694754389,0.05714285714285714,0.5161290322580645,1.24549941341421,28,156,1983,23
anom_swh_mean_deseasonalized_detrended_min_2d > threshold,single,6,0.15951802966470782,0.11903974997281286,0.6357142857142857,0.8643835616438356,0.13833244711741963,0.12114802974527693,0.32175468465510443,0.0605906995892301,0.03278688524590164,0.38095238095238093,1.15314143461853,26,272,1867,25
anom_swh_max_swan > t1 AND anom_swh_p75_deseasonalized_detrended > t2,and_2,6,0.27011018890885413,0.30112942612942617,0.7691468253968253,0.9068493150684932,0.21257527547849134,0.335640076542096,0.30177583262366575,0.07816626091883347,0.06451612903225806,0.6,1.2706506796248018,30,183,1956,21
anom_swh_max_swan > t1 AND anom_swh_p80_swan > t2,and_2,6,0.26996446339729924,0.30102136973206156,0.7135912698412697,0.9150684931506848,0.2127244731771504,0.33557882932855315,0.28072539677379027,0.0632396188328921,0.05333333333333334,0.6,1.2690744524633502,29,164,1975,22
anom_swh_max_swan > t1 OR anom_swh_p80_swan > t2,or_2,6,0.24596122615924598,0.2215103065440115,0.7802579365079364,0.891324200913242,0.19003201721093363,0.22814773914165595,0.28001771907680517,0.08264108547550345,0.05128205128205128,0.5,1.2943078511784767,31,218,1921,20
anom_swh_max_swan > t1 AND anom_swh_p80_deseasonalized_detrended > t2,and_2,6,0.26938832772166105,0.30069541344389217,0.7691468253968253,0.9082191780821917,0.21294683045766208,0.3359589773225077,0.30177583262366575,0.0727705478646215,0.06666666666666667,0.6,1.2650437768851577,30,180,1959,21
anom_swh_max_swan > t1 AND anom_swh_median > t2,and_2,6,0.27313022700119477,0.29856902356902354,0.6461309523809523,0.9360730593607306,0.20154045266659518,0.32358679532299217,0.3174653707435115,0.03358446712545967,0.05555555555555555,0.5806451612903226,1.3552062039218653,27,116,2023,24
anom_swh_p75_deseasonalized_detrended_max_2d > t1 AND anom_swh_p75_deseasonalized_detrended > t2,and_2,6,0.2366065548918936,0.20349025974025972,0.6699404761904763,0.9164383561643836,0.19782823777952904,0.21227535411832754,0.3287555018378584,0.03900623293197679,0.0425531914893617,0.5625,1.1960140854183545,29,161,1978,22
anom_swh_p75_deseasonalized_detrended_max_2d > t1 AND anom_swh_max_swan > t2,and_2,6,0.2660586193194889,0.286071240090239,0.6580357142857143,0.9305936073059361,0.19693049625499168,0.31342606975703935,0.3218413905465458,0.03662089069545829,0.044444444444444446,0.5454545454545454,1.351021164105663,28,129,2010,23
anom_swh_p75_deseasonalized_detrended_max_2d > t1 OR anom_swh_max_swan > t2,or_2,6,0.209351482257941,0.15767192174959166,0.8032738095238096,0.8648401826484018,0.1750330990792932,0.15930134522362405,0.2606174396120336,0.08244102239944986,0.046511627906976744,0.47368421052631576,1.196061129569396,33,278,1861,18
anom_swh_p75_deseasonalized_detrended_max_2d > t1 AND anom_swh_p80_swan > t2,and_2,6,0.26915135169708343,0.26676691729323304,0.6580357142857143,0.9319634703196348,0.2083724135915981,0.27331334038797384,0.3218413905465458,0.03518886305448775,0.04878048780487805,0.6,1.291677988366631,28,126,2013,23
anom_swh_p75_deseasonalized_detrended_max_2d > t1 OR anom_swh_p80_swan > t2,or_2,6,0.20984211866564806,0.1650505102837484,0.7366071428571429,0.8771689497716895,0.18466291503867868,0.17806043965858168,0.2649962964486849,0.0662632442553988,0.045454545454545456,0.5142857142857142,1.1363460945886243,31,249,1890,20
anom_swh_p75_deseasonalized_detrended_max_2d > t1 AND anom_swh_p80_deseasonalized_detrended > t2,and_2,6,0.2345267821560925,0.19903870770806256,0.6699404761904763,0.9164383561643836,0.1972978614469983,0.2094693761626598,0.3287555018378584,0.03743512559429261,0.044444444444444446,0.5625,1.1886879652323539,29,161,1978,22
anom_swh_p75_deseasonalized_detrended_max_2d > t1 OR anom_swh_p80_deseasonalized_detrended > t2,or_2,6,0.19710492881946062,0.15025712568537794,0.8040674603174603,0.8511415525114155,0.17305032035763124,0.1578093526103577,0.28657123882974406,0.08733955524733639,0.04081632653061224,0.47368421052631576,1.1389969658256276,33,308,1831,18
anom_swh_p75_deseasonalized_detrended_max_2d > t1 AND anom_swh_median > t2,and_2,6,0.27833928254980883,0.2725210454552191,0.6580357142857143,0.9392694063926941,0.20224031057481295,0.26889921874791844,0.3218413905465458,0.030281926267742926,0.06666666666666667,0.6,1.3762731350914865,28,110,2029,23
anom_swh_max_deseasonalized_detrended_mean_2d > t1 AND anom_swh_p75_deseasonalized_detrended > t2,and_2,6,0.23323671246450925,0.20867308841099164,0.7135912698412697,0.9054794520547945,0.18540888626718682,0.21175614955783306,0.28072539677379027,0.053959389245489896,0.05970149253731343,0.5294117647058824,1.2579518663228189,29,185,1954,22
anom_swh_max_deseasonalized_detrended_mean_2d > t1 AND anom_swh_max_swan > t2,and_2,6,0.2810823760932881,0.2897048513707268,0.7127976190476191,0.9251141552511415,0.19749772986772465,0.31710259624866266,0.25833436196854676,0.04939617885798139,0.06557377049180328,0.5294117647058824,1.4232110570105634,29,142,1997,22
anom_swh_max_deseasonalized_detrended_mean_2d > t1 AND anom_swh_p80_swan > t2,and_2,6,0.28436709357025475,0.3106477342710134,0.7016865079365079,0.9292237442922374,0.20391991261122022,0.32866813899624087,0.2785613593689629,0.04523176211189207,0.06896551724137931,0.6,1.3944969641853602,28,132,2007,23
anom_swh_max_deseasonalized_detrended_mean_2d > t1 AND anom_swh_p80_deseasonalized_detrended > t2,and_2,6,0.23068933861116525,0.2010752688172043,0.7135912698412697,0.9054794520547946,0.1841477750848669,0.20255050799732824,0.28072539677379027,0.05171482349058183,0.06153846153846154,0.5294117647058824,1.252733494995281,29,185,1954,22
anom_swh_max_deseasonalized_detrended_mean_2d > t1 AND anom_swh_median > t2,and_2,6,0.3053020282186949,0.3221987907145329,0.6572420634920635,0.9415525114155251,0.21430743413614323,0.33542286556112944,0.30233417726583334,0.03376279298324413,0.0625,0.6,1.4245917546331675,28,105,2034,23
anom_swh_max_deseasonalized_detrended_mean_2d > t1 OR anom_swh_median > t2,or_2,6,0.21444790525975055,0.16485138474911762,0.758829365079365,0.8721461187214611,0.18702738324876644,0.17212570648201195,0.2273280967820426,0.0640338310532759,0.041666666666666664,0.46153846153846156,1.1466062077567842,33,262,1877,18
anom_swh_max_deseasonalized > t1 AND anom_swh_p75_deseasonalized_detrended > t2,and_2,6,0.2446372592924317,0.2463096944463404,0.7483134920634921,0.910502283105023,0.17661068784505463,0.24926493622827028,0.32249831176645666,0.05322877096009321,0.05555555555555555,0.4827586206896552,1.3851702697448736,28,173,1966,23
anom_swh_max_deseasonalized > t1 AND anom_swh_max_swan > t2,and_2,6,0.26922742305069186,0.28531522855014096,0.7594246031746031,0.9191780821917809,0.1857712781810884,0.3144482401070485,0.3031534042181286,0.05232087726506217,0.06896551724137931,0.47619047619047616,1.449233576111138,29,155,1984,22
anom_swh_max_deseasonalized > t1 AND anom_swh_p80_swan > t2,and_2,6,0.2635385968050281,0.29920634920634925,0.6927579365079364,0.9228310502283105,0.18740336463420393,0.32153496181666774,0.29827081411450923,0.04837511109021411,0.06349206349206349,0.5,1.4062564514942393,27,145,1994,24
anom_swh_max_deseasonalized > t1 AND anom_swh_p80_deseasonalized_detrended > t2,and_2,6,0.2445826271955461,0.24628398367894166,0.7483134920634921,0.9105022831050228,0.17671980913724677,0.24929994703357836,0.32249831176645666,0.0523471721679176,0.05405405405405406,0.4827586206896552,1.38400581340478,28,173,1966,23
anom_swh_max_deseasonalized > t1 AND anom_swh_median > t2,and_2,6,0.2653679653679654,0.3011056534176453,0.625297619047619,0.9378995433789954,0.18334547152097933,0.31952229156797496,0.3279786211127632,0.02748843277313684,0.05714285714285714,0.5,1.4473579074991951,25,110,2029,26
anom_swh_max_deseasonalized_detrended > t1 AND anom_swh_p75_deseasonalized_detrended > t2,and_2,6,0.22598604425733224,0.20123994483176832,0.7810515873015874,0.8844748858447488,0.1860705035448294,0.20755077143494857,0.30396109833469054,0.07537815676006339,0.05128205128205128,0.5142857142857142,1.214511840620917,31,233,1906,20
anom_swh_max_deseasonalized_detrended > t1 AND anom_swh_max_swan > t2,and_2,6,0.27276802490002344,0.28722186310421605,0.7802579365079364,0.9073059360730594,0.2096860590067414,0.32658169305959295,0.28001771907680517,0.07086134228539048,0.06451612903225806,0.5454545454545454,1.3008338530383698,31,183,1956,20
anom_swh_max_deseasonalized_detrended > t1 AND anom_swh_p80_swan > t2,and_2,6,0.2661531279178338,0.27868752309050815,0.7135912698412697,0.9146118721461186,0.21246844197405024,0.298841650921446,0.28072539677379027,0.05747986122754627,0.05714285714285714,0.6,1.2526654442399305,29,165,1974,22
anom_swh_max_deseasonalized_detrended > t1 AND anom_swh_p80_deseasonalized_detrended > t2,and_2,6,0.22302346704785728,0.19331445558225743,0.7810515873015874,0.8844748858447488,0.18440926564932264,0.19779554073347086,0.30396109833469054,0.07130484597564835,0.05,0.5142857142857142,1.2093874831890437,31,233,1906,20
anom_swh_max_deseasonalized_detrended > t1 AND anom_swh_median > t2,and_2,6,0.2811861898555447,0.28864838864838865,0.6572420634920635,0.932876712328767,0.21777168351898127,0.3091721520150992,0.30233417726583334,0.03625352235687125,0.05555555555555555,0.6,1.2911912794197453,28,124,2015,23
swh_max_swan > t1 AND anom_swh_p75_deseasonalized_detrended > t2,and_2,6,0.24460212934012412,0.28018248288254793,0.6282738095238095,0.9333333333333332,0.1624858843119828,0.2930403616641165,0.3595008960689478,0.03169883930581426,0.0625,0.43478260869565216,1.5053653738013464,25,120,2019,26
swh_max_swan > t1 AND anom_swh_max_swan > t2,and_2,6,0.25710227272727276,0.2895411222959949,0.6274801587301587,0.936986301369863,0.17069611459783454,0.30308551019157687,0.339068522100646,0.030947991773025617,0.0625,0.45454545454545453,1.5061899161740977,25,112,2027,26
swh_max_swan > t1 AND anom_swh_p80_swan > t2,and_2,6,0.2526737015516819,0.32024447693307345,0.6163690476190476,0.9374429223744292,0.16578780463877157,0.3467304075022767,0.3514998133202525,0.02978205271072207,0.06451612903225806,0.43478260869565216,1.5240697470629527,24,110,2029,27
swh_max_swan > t1 AND anom_swh_p80_deseasonalized_detrended > t2,and_2,6,0.24328460628347062,0.27938883208889714,0.6282738095238095,0.9328767123287672,0.163127570076155,0.2936318061502021,0.3595008960689478,0.03141738340049237,0.0625,0.43478260869565216,1.491367245908522,25,121,2018,26
swh_max_swan > t1 OR anom_swh_p80_deseasonalized_detrended > t2,or_2,6,0.1980089947960608,0.1361660278708894,0.8493055555555555,0.8452054794520548,0.16383595265913534,0.12911160224059828,0.2336369552357928,0.07536487836003788,0.03571428571428571,0.4,1.2085734724816373,37,325,1814,14
swh_max_swan > t1 AND anom_swh_median > t2,and_2,6,0.27125987270914803,0.32974531507140203,0.6155753968253969,0.94337899543379,0.17195581261998846,0.35188633345293363,0.3336117919961483,0.029744223540927553,0.07407407407407407,0.47619047619047616,1.5774883738314678,24,97,2042,27
anom_swh_p80_deseasonalized_detrended_max_2d > t1 AND anom_swh_p75_deseasonalized_detrended > t2,and_2,6,0.23325615553131931,0.21665357929572107,0.6595238095238095,0.9187214611872146,0.17863862497805438,0.2178609771560866,0.3337922011672692,0.03706907699999521,0.045454545454545456,0.48484848484848486,1.3057358106297776,28,155,1984,23
anom_swh_p80_deseasonalized_detrended_max_2d > t1 OR anom_swh_p75_deseasonalized_detrended > t2,or_2,6,0.18887924925916635,0.14683993995304187,0.7929563492063493,0.839269406392694,0.17119859452106337,0.1569025798840222,0.30889597879879405,0.11163389036018596,0.041666666666666664,0.47368421052631576,1.103269255908943,32,333,1806,19
anom_swh_p80_deseasonalized_detrended_max_2d > t1 AND anom_swh_max_swan > t2,and_2,6,0.2558264652014652,0.27942501942501946,0.6476190476190476,0.9296803652968036,0.1851720777830057,0.30998447577961263,0.3265291950082623,0.034379650125888526,0.047619047619047616,0.5,1.38155323799961,27,130,2009,24
anom_swh_p80_deseasonalized_detrended_max_2d > t1 AND anom_swh_p80_swan > t2,and_2,6,0.265383974679327,0.2990144604850487,0.6476190476190476,0.9324200913242008,0.19757356530304787,0.3286952412530042,0.3265291950082623,0.03502851602637051,0.05128205128205128,0.5517241379310345,1.3432092044452701,27,124,2015,24
anom_swh_p80_deseasonalized_detrended_max_2d > t1 OR anom_swh_p80_swan > t2,or_2,6,0.2026226886218577,0.16153162377488436,0.7254960317460317,0.8789954337899544,0.17343526156105699,0.16563184185963647,0.28586315979193305,0.06592253747406462,0.047619047619047616,0.4864864864864865,1.1682833036073361,30,244,1895,21
anom_swh_p80_deseasonalized_detrended_max_2d > t1 AND anom_swh_p80_deseasonalized_detrended > t2,and_2,6,0.2306072698901063,0.2072667621541832,0.6595238095238095,0.9187214611872146,0.17686670298907142,0.2042204518133102,0.3337922011672692,0.035539080021782285,0.047619047619047616,0.48484848484848486,1.3038404750716721,28,155,1984,23
anom_swh_p80_deseasonalized_detrended_max_2d > t1 AND anom_swh_median > t2,and_2,6,0.27729260891692836,0.30657687824293595,0.6476190476190476,0.9406392694063926,0.19027320862104322,0.32322378601932583,0.3265291950082623,0.030393264834823148,0.06896551724137931,0.5517241379310345,1.4573315581051451,27,106,2033,24
swh_p75_deseasonalized_detrended_max_2d > t1 AND anom_swh_p75_deseasonalized_detrended > t2,and_2,6,0.24243591839078152,0.21100491161771362,0.7374007936507936,0.9031963470319635,0.20226760501628488,0.21696562614564185,0.2938186926163198,0.05859854908048406,0.05263157894736842,0.5625,1.1985840233152483,31,192,1947,20
swh_p75_deseasonalized_detrended_max_2d > t1 AND anom_swh_max_swan > t2,and_2,6,0.26698893698893694,0.28637055832433983,0.7135912698412697,0.9210045662100456,0.19473985364897414,0.3129320339892196,0.28072539677379027,0.05248321656984717,0.06060606060606061,0.5454545454545454,1.3709960287541514,29,151,1988,22
swh_p75_deseasonalized_detrended_max_2d > t1 AND anom_swh_p80_swan > t2,and_2,6,0.26971695817249985,0.26684060086358935,0.7135912698412697,0.9223744292237442,0.20666869583390274,0.2729848267911807,0.28072539677379027,0.04859957879689525,0.06557377049180328,0.6,1.3050629270256788,29,148,1991,22
swh_p75_deseasonalized_detrended_max_2d > t1 OR anom_swh_p80_swan > t2,or_2,6,0.21579139079139079,0.1673333616422682,0.7596230158730158,0.8666666666666667,0.19195163840921461,0.18046411627850542,0.25335067986470117,0.08218569231634835,0.038461538461538464,0.5142857142857142,1.1241908034176404,33,274,1865,18
swh_p75_deseasonalized_detrended_max_2d > t1 AND anom_swh_p80_deseasonalized_detrended > t2,and_2,6,0.2406538241945534,0.20601004526104227,0.7374007936507936,0.9045662100456622,0.20129028892719306,0.2129165400850422,0.2938186926163198,0.05347497922758135,0.056338028169014086,0.5625,1.1955501178274919,31,189,1950,20
swh_p75_deseasonalized_detrended_max_2d > t1 AND anom_swh_median > t2,and_2,6,0.28428034659918716,0.27788693918863094,0.6691468253968255,0.9356164383561644,0.21499886143214886,0.2844275843215509,0.3064084095992913,0.03203254115740059,0.05714285714285714,0.6,1.322235022411409,29,119,2020,22
"Majority of anom_swh_p75_deseasonalized_detrended, anom_swh_max_swan, anom_swh_p80_swan",majority_3,6,0.25795486870755685,0.2589098972922503,0.7691468253968253,0.9009132420091324,0.2103036567683232,0.2773266145034552,0.30177583262366575,0.07732469220934884,0.05714285714285714,0.6,1.226577065251229,30,196,1943,21
"Majority of anom_swh_p80_deseasonalized_detrended, anom_swh_median, swh_p80_deseasonalized_detrended",majority_3,6,0.2257416855631141,0.18838888818282276,0.7485119047619048,0.8894977168949771,0.1912129153015278,0.196043722243934,0.27297848783117346,0.05503145122797695,0.05,0.5142857142857142,1.180571430730546,32,223,1916,19
"Majority of anom_swh_p75_deseasonalized_detrended_max_2d, anom_swh_p25_deseasonalized_detrended, swh_p75_deseasonalized_detrended",majority_3,6,0.21941032712655098,0.17881784407271664,0.7366071428571429,0.8904109589041096,0.18340405852696193,0.18342820998889056,0.2649962964486849,0.05212684271353546,0.05,0.5,1.1963155699672046,31,220,1919,20
